id_mutation,date_mutation,numero_disposition,nature_mutation,valeur_fonciere,adresse_numero,adresse_suffixe,adresse_nom_voie,adresse_code_voie,code_postal,code_commune,nom_commune,code_departement,ancien_code_commune,ancien_nom_commune,id_parcelle,ancien_id_parcelle,numero_volume,lot1_numero,lot1_surface_carrez,lot2_numero,lot2_surface_carrez,lot3_numero,lot3_surface_carrez,lot4_numero,lot4_surface_carrez,lot5_numero,lot5_surface_carrez,nombre_lots,code_type_local,type_local,surface_reelle_bati,nombre_pieces_principales,code_nature_culture,nature_culture,code_nature_culture_speciale,nature_culture_speciale,surface_terrain,longitude,latitude
2022-1664127,2022-01-06,000001,Vente,390000,12,,RUE SAINT SEVERIN,8760,75005,75105,Paris 5e Arrondissement,75,,,75105000BP0041,,,5,33.61,,,,,,,,,1,2,Appartement,32,2,,,,,,2.34579,48.852465
2022-1664133,2022-01-04,000001,Vente,895200,9,,RUE DE QUATREFAGES,7911,75005,75105,Paris 5e Arrondissement,75,,,75105000AK0096,,,2,,46,68.07,,,,,,,2,2,Appartement,65,3,,,,,,2.353944,48.843273
2022-1664133,2022-01-04,000001,Vente,895200,9,,RUE DE QUATREFAGES,7911,75005,75105,Paris 5e Arrondissement,75,,,75105000AK0096,,,2,,46,68.07,,,,,,,2,3,Dépendance,,0,,,,,,2.353944,48.843273
2022-1664136,2022-01-04,000001,Vente,1045000,29,B,RUE MONGE,6432,75005,75105,Paris 5e Arrondissement,75,,,75105000AH0037,,,25,77.1,5,,,,,,,,2,2,Appartement,77,3,,,,,,2.351999,48.846595
2022-1664136,2022-01-04,000001,Vente,1045000,29,B,RUE MONGE,6432,75005,75105,Paris 5e Arrondissement,75,,,75105000AH0037,,,25,77.1,5,,,,,,,,2,3,Dépendance,,0,,,,,,2.351999,48.846595
2022-1664145,2022-01-07,000001,Vente,143000,34,,RUE MOUFFETARD,6581,75005,75105,Paris 5e Arrondissement,75,,,75105000AZ0048,,,13,9.97,,,,,,,,,1,2,Appartement,11,1,,,,,,2.349045,48.843931
2022-1664147,2022-01-06,000001,Vente,550000,145,,BD SAINT MICHEL,8705,75005,75105,Paris 5e Arrondissement,75,,,75105000BF0009,,,62,40.99,,,,,,,,,1,2,Appartement,41,3,,,,,,2.337856,48.840991
2022-1664164,2022-01-10,000001,Vente,827241,6,,RUE GEOFFROY ST HILAIRE,4108,75005,75105,Paris 5e Arrondissement,75,,,75105000AR0069,,,68,68.82,,,,,,,,,1,2,Appartement,71,4,,,,,,2.35709,48.839124
2022-1664164,2022-01-10,000001,Vente,827241,6,,RUE GEOFFROY ST HILAIRE,4108,75005,75105,Paris 5e Arrondissement,75,,,75105000AR0069,,,68,68.82,,,,,,,,,1,3,Dépendance,,0,,,,,,2.35709,48.839124
2022-1664175,2022-01-05,000001,Vente,705950,17,,RUE PASCAL,7076,75005,75105,Paris 5e Arrondissement,75,,,75105000AV0070,,,59,60.02,7,,,,,,,,2,2,Appartement,60,3,,,,,,2.349656,48.838012
2022-1664175,2022-01-05,000001,Vente,705950,17,,RUE PASCAL,7076,75005,75105,Paris 5e Arrondissement,75,,,75105000AV0070,,,59,60.02,7,,,,,,,,2,3,Dépendance,,0,,,,,,2.349656,48.838012
2022-1664180,2022-01-07,000001,Vente,367000,9,,RUE LARREY,5362,75005,75105,Paris 5e Arrondissement,75,,,75105000AL0100,,,48,26.95,,,,,,,,,1,3,Dépendance,,0,,,,,,2.353457,48.842
2022-1664180,2022-01-07,000001,Vente,367000,9,,RUE LARREY,5362,75005,75105,Paris 5e Arrondissement,75,,,75105000AL0100,,,48,26.95,,,,,,,,,1,2,Appartement,26,1,,,,,,2.353457,48.842
2022-1664209,2022-01-07,000001,Vente,235000,64,,BD SAINT GERMAIN,8619,75005,75105,Paris 5e Arrondissement,75,,,75105000BQ0095,,,212,15.81,,,,,,,,,1,2,Appartement,25,1,,,,,,2.347942,48.85053
2022-1664222,2022-01-12,000001,Vente,1220805,1,,RUE LAPLACE,5340,75005,75105,Paris 5e Arrondissement,75,,,75105000BL0073,,,11,,6,87.57,,,,,,,2,2,Appartement,89,3,,,,,,2.347904,48.847124
2022-1664228,2022-01-04,000001,Vente,490000,22,,RUE DES CARMES,1554,75005,75105,Paris 5e Arrondissement,75,,,75105000BM0033,,,7,35.76,,,,,,,,,1,2,Appartement,35,2,,,,,,2.34701,48.848661
2022-1664236,2022-01-07,000001,Vente,32000,35,,RUE PIERRE NICOLE,7467,75005,75105,Paris 5e Arrondissement,75,,,75105000BF0060,,,94,,,,,,,,,,1,3,Dépendance,,0,,,,,,2.339313,48.839933
2022-1664244,2022-01-06,000001,Vente,340000,18,,RUE XAVIER PRIVAS,9975,75005,75105,Paris 5e Arrondissement,75,,,75105000BP0081,,,16,30.14,,,,,,,,,1,2,Appartement,40,2,,,,,,2.34522,48.852686
2022-1664248,2022-01-03,000001,Vente,700000,24,,BD DE PORT-ROYAL,7740,75005,75105,Paris 5e Arrondissement,75,,,75105000AW0070,,,93,52.71,94,,95,4.39,,,,,3,3,Dépendance,,0,,,,,,2.348903,48.837377
2022-1664248,2022-01-03,000001,Vente,700000,24,,BD DE PORT-ROYAL,7740,75005,75105,Paris 5e Arrondissement,75,,,75105000AW0070,,,93,52.71,94,,95,4.39,,,,,3,2,Appartement,52,3,,,,,,2.348903,48.837377
2022-1664248,2022-01-03,000001,Vente,700000,24,,BD DE PORT-ROYAL,7740,75005,75105,Paris 5e Arrondissement,75,,,75105000AW0070,,,93,52.71,94,,95,4.39,,,,,3,3,Dépendance,,0,,,,,,2.348903,48.837377
2022-1664254,2022-01-05,000001,Vente,7000,17,,RUE DE LA HUCHETTE,4678,75005,75105,Paris 5e Arrondissement,75,,,75105000BP0055,,,12,,,,,,,,,,1,2,Appartement,21,1,,,,,,2.345669,48.852837
2022-1664254,2022-01-05,000001,Vente,7000,17,,RUE DE LA HUCHETTE,4678,75005,75105,Paris 5e Arrondissement,75,,,75105000BP0055,,,12,,,,,,,,,,1,3,Dépendance,,0,,,,,,2.345669,48.852837
2022-1664262,2022-01-03,000001,Vente,965000,31,,RUE CENSIER,1642,75005,75105,Paris 5e Arrondissement,75,,,75105000AU0078,,,366,62.68,37,,,,,,,,2,3,Dépendance,,0,,,,,,2.35264,48.839924
2022-1664262,2022-01-03,000001,Vente,965000,31,,RUE CENSIER,1642,75005,75105,Paris 5e Arrondissement,75,,,75105000AU0078,,,294,,,,,,,,,,1,3,Dépendance,,0,,,,,,2.35264,48.839924
2022-1664262,2022-01-03,000001,Vente,965000,31,,RUE CENSIER,1642,75005,75105,Paris 5e Arrondissement,75,,,75105000AU0078,,,366,62.68,37,,,,,,,,2,2,Appartement,63,3,,,,,,2.35264,48.839924
2022-1664262,2022-01-03,000001,Vente,965000,31,,RUE CENSIER,1642,75005,75105,Paris 5e Arrondissement,75,,,75105000AU0078,,,366,62.68,37,,,,,,,,2,3,Dépendance,,0,,,,,,2.35264,48.839924
2022-1664284,2022-01-10,000001,Vente,773200,6,,RUE DE L ESSAI,3368,75005,75105,Paris 5e Arrondissement,75,,,75105000AR0055,,,64,48.46,,,,,,,,,1,3,Dépendance,,0,,,,,,2.358551,48.839648
2022-1664284,2022-01-10,000001,Vente,773200,6,,RUE DE L ESSAI,3368,75005,75105,Paris 5e Arrondissement,75,,,75105000AR0055,,,64,48.46,,,,,,,,,1,2,Appartement,56,2,,,,,,2.358551,48.839648
2022-1664284,2022-01-10,000001,Vente,773200,6,,RUE DE L ESSAI,3368,75005,75105,Paris 5e Arrondissement,75,,,75105000AR0055,,,64,48.46,,,,,,,,,1,3,Dépendance,,0,,,,,,2.358551,48.839648
2022-1664337,2022-01-18,000001,Vente,357800,63,,RUE MONGE,6432,75005,75105,Paris 5e Arrondissement,75,,,75105000AJ0115,,,39,28.31,,,,,,,,,1,2,Appartement,22,1,,,,,,2.352699,48.844139
2022-1664404,2022-01-04,000001,Vente,500000,14,,RUE DES LYONNAIS,5868,75005,75105,Paris 5e Arrondissement,75,,,75105000AW0026,,,41,41.42,67,,,,,,,,2,3,Dépendance,,0,,,,,,2.347069,48.838438
2022-1664404,2022-01-04,000001,Vente,500000,14,,RUE DES LYONNAIS,5868,75005,75105,Paris 5e Arrondissement,75,,,75105000AW0026,,,41,41.42,67,,,,,,,,2,3,Dépendance,,0,,,,,,2.347069,48.838438
2022-1664404,2022-01-04,000001,Vente,500000,14,,RUE DES LYONNAIS,5868,75005,75105,Paris 5e Arrondissement,75,,,75105000AW0026,,,41,41.42,67,,,,,,,,2,2,Appartement,42,2,,,,,,2.347069,48.838438
2022-1664406,2022-01-06,000001,Vente,775000,6,,RUE GEOFFROY ST HILAIRE,4108,75005,75105,Paris 5e Arrondissement,75,,,75105000AR0069,,,95,59.05,,,,,,,,,1,2,Appartement,58,2,,,,,,2.35709,48.839124
2022-1664406,2022-01-06,000001,Vente,775000,6,,RUE GEOFFROY ST HILAIRE,4108,75005,75105,Paris 5e Arrondissement,75,,,75105000AR0069,,,95,59.05,,,,,,,,,1,3,Dépendance,,0,,,,,,2.35709,48.839124
2022-1664420,2022-01-17,000001,Vente,397200,8,,BD DE L HOPITAL,4649,75005,75105,Paris 5e Arrondissement,75,,,75105000AQ0023,,,131,,57,35.79,,,,,,,2,2,Appartement,35,2,,,,,,2.36314,48.842696
2022-1664420,2022-01-17,000001,Vente,397200,8,,BD DE L HOPITAL,4649,75005,75105,Paris 5e Arrondissement,75,,,75105000AQ0023,,,131,,57,35.79,,,,,,,2,3,Dépendance,,0,,,,,,2.36314,48.842696
2022-1664425,2022-01-21,000001,Vente,200000,8,,RUE DE LA HUCHETTE,4678,75005,75105,Paris 5e Arrondissement,75,,,75105000BP0018,,,5,24.03,,,,,,,,,1,2,Appartement,24,2,,,,,,2.346258,48.852938
2022-1664452,2022-01-19,000001,Vente,555000,7,,RUE SCIPION,8884,75005,75105,Paris 5e Arrondissement,75,,,75105000AS0016,,,28,50.17,,,,,,,,,1,2,Appartement,50,2,,,,,,2.353665,48.838097
2022-1664482,2022-01-11,000001,Vente,550000,2,,RUE DE MIRBEL,6383,75005,75105,Paris 5e Arrondissement,75,,,75105000AT0010,,,48,38.7,,,,,,,,,1,3,Dépendance,,0,,,,,,2.353193,48.840712
2022-1664482,2022-01-11,000001,Vente,550000,2,,RUE DE MIRBEL,6383,75005,75105,Paris 5e Arrondissement,75,,,75105000AT0010,,,48,38.7,,,,,,,,,1,2,Appartement,53,2,,,,,,2.353193,48.840712
2022-1664486,2022-01-18,000001,Vente,126865,19,,RUE DU VAL DE GRACE,9544,75005,75105,Paris 5e Arrondissement,75,,,75105000BF0017,,,15,,,,,,,,,,1,2,Appartement,11,1,,,,,,2.338567,48.841392
2022-1664524,2022-01-18,000001,Vente,227500,73,,RUE MOUFFETARD,6581,75005,75105,Paris 5e Arrondissement,75,,,75105000AL0006,,,102,14.27,,,,,,,,,1,2,Appartement,16,1,,,,,,2.350085,48.842221
2022-1664532,2022-01-21,000001,Vente,2863099,247,,RUE SAINT JACQUES,8648,75005,75105,Paris 5e Arrondissement,75,,,75105000BD0023,,,40,,,,,,,,,,1,3,Dépendance,,0,,,,,,2.341754,48.84245
2022-1664532,2022-01-21,000001,Vente,2863099,2,,RUE DU VAL DE GRACE,9544,75005,75105,Paris 5e Arrondissement,75,,,75105000BG0054,,,12,145.15,2,,,,,,,,2,3,Dépendance,,0,,,,,,2.340685,48.841066
2022-1664532,2022-01-21,000001,Vente,2863099,2,,RUE DU VAL DE GRACE,9544,75005,75105,Paris 5e Arrondissement,75,,,75105000BG0054,,,12,145.15,2,,,,,,,,2,2,Appartement,136,6,,,,,,2.340685,48.841066
2022-1664536,2022-01-20,000001,Vente,2610,25,,RUE JUSSIEU,5130,75005,75105,Paris 5e Arrondissement,75,,,75105000AH0012,,,55,,,,,,,,,,1,3,Dépendance,,0,,,,,,2.353959,48.846467
2022-1664547,2022-01-06,000001,Vente,690000,19,,RUE GAY-LUSSAC,3998,75005,75105,Paris 5e Arrondissement,75,,,75105000BH0053,,,6,,,,,,,,,,1,3,Dépendance,,0,,,,,,2.341739,48.845361
2022-1664547,2022-01-06,000001,Vente,690000,19,,RUE GAY-LUSSAC,3998,75005,75105,Paris 5e Arrondissement,75,,,75105000BH0053,,,6,,,,,,,,,,1,2,Appartement,56,3,,,,,,2.341739,48.845361
2022-1664592,2022-01-20,000001,Vente,245000,55,,RUE SAINT JACQUES,8648,75005,75105,Paris 5e Arrondissement,75,,,75105000BO0012,,,24,15.02,,,,,,,,,1,2,Appartement,14,1,,,,,,2.345788,48.850406
2022-1664629,2022-01-11,000001,Vente,410000,80,,RUE MONGE,6432,75005,75105,Paris 5e Arrondissement,75,,,75105000AK0042,,,19,30.81,20,30.81,21,30.81,,,,,3,2,Appartement,45,2,,,,,,2.351826,48.842282
2022-1664654,2022-01-11,000001,Vente,1250000,8,,RUE DE QUATREFAGES,7911,75005,75105,Paris 5e Arrondissement,75,,,75105000AK0107,,,12,104.18,,,,,,,,,1,2,Appartement,101,5,,,,,,2.354666,48.84292
2022-1664654,2022-01-11,000001,Vente,1250000,8,,RUE DE QUATREFAGES,7911,75005,75105,Paris 5e Arrondissement,75,,,75105000AK0107,,,44,,,,,,,,,,1,3,Dépendance,,0,,,,,,2.354666,48.84292
2022-1664659,2022-01-21,000001,Vente,560000,14,,RUE DOMAT,2886,75005,75105,Paris 5e Arrondissement,75,,,75105000BQ0117,,,23,,24,,61,,62,,,,4,2,Appartement,40,2,,,,,,2.34708,48.851077
2022-1664660,2022-01-21,000001,Vente,473166,30,,RUE DE POISSY,7566,75005,75105,Paris 5e Arrondissement,75,,,75105000AC0028,,,401,,402,42.3,,,,,,,2,4,Local industriel. commercial ou assimilé,72,0,,,,,,2.351686,48.84814
2022-1664698,2022-01-06,000001,Vente,907509,5,,RUE SAINT JACQUES,8648,75005,75105,Paris 5e Arrondissement,75,,,75105000BQ0029,,,3,65.39,,,,,,,,,1,2,Appartement,61,2,,,,,,2.346449,48.852003
2022-1664699,2022-01-21,000001,Vente,857142.9,22,,RUE LINNE,5696,75005,75105,Paris 5e Arrondissement,75,,,75105000AG0027,,,24,,25,,,,,,,,2,2,Appartement,80,4,,,,,,2.354949,48.845454
2022-1664699,2022-01-21,000001,Vente,857142.9,22,,RUE LINNE,5696,75005,75105,Paris 5e Arrondissement,75,,,75105000AG0027,,,24,,25,,,,,,,,2,3,Dépendance,,0,,,,,,2.354949,48.845454
2022-1664712,2022-01-12,000001,Vente,1390000,14,,RUE BROCA,1313,75005,75105,Paris 5e Arrondissement,75,,,75105000AW0118,,,364,,,,,,,,,,1,3,Dépendance,,0,,,,,,2.348187,48.838781
2022-1664712,2022-01-12,000001,Vente,1390000,14,,RUE BROCA,1313,75005,75105,Paris 5e Arrondissement,75,,,75105000AW0118,,,129,,159,,,,,,,,2,3,Dépendance,,0,,,,,,2.348187,48.838781
2022-1664712,2022-01-12,000001,Vente,1390000,14,,RUE BROCA,1313,75005,75105,Paris 5e Arrondissement,75,,,75105000AW0118,,,129,,159,,,,,,,,2,3,Dépendance,,0,,,,,,2.348187,48.838781
2022-1664712,2022-01-12,000001,Vente,1390000,14,,RUE BROCA,1313,75005,75105,Paris 5e Arrondissement,75,,,75105000AW0118,,,129,,159,,,,,,,,2,2,Appartement,84,3,,,,,,2.348187,48.838781
2022-1664721,2022-01-20,000001,Vente,150000,22,,BD DE L HOPITAL,4649,75005,75105,Paris 5e Arrondissement,75,,,75105000AQ0060,,,16,13.15,,,,,,,,,1,2,Appartement,14,1,,,,,,2.362449,48.841631
2022-1664744,2022-01-06,000001,Vente,235000,2,,RUE DESCARTES,2724,75005,75105,Paris 5e Arrondissement,75,,,75105000BL0074,,,22,14.59,,,,,,,,,1,2,Appartement,18,1,,,,,,2.348314,48.847173
2022-1664745,2022-01-17,000001,Vente,30000,95,,BD SAINT MICHEL,8705,75005,75105,Paris 5e Arrondissement,75,,,75105000BH0015,,,143,,,,,,,,,,1,3,Dépendance,,0,,,,,,2.340169,48.844431
2022-1664745,2022-01-17,000001,Vente,30000,95,,BD SAINT MICHEL,8705,75005,75105,Paris 5e Arrondissement,75,,,75105000BH0015,,,145,,,,,,,,,,1,3,Dépendance,,0,,,,,,2.340169,48.844431
2022-1664745,2022-01-17,000001,Vente,30000,95,,BD SAINT MICHEL,8705,75005,75105,Paris 5e Arrondissement,75,,,75105000BH0015,,,144,,,,,,,,,,1,3,Dépendance,,0,,,,,,2.340169,48.844431
2022-1664789,2022-01-03,000001,Vente,340000,7,,RUE CHAMPOLLION,1730,75005,75105,Paris 5e Arrondissement,75,,,75105000BN0027,,,16,,,,,,,,,,1,2,Appartement,29,2,,,,,,2.342998,48.84956
2022-1664805,2022-01-06,000001,Vente,268500,8,,RUE DES FOSSES ST JACQUES,3749,75005,75105,Paris 5e Arrondissement,75,,,75105000BI0048,,,12,15,,,,,,,,,1,2,Appartement,12,1,,,,,,2.343819,48.845741
2022-1664806,2022-01-13,000001,Vente,489000,19,,RUE LINNE,5696,75005,75105,Paris 5e Arrondissement,75,,,75105000AG0021,,,4,79.02,,,,,,,,,1,4,Local industriel. commercial ou assimilé,60,0,,,,,,2.354438,48.844918
2022-1664809,2022-01-14,000001,Vente,30000,9,,RUE LAROMIGUIERE,5360,75005,75105,Paris 5e Arrondissement,75,,,75105000AZ0027,,,203,,,,,,,,,,1,3,Dépendance,,0,,,,,,2.347325,48.843748
2022-1664820,2022-01-12,000001,Vente,425000,13,,AV DES GOBELINS,4209,75005,75105,Paris 5e Arrondissement,75,,,75105000AV0018,,,29,33.91,,,,,,,,,1,2,Appartement,33,2,,,,,,2.351868,48.837755
2022-1664820,2022-01-12,000001,Vente,425000,13,,AV DES GOBELINS,4209,75005,75105,Paris 5e Arrondissement,75,,,75105000AV0018,,,29,33.91,,,,,,,,,1,3,Dépendance,,0,,,,,,2.351868,48.837755
2022-1664864,2022-01-11,000001,Vente,1740000,25,B,RUE POLIVEAU,7576,75005,75105,Paris 5e Arrondissement,75,,,75105000AR0140,,,117,115.08,130,,,,,,,,2,3,Dépendance,,0,,,,,,2.35922,48.839881
2022-1664864,2022-01-11,000001,Vente,1740000,25,B,RUE POLIVEAU,7576,75005,75105,Paris 5e Arrondissement,75,,,75105000AR0140,,,117,115.08,130,,,,,,,,2,2,Appartement,117,4,,,,,,2.35922,48.839881
2022-1664865,2022-01-24,000001,Vente,270000,34,,RUE GEOFFROY ST HILAIRE,4108,75005,75105,Paris 5e Arrondissement,75,,,75105000AM0021,,,2,23.89,,,,,,,,,1,4,Local industriel. commercial ou assimilé,25,0,,,,,,2.356337,48.840979
2022-1664869,2022-01-03,000001,Vente,185000,3,,RUE NICOLAS HOUEL,6761,75005,75105,Paris 5e Arrondissement,75,,,75105000AQ0033,,,33,,9,34.8,,,,,,,2,2,Appartement,36,2,,,,,,2.362185,48.842014
2022-1664869,2022-01-03,000001,Vente,185000,3,,RUE NICOLAS HOUEL,6761,75005,75105,Paris 5e Arrondissement,75,,,75105000AQ0033,,,33,,9,34.8,,,,,,,2,3,Dépendance,,0,,,,,,2.362185,48.842014
2022-1664905,2022-01-19,000001,Vente,2500000,48,,RUE DES ECOLES,3098,75005,75105,Paris 5e Arrondissement,75,,,75105000BO0077,,,26,,,,,,,,,,1,3,Dépendance,,0,,,,,,2.345482,48.849631
2022-1664905,2022-01-19,000001,Vente,2500000,48,,RUE DES ECOLES,3098,75005,75105,Paris 5e Arrondissement,75,,,75105000BO0077,,,21,,33,,,,,,,,2,2,Appartement,150,5,,,,,,2.345482,48.849631
2022-1664910,2022-01-20,000001,Vente,956730,5,,PL DE LA SORBONNE,9032,75005,75105,Paris 5e Arrondissement,75,,,75105000BN0045,,,20,,,,,,,,,,1,2,Appartement,62,2,,,,,,2.342087,48.848439
2022-1664910,2022-01-20,000001,Vente,956730,5,,PL DE LA SORBONNE,9032,75005,75105,Paris 5e Arrondissement,75,,,75105000BN0045,,,20,,,,,,,,,,1,3,Dépendance,,0,,,,,,2.342087,48.848439
2022-1664918,2022-01-05,000001,Vente,500000,32,,RUE PIERRE NICOLE,7467,75005,75105,Paris 5e Arrondissement,75,,,75105000BF0042,,,1,,50,,,,,,,,2,4,Local industriel. commercial ou assimilé,40,0,,,,,,2.33894,48.84051
2022-1664947,2022-01-26,000001,Vente,5907,25,B,RUE POLIVEAU,7576,75005,75105,Paris 5e Arrondissement,75,,,75105000AR0140,,,159,,,,,,,,,,1,3,Dépendance,,0,,,,,,2.35922,48.839881
2022-1664951,2022-02-01,000001,Vente,455000,3,,RUE DOLOMIEU,2884,75005,75105,Paris 5e Arrondissement,75,,,75105000AK0047,,,10,53.37,,,,,,,,,1,2,Appartement,54,3,,,,,,2.352351,48.842577
2022-1664951,2022-02-01,000001,Vente,455000,3,,RUE DOLOMIEU,2884,75005,75105,Paris 5e Arrondissement,75,,,75105000AK0047,,,10,53.37,,,,,,,,,1,3,Dépendance,,0,,,,,,2.352351,48.842577
2022-1664969,2022-01-03,000001,Vente,620000,6,,RUE ROLLIN,8329,75005,75105,Paris 5e Arrondissement,75,,,75105000AJ0045,,,7,,,,,,,,,,1,2,Appartement,57,3,,,,,,2.351664,48.844847
2022-1664969,2022-01-03,000001,Vente,620000,6,,RUE ROLLIN,8329,75005,75105,Paris 5e Arrondissement,75,,,75105000AJ0045,,,7,,,,,,,,,,1,3,Dépendance,,0,,,,,,2.351664,48.844847
2022-1664970,2022-01-25,000001,Vente,8350,4,,RUE SCIPION,8884,75005,75105,Paris 5e Arrondissement,75,,,75105000AS0012,,,202,,,,,,,,,,1,2,Appartement,38,2,,,,,,2.354445,48.838115
2022-1664970,2022-01-25,000001,Vente,8350,4,,RUE SCIPION,8884,75005,75105,Paris 5e Arrondissement,75,,,75105000AS0012,,,202,,,,,,,,,,1,3,Dépendance,,0,,,,,,2.354445,48.838115
2022-1665000,2022-01-17,000001,Vente,786000,27,,RUE SAINT JACQUES,8648,75005,75105,Paris 5e Arrondissement,75,,,75105000BQ0004,,,45,62.86,47,,,,,,,,2,2,Appartement,69,3,,,,,,2.346131,48.851338
2022-1665013,2022-01-28,000001,Vente,350050,320,,RUE SAINT JACQUES,8648,75005,75105,Paris 5e Arrondissement,75,,,75105000BF0074,,,12,27.54,58,,,,,,,,2,4,Local industriel. commercial ou assimilé,27,0,,,,,,2.340232,48.840319
2022-1665022,2022-01-26,000001,Vente,495000,53,,RUE GEOFFROY ST HILAIRE,4108,75005,75105,Paris 5e Arrondissement,75,,,75105000AK0108,,,24,,50,45.53,,,,,,,2,2,Appartement,60,2,,,,,,2.354934,48.842988
2022-1665022,2022-01-26,000001,Vente,495000,53,,RUE GEOFFROY ST HILAIRE,4108,75005,75105,Paris 5e Arrondissement,75,,,75105000AK0108,,,24,,50,45.53,,,,,,,2,3,Dépendance,,0,,,,,,2.354934,48.842988
2022-1665061,2022-01-19,000001,Vente,340000,7,,RUE LHOMOND,5648,75005,75105,Paris 5e Arrondissement,75,,,75105000AZ0004,,,37,28.72,,,,,,,,,1,2,Appartement,28,1,,,,,,2.345735,48.844427
2022-1665063,2022-01-20,000001,Vente,31000,9,,RUE LAROMIGUIERE,5360,75005,75105,Paris 5e Arrondissement,75,,,75105000AZ0027,,,201,,,,,,,,,,1,3,Dépendance,,0,,,,,,2.347325,48.843748
2022-1665086,2022-01-28,000001,Vente,225000,28,,RUE DES ECOLES,3098,75005,75105,Paris 5e Arrondissement,75,,,75105000BO0044,,,21,11.78,,,,,,,,,1,3,Dépendance,,0,,,,,,2.347734,48.848995
2022-1665098,2022-01-24,000001,Vente,780000,43,,BD SAINT GERMAIN,8619,75005,75105,Paris 5e Arrondissement,75,,,75105000AC0006,,,39,,4,63.51,,,,,,,2,3,Dépendance,,0,,,,,,2.349841,48.849458
2022-1665098,2022-01-24,000001,Vente,780000,43,,BD SAINT GERMAIN,8619,75005,75105,Paris 5e Arrondissement,75,,,75105000AC0006,,,39,,4,63.51,,,,,,,2,2,Appartement,54,3,,,,,,2.349841,48.849458
2022-1665113,2022-01-31,000001,Vente,396600,92,,BD SAINT MARCEL,8690,75005,75105,Paris 5e Arrondissement,75,,,75105000AV0029,,,18,30.04,20,,40,,,,,,3,3,Dépendance,,0,,,,,,2.352106,48.83719
2022-1665113,2022-01-31,000001,Vente,396600,92,,BD SAINT MARCEL,8690,75005,75105,Paris 5e Arrondissement,75,,,75105000AV0029,,,18,30.04,20,,40,,,,,,3,2,Appartement,30,1,,,,,,2.352106,48.83719
2022-1665139,2022-01-20,000001,Vente,139000,34,,RUE GAY-LUSSAC,3998,75005,75105,Paris 5e Arrondissement,75,,,75105000BH0032,,,15,10.31,,,,,,,,,1,2,Appartement,11,1,,,,,,2.341515,48.844394
2022-1665145,2022-01-28,000001,Vente,32000,9,,RUE LAROMIGUIERE,5360,75005,75105,Paris 5e Arrondissement,75,,,75105000AZ0027,,,204,,,,,,,,,,1,3,Dépendance,,0,,,,,,2.347325,48.843748
2022-1665169,2022-01-21,000001,Vente,400000,8,,BD DE L HOPITAL,4649,75005,75105,Paris 5e Arrondissement,75,,,75105000AQ0023,,,109,38.24,199,,,,,,,,2,2,Appartement,37,2,,,,,,2.36314,48.842696
2022-1665169,2022-01-21,000001,Vente,400000,8,,BD DE L HOPITAL,4649,75005,75105,Paris 5e Arrondissement,75,,,75105000AQ0023,,,109,38.24,199,,,,,,,,2,3,Dépendance,,0,,,,,,2.36314,48.842696
2022-1665177,2022-01-31,000001,Vente,36500,9,,RUE LAROMIGUIERE,5360,75005,75105,Paris 5e Arrondissement,75,,,75105000AZ0027,,,226,,,,,,,,,,1,3,Dépendance,,0,,,,,,2.347325,48.843748
2022-1665182,2022-01-24,000001,Vente,177000,39,,RUE LHOMOND,5648,75005,75105,Paris 5e Arrondissement,75,,,75105000AY0023,,,7,13.17,,,,,,,,,1,2,Appartement,11,1,,,,,,2.347641,48.842385
2022-1665194,2022-01-28,000001,Vente,1000,27,,RUE JEAN DE BEAUVAIS,4877,75005,75105,Paris 5e Arrondissement,75,,,75105000BM0041,,,32,,,,,,,,,,1,2,Appartement,34,1,,,,,,2.346616,48.848764
2022-1665219,2022-01-27,000001,Vente,42000,21,,RUE DE L ESTRAPADE,3377,75005,75105,Paris 5e Arrondissement,75,,,75105000AZ0002,,,28,,,,,,,,,,1,3,Dépendance,,0,,,,,,2.345887,48.844784
2022-1665225,2022-01-27,000001,Vente,2358000,2,,RUE D ULM,9517,75005,75105,Paris 5e Arrondissement,75,,,75105000BK0032,,,10,171.61,32,,33,,,,,,3,2,Appartement,167,5,,,,,,2.345592,48.8455
2022-1665225,2022-01-27,000001,Vente,2358000,2,,RUE D ULM,9517,75005,75105,Paris 5e Arrondissement,75,,,75105000BK0032,,,10,171.61,32,,33,,,,,,3,3,Dépendance,,0,,,,,,2.345592,48.8455
2022-1665249,2022-01-13,000001,Vente,802170,11,B,RUE DES CARMES,1554,75005,75105,Paris 5e Arrondissement,75,,,75105000BL0007,,,11,55.07,23,,,,,,,,2,3,Dépendance,,0,,,,,,2.347559,48.848553
2022-1665249,2022-01-13,000001,Vente,802170,11,B,RUE DES CARMES,1554,75005,75105,Paris 5e Arrondissement,75,,,75105000BL0007,,,11,55.07,23,,,,,,,,2,2,Appartement,55,2,,,,,,2.347559,48.848553
2022-1665267,2022-01-27,000001,Vente,815000,7,,RUE MAITRE ALBERT,5937,75005,75105,Paris 5e Arrondissement,75,,,75105000AB0048,,,45,,5,56.5,60,,,,,,3,2,Appartement,59,2,,,,,,2.350046,48.850754
2022-1665273,2022-01-24,000001,Vente,12000,11,,RUE DE LA CLEF,2094,75005,75105,Paris 5e Arrondissement,75,,,75105000AU0080,,,197,,,,,,,,,,1,3,Dépendance,,0,,,,,,2.353144,48.839709
2022-1665273,2022-01-24,000001,Vente,12000,11,,RUE DE LA CLEF,2094,75005,75105,Paris 5e Arrondissement,75,,,75105000AU0080,,,197,,,,,,,,,,1,2,Appartement,23,1,,,,,,2.353144,48.839709
2022-1665290,2022-01-25,000001,Vente,298000,35,,RUE DE LA CLEF,2094,75005,75105,Paris 5e Arrondissement,75,,,75105000AL0080,,,10,,7,22.32,,,,,,,2,3,Dépendance,,0,,,,,,2.352567,48.842112
2022-1665290,2022-01-25,000001,Vente,298000,35,,RUE DE LA CLEF,2094,75005,75105,Paris 5e Arrondissement,75,,,75105000AL0080,,,10,,7,22.32,,,,,,,2,2,Appartement,24,1,,,,,,2.352567,48.842112
2022-1665294,2022-01-20,000001,Vente,391765,42,,RUE DU CARDINAL LEMOINE,1545,75005,75105,Paris 5e Arrondissement,75,,,75105000AI0040,,,42,54,,,,,,,,,1,4,Local industriel. commercial ou assimilé,51,0,,,,,,2.351698,48.846981
2022-1665304,2022-01-26,000001,Vente,850000,7,,RUE DE PONTOISE,7621,75005,75105,Paris 5e Arrondissement,75,,,75105000AB0134,,,26,,9,59.83,,,,,,,2,2,Appartement,58,3,,,,,,2.352354,48.849963
2022-1665304,2022-01-26,000001,Vente,850000,7,,RUE DE PONTOISE,7621,75005,75105,Paris 5e Arrondissement,75,,,75105000AB0134,,,26,,9,59.83,,,,,,,2,3,Dépendance,,0,,,,,,2.352354,48.849963
2022-1665310,2022-01-31,000001,Vente,130000,26,,RUE PIERRE ET MARIE CURIE,7424,75005,75105,Paris 5e Arrondissement,75,,,75105000BI0063,,,19,,22,8.15,,,,,,,2,3,Dépendance,,0,,,,,,2.342689,48.845069
2022-1665319,2022-01-07,000001,Vente,1295000,6,,RUE THENARD,9235,75005,75105,Paris 5e Arrondissement,75,,,75105000BO0018,,,106,,,,,,,,,,1,3,Dépendance,,0,,,,,,2.345976,48.850242
2022-1665319,2022-01-07,000001,Vente,1295000,6,,RUE THENARD,9235,75005,75105,Paris 5e Arrondissement,75,,,75105000BO0018,,,106,,,,,,,,,,1,2,Appartement,78,3,,,,,,2.345976,48.850242
2022-1665322,2022-01-31,000001,Vente,22000,34,,BD DE L HOPITAL,4649,75005,75105,Paris 5e Arrondissement,75,,,75105000AQ0041,,,212,,,,,,,,,,1,3,Dépendance,,0,,,,,,2.361722,48.840699
2022-1665383,2022-02-01,000001,Vente,887500,6,,BD DE PORT-ROYAL,7740,75005,75105,Paris 5e Arrondissement,75,,,75105000AV0043,,,108,77.57,134,,,,,,,,2,3,Dépendance,,0,,,,,,2.350776,48.837229
2022-1665383,2022-02-01,000001,Vente,887500,6,,BD DE PORT-ROYAL,7740,75005,75105,Paris 5e Arrondissement,75,,,75105000AV0043,,,108,77.57,134,,,,,,,,2,2,Appartement,76,4,,,,,,2.350776,48.837229
2022-1665407,2022-02-02,000001,Vente,100000,44,,RUE DES ECOLES,3098,75005,75105,Paris 5e Arrondissement,75,,,75105000BO0061,,,19,,,,,,,,,,1,3,Dépendance,,0,,,,,,2.346027,48.849497
2022-1665431,2022-01-24,000001,Vente,154600,104,,RUE MOUFFETARD,6581,75005,75105,Paris 5e Arrondissement,75,,,75105000AY0132,,,13,15.46,,,,,,,,,1,2,Appartement,15,1,,,,,,2.349394,48.841069
2022-1665437,2022-02-01,000001,Vente,188120,20,,RUE XAVIER PRIVAS,9975,75005,75105,Paris 5e Arrondissement,75,,,75105000BP0082,,,4,,,,,,,,,,1,2,Appartement,20,1,,,,,,2.345115,48.852663
2022-1665452,2022-01-27,000001,Vente,915000,30,,BD SAINT MARCEL,8690,75005,75105,Paris 5e Arrondissement,75,,,75105000AR0093,,,16,68.31,35,,,,,,,,2,2,Appartement,57,3,,,,,,2.358836,48.839425
2022-1665452,2022-01-27,000001,Vente,915000,30,,BD SAINT MARCEL,8690,75005,75105,Paris 5e Arrondissement,75,,,75105000AR0093,,,16,68.31,35,,,,,,,,2,3,Dépendance,,0,,,,,,2.358836,48.839425
2022-1665489,2022-02-03,000001,Vente,401000,24,,BD DE PORT-ROYAL,7740,75005,75105,Paris 5e Arrondissement,75,,,75105000AW0070,,,55,34.39,,,,,,,,,1,2,Appartement,13,1,,,,,,2.348903,48.837377
2022-1665489,2022-02-03,000001,Vente,401000,24,,BD DE PORT-ROYAL,7740,75005,75105,Paris 5e Arrondissement,75,,,75105000AW0070,,,56,,57,,,,,,,,2,2,Appartement,11,1,,,,,,2.348903,48.837377
2022-1665495,2022-01-18,000001,Vente,258500,10,,RUE DES BOULANGERS,1156,75005,75105,Paris 5e Arrondissement,75,,,75105000AH0046,,,17,19.82,,,,,,,,,1,2,Appartement,20,1,,,,,,2.353699,48.845867
2022-1665495,2022-01-18,000001,Vente,258500,10,,RUE DES BOULANGERS,1156,75005,75105,Paris 5e Arrondissement,75,,,75105000AH0046,,,17,19.82,,,,,,,,,1,3,Dépendance,,0,,,,,,2.353699,48.845867
2022-1665562,2022-01-21,000001,Vente,290000,72,,RUE MOUFFETARD,6581,75005,75105,Paris 5e Arrondissement,75,,,75105000AY0046,,,1,33.2,151,5.56,201,,,,,,3,4,Local industriel. commercial ou assimilé,43,0,,,,,,2.349446,48.842564
2022-1665702,2022-01-14,000001,Vente,580000,2,B,RUE DES ANGLAIS,0346,75005,75105,Paris 5e Arrondissement,75,,,75105000BQ0103,,,20,,36,,,,,,,,2,2,Appartement,50,2,,,,,,2.347757,48.850982
2022-1665702,2022-01-14,000001,Vente,580000,2,B,RUE DES ANGLAIS,0346,75005,75105,Paris 5e Arrondissement,75,,,75105000BQ0103,,,20,,36,,,,,,,,2,3,Dépendance,,0,,,,,,2.347757,48.850982
2022-1665710,2022-01-21,000001,Vente,400000,4,,RUE DE VALENCE,9546,75005,75105,Paris 5e Arrondissement,75,,,75105000AV0079,,,52,36.55,,,,,,,,,1,2,Appartement,30,1,,,,,,2.35021,48.838334
2022-1665764,2022-01-28,000001,Vente,210000,38,B,RUE DU FER A MOULIN,3573,75005,75105,Paris 5e Arrondissement,75,,,75105000AU0045,,,40,19.54,8,,,,,,,,2,2,Appartement,20,1,,,,,,2.352421,48.839096
2022-1665764,2022-01-28,000001,Vente,210000,38,B,RUE DU FER A MOULIN,3573,75005,75105,Paris 5e Arrondissement,75,,,75105000AU0045,,,40,19.54,8,,,,,,,,2,3,Dépendance,,0,,,,,,2.352421,48.839096
2022-1665768,2022-02-09,000001,Vente,1582400,27,,QUAI DE LA TOURNELLE,9380,75005,75105,Paris 5e Arrondissement,75,,,75105000AB0152,,,21,100.37,,,,,,,,,1,3,Dépendance,,0,,,,,,2.353757,48.849926
2022-1665768,2022-02-09,000001,Vente,1582400,27,,QUAI DE LA TOURNELLE,9380,75005,75105,Paris 5e Arrondissement,75,,,75105000AB0152,,,21,100.37,,,,,,,,,1,2,Appartement,103,3,,,,,,2.353757,48.849926
2022-1665768,2022-02-09,000001,Vente,1582400,27,,QUAI DE LA TOURNELLE,9380,75005,75105,Paris 5e Arrondissement,75,,,75105000AB0152,,,99,,,,,,,,,,1,3,Dépendance,,0,,,,,,2.353757,48.849926
2022-1665773,2022-02-01,000001,Vente,685328,11,,RUE PIERRE NICOLE,7467,75005,75105,Paris 5e Arrondissement,75,,,75105000BG0048,,,3,,,,,,,,,,1,3,Dépendance,,0,,,,,,2.340588,48.841802
2022-1665773,2022-02-01,000001,Vente,685328,11,,RUE PIERRE NICOLE,7467,75005,75105,Paris 5e Arrondissement,75,,,75105000BG0048,,,3,,,,,,,,,,1,2,Appartement,60,2,,,,,,2.340588,48.841802
2022-1665799,2022-01-31,000001,Vente,280000,75,,RUE SAINT JACQUES,8648,75005,75105,Paris 5e Arrondissement,75,,,75105000BO0079,,,13,26.61,30,,,,,,,,2,3,Dépendance,,0,,,,,,2.345218,48.849714
2022-1665799,2022-01-31,000001,Vente,280000,75,,RUE SAINT JACQUES,8648,75005,75105,Paris 5e Arrondissement,75,,,75105000BO0079,,,13,26.61,30,,,,,,,,2,2,Appartement,22,1,,,,,,2.345218,48.849714
2022-1665804,2022-01-31,000001,Vente,100000,1,B,RUE DE L ARBALETE,0405,75005,75105,Paris 5e Arrondissement,75,,,75105000AU0003,,,2,8.8,,,,,,,,,1,3,Dépendance,,0,,,,,,2.35003,48.84037
2022-1665804,2022-01-31,000001,Vente,100000,1,B,RUE DE L ARBALETE,0405,75005,75105,Paris 5e Arrondissement,75,,,75105000AU0003,,,1,8.4,,,,,,,,,1,3,Dépendance,,0,,,,,,2.35003,48.84037
2022-1665828,2022-01-18,000001,Vente,912000,287,,RUE SAINT JACQUES,8648,75005,75105,Paris 5e Arrondissement,75,,,75105000BE0005,,,13,,9,67,,,,,,,2,2,Appartement,70,1,,,,,,2.340674,48.840067
2022-1665828,2022-01-18,000001,Vente,912000,287,,RUE SAINT JACQUES,8648,75005,75105,Paris 5e Arrondissement,75,,,75105000BE0005,,,13,,9,67,,,,,,,2,3,Dépendance,,0,,,,,,2.340674,48.840067
2022-1665834,2022-01-31,000001,Vente,1500000,37,,BD SAINT MICHEL,8705,75005,75105,Paris 5e Arrondissement,75,,,75105000BN0006,,,1,,,,,,,,,,1,4,Local industriel. commercial ou assimilé,164,0,,,,,,2.342544,48.849429
2022-1665897,2022-02-14,000001,Vente,780670,2,,SQ ADANSON,0052,75005,75105,Paris 5e Arrondissement,75,,,75105000AU0053,,,201,52.82,,,,,,,,,1,2,Appartement,51,2,,,,,,2.351482,48.839027
2022-1665898,2022-02-02,000001,Vente,1190477,19,,QUAI DE MONTEBELLO,6472,75005,75105,Paris 5e Arrondissement,75,,,75105000BQ0067,,,25,,9,69.02,,,,,,,2,2,Appartement,70,3,,,,,,2.348521,48.852046
2022-1665898,2022-02-02,000001,Vente,1190477,19,,QUAI DE MONTEBELLO,6472,75005,75105,Paris 5e Arrondissement,75,,,75105000BQ0067,,,25,,9,69.02,,,,,,,2,3,Dépendance,,0,,,,,,2.348521,48.852046
2022-1665922,2022-01-28,000001,Vente,254650,12,,RUE DE QUATREFAGES,7911,75005,75105,Paris 5e Arrondissement,75,,,75105000AK0105,,,80,24.64,,,,,,,,,1,2,Appartement,26,1,,,,,,2.354626,48.843192
2022-1665929,2022-01-07,000001,Vente,385000,2,,SQ ADANSON,0052,75005,75105,Paris 5e Arrondissement,75,,,75105000AU0053,,,245,,,,,,,,,,1,2,Appartement,33,1,,,,,,2.351482,48.839027
2022-1665968,2022-02-15,000001,Vente,970000,7,,RUE FUSTEL DE COULANGES,3890,75005,75105,Paris 5e Arrondissement,75,,,75105000BF0065,,,22,,60,74.18,,,,,,,2,3,Dépendance,,0,,,,,,2.339558,48.839661
2022-1665968,2022-02-15,000001,Vente,970000,7,,RUE FUSTEL DE COULANGES,3890,75005,75105,Paris 5e Arrondissement,75,,,75105000BF0065,,,1,,,,,,,,,,1,3,Dépendance,,0,,,,,,2.339558,48.839661
2022-1665968,2022-02-15,000001,Vente,970000,7,,RUE FUSTEL DE COULANGES,3890,75005,75105,Paris 5e Arrondissement,75,,,75105000BF0065,,,22,,60,74.18,,,,,,,2,2,Appartement,73,3,,,,,,2.339558,48.839661
2022-1665979,2022-02-16,000001,Vente,411000,7,,RUE DAUBENTON,2580,75005,75105,Paris 5e Arrondissement,75,,,75105000AT0023,,,3,42.2,,,,,,,,,1,2,Appartement,42,2,,,,,,2.355076,48.841284
2022-1665979,2022-02-16,000001,Vente,411000,7,,RUE DAUBENTON,2580,75005,75105,Paris 5e Arrondissement,75,,,75105000AT0023,,,3,42.2,,,,,,,,,1,3,Dépendance,,0,,,,,,2.355076,48.841284
2022-1666020,2022-01-27,000001,Vente,213000,39,,RUE DESCARTES,2724,75005,75105,Paris 5e Arrondissement,75,,,75105000AJ0008,,,86,16.44,,,,,,,,,1,2,Appartement,12,1,,,,,,2.349409,48.845474
2022-1666022,2022-01-18,000001,Vente,125000,9,,RUE DES BOULANGERS,1156,75005,75105,Paris 5e Arrondissement,75,,,75105000AJ0084,,,91,10.02,,,,,,,,,1,2,Appartement,11,1,,,,,,2.354023,48.84571
2022-1666040,2022-01-27,000001,Vente,210000,24,,RUE DES BERNARDINS,0896,75005,75105,Paris 5e Arrondissement,75,,,75105000AB0097,,,34,16.5,65,,,,,,,,2,3,Dépendance,,0,,,,,,2.350334,48.850139
2022-1666040,2022-01-27,000001,Vente,210000,24,,RUE DES BERNARDINS,0896,75005,75105,Paris 5e Arrondissement,75,,,75105000AB0097,,,34,16.5,65,,,,,,,,2,2,Appartement,19,1,,,,,,2.350334,48.850139
2022-1666047,2022-02-12,000001,Vente,300000,41,,RUE BUFFON,1371,75005,75105,Paris 5e Arrondissement,75,,,75105000AQ0001,,,28,,60,25.15,,,,,,,2,3,Dépendance,,0,,,,,,2.359623,48.841889
2022-1666047,2022-02-12,000001,Vente,300000,41,,RUE BUFFON,1371,75005,75105,Paris 5e Arrondissement,75,,,75105000AQ0001,,,28,,60,25.15,,,,,,,2,2,Appartement,25,2,,,,,,2.359623,48.841889
2022-1666066,2022-02-02,000001,Vente,251000,35,,RUE LINNE,5696,75005,75105,Paris 5e Arrondissement,75,,,75105000AJ0154,,,26,24.67,,,,,,,,,1,3,Dépendance,,0,,,,,,2.354222,48.845801
2022-1666066,2022-02-02,000001,Vente,251000,35,,RUE LINNE,5696,75005,75105,Paris 5e Arrondissement,75,,,75105000AJ0154,,,26,24.67,,,,,,,,,1,2,Appartement,25,1,,,,,,2.354222,48.845801
2022-1666082,2022-02-16,000001,Vente,305000,122,,RUE MOUFFETARD,6581,75005,75105,Paris 5e Arrondissement,75,,,75105000AX0064,,,107,,77,23.47,,,,,,,2,2,Appartement,25,1,,,,,,2.349436,48.840144
2022-1666082,2022-02-16,000001,Vente,305000,122,,RUE MOUFFETARD,6581,75005,75105,Paris 5e Arrondissement,75,,,75105000AX0064,,,107,,77,23.47,,,,,,,2,3,Dépendance,,0,,,,,,2.349436,48.840144
2022-1666116,2022-02-08,000001,Vente,150000,41,,RUE DES ECOLES,3098,75005,75105,Paris 5e Arrondissement,75,,,75105000BM0037,,,3,22.5,,,,,,,,,1,4,Local industriel. commercial ou assimilé,22,0,,,,,,2.346992,48.848775
2022-1666143,2022-02-04,000001,Vente,320000,4,,RUE DES FOSSES ST MARCEL,3751,75005,75105,Paris 5e Arrondissement,75,,,75105000AS0035,,,101,,142,,,,,,,,2,4,Local industriel. commercial ou assimilé,24,0,,,,,,2.355925,48.839315
2022-1666167,2022-02-14,000001,Vente,480000,3,,RUE BLAINVILLE,1001,75005,75105,Paris 5e Arrondissement,75,,,75105000AZ0039,,,1,,27,,,,,,,,2,4,Local industriel. commercial ou assimilé,26,0,,,,,,2.349053,48.844417
2022-1666212,2022-02-18,000001,Vente,590000,52,,RUE MOUFFETARD,6581,75005,75105,Paris 5e Arrondissement,75,,,75105000AZ0087,,,77,,,,,,,,,,1,2,Appartement,36,1,,,,,,2.349199,48.843337
2022-1666212,2022-02-18,000001,Vente,590000,52,,RUE MOUFFETARD,6581,75005,75105,Paris 5e Arrondissement,75,,,75105000AZ0087,,,76,,,,,,,,,,1,2,Appartement,14,1,,,,,,2.349199,48.843337
2022-1666212,2022-02-18,000001,Vente,590000,52,,RUE MOUFFETARD,6581,75005,75105,Paris 5e Arrondissement,75,,,75105000AZ0087,,,77,,,,,,,,,,1,3,Dépendance,,0,,,,,,2.349199,48.843337
2022-1666212,2022-02-18,000001,Vente,590000,52,,RUE MOUFFETARD,6581,75005,75105,Paris 5e Arrondissement,75,,,75105000AZ0087,,,77,,,,,,,,,,1,3,Dépendance,,0,,,,,,2.349199,48.843337
2022-1666219,2022-02-08,000001,Vente,210000,36,,RUE DE LA MONTGN STE GENEVIEVE,6448,75005,75105,Paris 5e Arrondissement,75,,,75105000BL0022,,,41,13.95,82,,,,,,,,2,2,Appartement,10,1,,,,,,2.348193,48.848011
2022-1666236,2022-02-10,000001,Vente,1305504,123,,BD SAINT MICHEL,8705,75005,75105,Paris 5e Arrondissement,75,,,75105000BG0012,,,27,,8,131.48,9,131.48,,,,,3,2,Appartement,125,6,,,,,,2.338771,48.842761
2022-1666236,2022-02-10,000001,Vente,1305504,123,,BD SAINT MICHEL,8705,75005,75105,Paris 5e Arrondissement,75,,,75105000BG0012,,,27,,8,131.48,9,131.48,,,,,3,3,Dépendance,,0,,,,,,2.338771,48.842761
2022-1666236,2022-02-10,000001,Vente,1305504,123,,BD SAINT MICHEL,8705,75005,75105,Paris 5e Arrondissement,75,,,75105000BG0012,,,27,,8,131.48,9,131.48,,,,,3,3,Dépendance,,0,,,,,,2.338771,48.842761
2022-1666240,2022-02-15,000001,Vente,2400000,16,,RUE GAY-LUSSAC,3998,75005,75105,Paris 5e Arrondissement,75,,,75105000BH0042,,,19,164.37,2,,,,,,,,2,2,Appartement,168,6,,,,,,2.341145,48.845363
2022-1666240,2022-02-15,000001,Vente,2400000,16,,RUE GAY-LUSSAC,3998,75005,75105,Paris 5e Arrondissement,75,,,75105000BH0042,,,19,164.37,2,,,,,,,,2,3,Dépendance,,0,,,,,,2.341145,48.845363
2022-1666242,2022-01-26,000001,Vente,1050000,31,,RUE DESCARTES,2724,75005,75105,Paris 5e Arrondissement,75,,,75105000AJ0005,,,28,,8,61.29,,,,,,,2,2,Appartement,65,3,,,,,,2.349409,48.845694
2022-1666242,2022-01-26,000001,Vente,1050000,31,,RUE DESCARTES,2724,75005,75105,Paris 5e Arrondissement,75,,,75105000AJ0005,,,28,,8,61.29,,,,,,,2,3,Dépendance,,0,,,,,,2.349409,48.845694
2022-1666246,2022-02-18,000001,Vente,228000,38,,RUE DES BOULANGERS,1156,75005,75105,Paris 5e Arrondissement,75,,,75105000AH0033,,,53,,,,,,,,,,1,2,Appartement,15,1,,,,,,2.352361,48.846413
2022-1666264,2022-02-10,000001,Vente,2500000,3,,RUE GAY-LUSSAC,3998,75005,75105,Paris 5e Arrondissement,75,,,75105000BI0012,,,10,,,,,,,,,,1,3,Dépendance,,0,,,,,,2.34113,48.846728
2022-1666264,2022-02-10,000001,Vente,2500000,3,,RUE GAY-LUSSAC,3998,75005,75105,Paris 5e Arrondissement,75,,,75105000BI0012,,,30,,,,,,,,,,1,3,Dépendance,,0,,,,,,2.34113,48.846728
2022-1666264,2022-02-10,000001,Vente,2500000,3,,RUE GAY-LUSSAC,3998,75005,75105,Paris 5e Arrondissement,75,,,75105000BI0012,,,29,,,,,,,,,,1,3,Dépendance,,0,,,,,,2.34113,48.846728
2022-1666264,2022-02-10,000001,Vente,2500000,3,,RUE GAY-LUSSAC,3998,75005,75105,Paris 5e Arrondissement,75,,,75105000BI0012,,,20,,,,,,,,,,1,3,Dépendance,,0,,,,,,2.34113,48.846728
2022-1666264,2022-02-10,000001,Vente,2500000,3,,RUE GAY-LUSSAC,3998,75005,75105,Paris 5e Arrondissement,75,,,75105000BI0012,,,35,,,,,,,,,,1,3,Dépendance,,0,,,,,,2.34113,48.846728
2022-1666264,2022-02-10,000001,Vente,2500000,3,,RUE GAY-LUSSAC,3998,75005,75105,Paris 5e Arrondissement,75,,,75105000BI0012,,,21,,,,,,,,,,1,3,Dépendance,,0,,,,,,2.34113,48.846728
2022-1666264,2022-02-10,000001,Vente,2500000,3,,RUE GAY-LUSSAC,3998,75005,75105,Paris 5e Arrondissement,75,,,75105000BI0012,,,17,,,,,,,,,,1,3,Dépendance,,0,,,,,,2.34113,48.846728
2022-1666264,2022-02-10,000001,Vente,2500000,3,,RUE GAY-LUSSAC,3998,75005,75105,Paris 5e Arrondissement,75,,,75105000BI0012,,,19,,,,,,,,,,1,3,Dépendance,,0,,,,,,2.34113,48.846728
2022-1666264,2022-02-10,000001,Vente,2500000,3,,RUE GAY-LUSSAC,3998,75005,75105,Paris 5e Arrondissement,75,,,75105000BI0012,,,12,,,,,,,,,,1,3,Dépendance,,0,,,,,,2.34113,48.846728
2022-1666264,2022-02-10,000001,Vente,2500000,3,,RUE GAY-LUSSAC,3998,75005,75105,Paris 5e Arrondissement,75,,,75105000BI0012,,,16,,,,,,,,,,1,3,Dépendance,,0,,,,,,2.34113,48.846728
2022-1666264,2022-02-10,000001,Vente,2500000,3,,RUE GAY-LUSSAC,3998,75005,75105,Paris 5e Arrondissement,75,,,75105000BI0012,,,28,,,,,,,,,,1,3,Dépendance,,0,,,,,,2.34113,48.846728
2022-1666264,2022-02-10,000001,Vente,2500000,3,,RUE GAY-LUSSAC,3998,75005,75105,Paris 5e Arrondissement,75,,,75105000BI0012,,,26,,,,,,,,,,1,3,Dépendance,,0,,,,,,2.34113,48.846728
2022-1666264,2022-02-10,000001,Vente,2500000,3,,RUE GAY-LUSSAC,3998,75005,75105,Paris 5e Arrondissement,75,,,75105000BI0012,,,24,,,,,,,,,,1,3,Dépendance,,0,,,,,,2.34113,48.846728
2022-1666264,2022-02-10,000001,Vente,2500000,3,,RUE GAY-LUSSAC,3998,75005,75105,Paris 5e Arrondissement,75,,,75105000BI0012,,,25,,,,,,,,,,1,3,Dépendance,,0,,,,,,2.34113,48.846728
2022-1666264,2022-02-10,000001,Vente,2500000,3,,RUE GAY-LUSSAC,3998,75005,75105,Paris 5e Arrondissement,75,,,75105000BI0012,,,33,,5,,,,,,,,2,3,Dépendance,,0,,,,,,2.34113,48.846728
2022-1666264,2022-02-10,000001,Vente,2500000,3,,RUE GAY-LUSSAC,3998,75005,75105,Paris 5e Arrondissement,75,,,75105000BI0012,,,33,,5,,,,,,,,2,3,Dépendance,,0,,,,,,2.34113,48.846728
2022-1666264,2022-02-10,000001,Vente,2500000,3,,RUE GAY-LUSSAC,3998,75005,75105,Paris 5e Arrondissement,75,,,75105000BI0012,,,22,,,,,,,,,,1,3,Dépendance,,0,,,,,,2.34113,48.846728
2022-1666264,2022-02-10,000001,Vente,2500000,3,,RUE GAY-LUSSAC,3998,75005,75105,Paris 5e Arrondissement,75,,,75105000BI0012,,,11,,13,,14,,15,,18,,5,2,Appartement,74,3,,,,,,2.34113,48.846728
2022-1666264,2022-02-10,000001,Vente,2500000,3,,RUE GAY-LUSSAC,3998,75005,75105,Paris 5e Arrondissement,75,,,75105000BI0012,,,9,,,,,,,,,,1,2,Appartement,202,6,,,,,,2.34113,48.846728
2022-1666264,2022-02-10,000001,Vente,2500000,3,,RUE GAY-LUSSAC,3998,75005,75105,Paris 5e Arrondissement,75,,,75105000BI0012,,,39,,40,,,,,,,,2,4,Local industriel. commercial ou assimilé,211,0,,,,,,2.34113,48.846728
2022-1666264,2022-02-10,000001,Vente,2500000,3,,RUE GAY-LUSSAC,3998,75005,75105,Paris 5e Arrondissement,75,,,75105000BI0012,,,7,,,,,,,,,,1,2,Appartement,209,6,,,,,,2.34113,48.846728
2022-1666264,2022-02-10,000001,Vente,2500000,3,,RUE GAY-LUSSAC,3998,75005,75105,Paris 5e Arrondissement,75,,,75105000BI0012,,,34,,,,,,,,,,1,3,Dépendance,,0,,,,,,2.34113,48.846728
2022-1666264,2022-02-10,000001,Vente,2500000,3,,RUE GAY-LUSSAC,3998,75005,75105,Paris 5e Arrondissement,75,,,75105000BI0012,,,31,,,,,,,,,,1,3,Dépendance,,0,,,,,,2.34113,48.846728
2022-1666264,2022-02-10,000001,Vente,2500000,3,,RUE GAY-LUSSAC,3998,75005,75105,Paris 5e Arrondissement,75,,,75105000BI0012,,,33,,5,,,,,,,,2,2,Appartement,210,6,,,,,,2.34113,48.846728
2022-1666264,2022-02-10,000001,Vente,2500000,3,,RUE GAY-LUSSAC,3998,75005,75105,Paris 5e Arrondissement,75,,,75105000BI0012,,,4,,,,,,,,,,1,3,Dépendance,,0,,,,,,2.34113,48.846728
2022-1666264,2022-02-10,000001,Vente,2500000,3,,RUE GAY-LUSSAC,3998,75005,75105,Paris 5e Arrondissement,75,,,75105000BI0012,,,23,,27,,36,,37,,6,,5,4,Local industriel. commercial ou assimilé,219,0,,,,,,2.34113,48.846728
2022-1666264,2022-02-10,000001,Vente,2500000,3,,RUE GAY-LUSSAC,3998,75005,75105,Paris 5e Arrondissement,75,,,75105000BI0012,,,1,,3,,,,,,,,2,4,Local industriel. commercial ou assimilé,96,0,,,,,,2.34113,48.846728
2022-1666264,2022-02-10,000001,Vente,2500000,3,,RUE GAY-LUSSAC,3998,75005,75105,Paris 5e Arrondissement,75,,,75105000BI0012,,,2,,38,,,,,,,,2,4,Local industriel. commercial ou assimilé,124,0,,,,,,2.34113,48.846728
2022-1666290,2022-01-31,000001,Vente,157000,25,,RUE LACEPEDE,5220,75005,75105,Paris 5e Arrondissement,75,,,75105000AK0033,,,151,12.51,,,,,,,,,1,2,Appartement,10,1,,,,,,2.351876,48.843649
2022-1666298,2022-02-16,000001,Vente,76000,9,,RUE LAROMIGUIERE,5360,75005,75105,Paris 5e Arrondissement,75,,,75105000AZ0027,,,196,,,,,,,,,,1,3,Dépendance,,0,,,,,,2.347325,48.843748
2022-1666298,2022-02-16,000001,Vente,76000,9,,RUE LAROMIGUIERE,5360,75005,75105,Paris 5e Arrondissement,75,,,75105000AZ0027,,,198,,,,,,,,,,1,3,Dépendance,,0,,,,,,2.347325,48.843748
2022-1666298,2022-02-16,000001,Vente,76000,9,,RUE LAROMIGUIERE,5360,75005,75105,Paris 5e Arrondissement,75,,,75105000AZ0027,,,197,,,,,,,,,,1,3,Dépendance,,0,,,,,,2.347325,48.843748
2022-1666320,2022-02-08,000001,Vente,230000,11,,RUE DU SOMMERARD,3053,75005,75105,Paris 5e Arrondissement,75,,,75105000BO0067,,,1,55.95,,,,,,,,,1,4,Local industriel. commercial ou assimilé,36,0,,,,,,2.346623,48.849783
2022-1666328,2022-02-10,000001,Vente,469000,26,,RUE DAUBENTON,2580,75005,75105,Paris 5e Arrondissement,75,,,75105000AL0091,,,33,29.8,,,,,,,,,1,2,Appartement,35,2,,,,,,2.353248,48.841523
2022-1666328,2022-02-10,000001,Vente,469000,26,,RUE DAUBENTON,2580,75005,75105,Paris 5e Arrondissement,75,,,75105000AL0091,,,33,29.8,,,,,,,,,1,3,Dépendance,,0,,,,,,2.353248,48.841523
2022-1666328,2022-02-10,000001,Vente,469000,26,,RUE DAUBENTON,2580,75005,75105,Paris 5e Arrondissement,75,,,75105000AL0091,,,98,,,,,,,,,,1,3,Dépendance,,0,,,,,,2.353248,48.841523
2022-1666351,2022-02-17,000001,Vente,1560000,4,,RUE DES FOSSES ST JACQUES,3749,75005,75105,Paris 5e Arrondissement,75,,,75105000BI0046,,,39,49.92,,,,,,,,,1,4,Local industriel. commercial ou assimilé,51,0,,,,,,2.343404,48.845854
2022-1666351,2022-02-17,000001,Vente,1560000,4,,RUE DES FOSSES ST JACQUES,3749,75005,75105,Paris 5e Arrondissement,75,,,75105000BI0046,,,34,,45,106.65,47,,,,,,3,4,Local industriel. commercial ou assimilé,127,0,,,,,,2.343404,48.845854
2022-1666399,2022-02-04,000001,Vente,485000,26,,RUE DES FOSSES ST BERNARD,3747,75005,75105,Paris 5e Arrondissement,75,,,75105000AD0034,,,121,38.93,,,,,,,,,1,2,Appartement,45,3,,,,,,2.354102,48.84851
2022-1666412,2022-02-15,000001,Vente,1330000,112,,RUE MONGE,6432,75005,75105,Paris 5e Arrondissement,75,,,75105000AU0070,,,36,,42,,6,100.26,7,,8,,5,3,Dépendance,,0,,,,,,2.350733,48.839285
2022-1666412,2022-02-15,000001,Vente,1330000,112,,RUE MONGE,6432,75005,75105,Paris 5e Arrondissement,75,,,75105000AU0070,,,36,,42,,6,100.26,7,,8,,5,2,Appartement,100,6,,,,,,2.350733,48.839285
2022-1666431,2022-02-01,000001,Vente,710000,33,,RUE GAY-LUSSAC,3998,75005,75105,Paris 5e Arrondissement,75,,,75105000BC0014,,,2,78.11,,,,,,,,,1,4,Local industriel. commercial ou assimilé,87,0,,,,,,2.342441,48.843992
2022-1666431,2022-02-01,000001,Vente,710000,33,,RUE GAY-LUSSAC,3998,75005,75105,Paris 5e Arrondissement,75,,,75105000BC0014,,,3,78.11,,,,,,,,,1,2,Appartement,49,2,,,,,,2.342441,48.843992
2022-1666435,2022-02-18,000001,Vente,385000,6,,RUE ORTOLAN,6960,75005,75105,Paris 5e Arrondissement,75,,,75105000AK0025,,,2,34.17,,,,,,,,,1,3,Dépendance,,0,,,,,,2.351083,48.843361
2022-1666435,2022-02-18,000001,Vente,385000,6,,RUE ORTOLAN,6960,75005,75105,Paris 5e Arrondissement,75,,,75105000AK0025,,,2,34.17,,,,,,,,,1,2,Appartement,32,2,,,,,,2.351083,48.843361
2022-1666441,2022-02-17,000001,Vente,382250,51,,RUE DE LA HARPE,4475,75005,75105,Paris 5e Arrondissement,75,,,75105000BP0134,,,15,28.91,,,,,,,,,1,2,Appartement,27,1,,,,,,2.344214,48.851456
2022-1666492,2022-02-02,000001,Vente,505000,1,,RUE DE MIRBEL,6383,75005,75105,Paris 5e Arrondissement,75,,,75105000AU0035,,,33,,4,,,,,,,,2,2,Appartement,36,2,,,,,,2.352396,48.840521
2022-1666492,2022-02-02,000001,Vente,505000,1,,RUE DE MIRBEL,6383,75005,75105,Paris 5e Arrondissement,75,,,75105000AU0035,,,33,,4,,,,,,,,2,3,Dépendance,,0,,,,,,2.352396,48.840521
2022-1666572,2022-02-04,000001,Vente,543150,1,,RUE VESALE,9719,75005,75105,Paris 5e Arrondissement,75,,,75105000AS0017,,,13,42.04,46,,,,,,,,2,2,Appartement,39,2,,,,,,2.353613,48.838191
2022-1666572,2022-02-04,000001,Vente,543150,1,,RUE VESALE,9719,75005,75105,Paris 5e Arrondissement,75,,,75105000AS0017,,,13,42.04,46,,,,,,,,2,3,Dépendance,,0,,,,,,2.353613,48.838191
2022-1666612,2022-02-23,000001,Vente,232000,59,,RUE DU CARDINAL LEMOINE,1545,75005,75105,Paris 5e Arrondissement,75,,,75105000AJ0023,,,22,17.93,,,,,,,,,1,2,Appartement,17,1,,,,,,2.351396,48.846156
2022-1666617,2022-02-28,000001,Vente,225000,17,,RUE DE LA HUCHETTE,4678,75005,75105,Paris 5e Arrondissement,75,,,75105000BP0055,,,32,18.66,,,,,,,,,1,2,Appartement,18,1,,,,,,2.345669,48.852837
2022-1666626,2022-02-23,000001,Vente,460000,15,,RUE LINNE,5696,75005,75105,Paris 5e Arrondissement,75,,,75105000AG0019,,,303,,331,43.92,,,,,,,2,2,Appartement,53,3,,,,,,2.354342,48.844678
2022-1666649,2022-02-07,000001,Vente,648400,11,,RUE DAUBENTON,2580,75005,75105,Paris 5e Arrondissement,75,,,75105000AT0021,,,218,,295,44,,,,,,,2,3,Dépendance,,0,,,,,,2.354436,48.841172
2022-1666649,2022-02-07,000001,Vente,648400,11,,RUE DAUBENTON,2580,75005,75105,Paris 5e Arrondissement,75,,,75105000AT0021,,,218,,295,44,,,,,,,2,2,Appartement,50,2,,,,,,2.354436,48.841172
2022-1666664,2022-02-11,000001,Vente,352000,4,,RUE BLAINVILLE,1001,75005,75105,Paris 5e Arrondissement,75,,,75105000BK0019,,,22,30.18,23,,,,,,,,2,2,Appartement,35,2,,,,,,2.348785,48.844599
2022-1666664,2022-02-11,000001,Vente,352000,4,,RUE BLAINVILLE,1001,75005,75105,Paris 5e Arrondissement,75,,,75105000BK0019,,,22,30.18,23,,,,,,,,2,3,Dépendance,,0,,,,,,2.348785,48.844599
2022-1666681,2022-02-15,000001,Vente,787000,24,,RUE GAY-LUSSAC,3998,75005,75105,Paris 5e Arrondissement,75,,,75105000BH0038,,,35,76.43,,,,,,,,,1,4,Local industriel. commercial ou assimilé,73,0,,,,,,2.341376,48.844894
2022-1666685,2022-02-04,000001,Vente,40000,16,,RUE PIERRE NICOLE,7467,75005,75105,Paris 5e Arrondissement,75,,,75105000BG0033,,,114,,,,,,,,,,1,3,Dépendance,,0,,,,,,2.33974,48.841464
2022-1666707,2022-02-10,000001,Vente,330000,36,,RUE DE LA MONTGN STE GENEVIEVE,6448,75005,75105,Paris 5e Arrondissement,75,,,75105000BL0022,,,57,27.47,,,,,,,,,1,2,Appartement,26,1,,,,,,2.348193,48.848011
2022-1666712,2022-02-02,000001,Vente,220000,107,,RUE MOUFFETARD,6581,75005,75105,Paris 5e Arrondissement,75,,,75105000AL0051,,,64,17.32,,,,,,,,,1,2,Appartement,11,1,,,,,,2.350105,48.840734
2022-1666714,2022-02-28,000001,Vente,90000,24,,RUE DE LA MONTGN STE GENEVIEVE,6448,75005,75105,Paris 5e Arrondissement,75,,,75105000BL0017,,,24,7.93,,,,,,,,,1,2,Appartement,7,1,,,,,,2.348159,48.8484
2022-1666720,2022-02-15,000001,Vente,2700000,262,,RUE SAINT JACQUES,8648,75005,75105,Paris 5e Arrondissement,75,,,75105000BG0063,,,3,,30,,39,,,,,,3,2,Appartement,214,7,,,,,,2.341017,48.842487
2022-1666720,2022-02-15,000001,Vente,2700000,262,,RUE SAINT JACQUES,8648,75005,75105,Paris 5e Arrondissement,75,,,75105000BG0063,,,3,,30,,39,,,,,,3,3,Dépendance,,0,,,,,,2.341017,48.842487
2022-1666762,2022-02-18,000001,Vente,317930,33,,RUE DE LA CLEF,2094,75005,75105,Paris 5e Arrondissement,75,,,75105000AL0079,,,26,,28,,,,,,,,2,2,Appartement,22,1,,,,,,2.352537,48.841958
2022-1666762,2022-02-18,000001,Vente,317930,33,,RUE DE LA CLEF,2094,75005,75105,Paris 5e Arrondissement,75,,,75105000AL0079,,,26,,28,,,,,,,,2,3,Dépendance,,0,,,,,,2.352537,48.841958
2022-1666768,2022-02-17,000001,Vente,470000,37,,RUE CLAUDE BERNARD,2069,75005,75105,Paris 5e Arrondissement,75,,,75105000AX0013,,,12,30.71,45,,,,,,,,2,3,Dépendance,,0,,,,,,2.346829,48.839794
2022-1666768,2022-02-17,000001,Vente,470000,37,,RUE CLAUDE BERNARD,2069,75005,75105,Paris 5e Arrondissement,75,,,75105000AX0013,,,12,30.71,45,,,,,,,,2,2,Appartement,31,2,,,,,,2.346829,48.839794
2022-1666771,2022-02-24,000001,Vente,3130000,8,,RUE LACEPEDE,5220,75005,75105,Paris 5e Arrondissement,75,,,75105000AG0006,,,22,137.25,30,,,,,,,,2,3,Dépendance,,0,,,,,,2.353947,48.843895
2022-1666771,2022-02-24,000001,Vente,3130000,8,,RUE LACEPEDE,5220,75005,75105,Paris 5e Arrondissement,75,,,75105000AG0006,,,22,137.25,30,,,,,,,,2,3,Dépendance,,0,,,,,,2.353947,48.843895
2022-1666771,2022-02-24,000001,Vente,3130000,8,,RUE LACEPEDE,5220,75005,75105,Paris 5e Arrondissement,75,,,75105000AG0006,,,21,137.25,28,,,,,,,,2,2,Appartement,56,4,,,,,,2.353947,48.843895
2022-1666771,2022-02-24,000001,Vente,3130000,8,,RUE LACEPEDE,5220,75005,75105,Paris 5e Arrondissement,75,,,75105000AG0006,,,22,137.25,30,,,,,,,,2,2,Appartement,84,3,,,,,,2.353947,48.843895
2022-1666786,2022-02-28,000001,Vente,1768000,6,,RUE TOURNEFORT,9376,75005,75105,Paris 5e Arrondissement,75,,,75105000AZ0032,,,14,,27,95.2,,,,,,,2,3,Dépendance,,0,,,,,,2.347881,48.844083
2022-1666786,2022-02-28,000001,Vente,1768000,6,,RUE TOURNEFORT,9376,75005,75105,Paris 5e Arrondissement,75,,,75105000AZ0032,,,14,,27,95.2,,,,,,,2,2,Appartement,88,3,,,,,,2.347881,48.844083
2022-1666789,2022-02-18,000001,Vente,393050,46,,RUE DE LA MONTGN STE GENEVIEVE,6448,75005,75105,Paris 5e Arrondissement,75,,,75105000BL0025,,,12,29.03,,,,,,,,,1,2,Appartement,32,1,,,,,,2.348239,48.847647
2022-1666801,2022-02-25,000001,Vente,237000,28,,RUE DES FOSSES ST BERNARD,3747,75005,75105,Paris 5e Arrondissement,75,,,75105000AD0037,,,6002,,,,,,,,,,1,2,Appartement,16,1,,,,,,2.353963,48.848397
2022-1666804,2022-02-25,000001,Vente,380000,4,,RUE DU PUITS DE L ERMITE,7887,75005,75105,Paris 5e Arrondissement,75,,,75105000AK0057,,,2,42.83,,,,,,,,,1,3,Dépendance,,0,,,,,,2.353208,48.842374
2022-1666804,2022-02-25,000001,Vente,380000,4,,RUE DU PUITS DE L ERMITE,7887,75005,75105,Paris 5e Arrondissement,75,,,75105000AK0057,,,2,42.83,,,,,,,,,1,2,Appartement,49,2,,,,,,2.353208,48.842374
2022-1666810,2022-02-25,000001,Vente,440000,12,,RUE ROLLIN,8329,75005,75105,Paris 5e Arrondissement,75,,,75105000AJ0042,,,22,30.98,,,,,,,,,1,3,Dépendance,,0,,,,,,2.350591,48.844842
2022-1666810,2022-02-25,000001,Vente,440000,12,,RUE ROLLIN,8329,75005,75105,Paris 5e Arrondissement,75,,,75105000AJ0042,,,22,30.98,,,,,,,,,1,2,Appartement,31,1,,,,,,2.350591,48.844842
2022-1666821,2022-02-23,000001,Vente,1658000,39,,RUE DE L ARBALETE,0405,75005,75105,Paris 5e Arrondissement,75,,,75105000AW0037,,,50,96.98,73,,,,,,,,2,3,Dépendance,,0,,,,,,2.347145,48.839106
2022-1666821,2022-02-23,000001,Vente,1658000,39,,RUE DE L ARBALETE,0405,75005,75105,Paris 5e Arrondissement,75,,,75105000AW0037,,,67,12.3,,,,,,,,,1,3,Dépendance,,0,,,,,,2.347145,48.839106
2022-1666821,2022-02-23,000001,Vente,1658000,39,,RUE DE L ARBALETE,0405,75005,75105,Paris 5e Arrondissement,75,,,75105000AW0037,,,50,96.98,73,,,,,,,,2,2,Appartement,90,4,,,,,,2.347145,48.839106
2022-1666833,2022-02-23,000001,Vente,1,21,,RUE ROLLIN,8329,75005,75105,Paris 5e Arrondissement,75,,,75105000AJ0143,,,105,,109,,84,,86,,,,4,4,Local industriel. commercial ou assimilé,220,0,,,,,,2.349996,48.844627
2022-1666836,2022-02-22,000001,Vente,638000,46,,RUE BROCA,1313,75005,75105,Paris 5e Arrondissement,75,,,75105000AW0080,,,15,,3,55.68,,,,,,,2,2,Appartement,56,3,,,,,,2.347095,48.837794
2022-1666836,2022-02-22,000001,Vente,638000,46,,RUE BROCA,1313,75005,75105,Paris 5e Arrondissement,75,,,75105000AW0080,,,15,,3,55.68,,,,,,,2,3,Dépendance,,0,,,,,,2.347095,48.837794
2022-1666836,2022-02-22,000001,Vente,638000,46,,RUE BROCA,1313,75005,75105,Paris 5e Arrondissement,75,,,75105000AW0080,,,30,,,,,,,,,,1,3,Dépendance,,0,,,,,,2.347095,48.837794
2022-1666855,2022-02-09,000001,Vente,170000,3,,RUE DU POT DE FER,7752,75005,75105,Paris 5e Arrondissement,75,,,75105000AY0037,,,6,12.21,,,,,,,,,1,2,Appartement,16,1,,,,,,2.349218,48.842966
2022-1666960,2022-02-23,000001,Vente,667500,122,,RUE MOUFFETARD,6581,75005,75105,Paris 5e Arrondissement,75,,,75105000AX0064,,,114,,171,50.34,,,,,,,2,3,Dépendance,,0,,,,,,2.349436,48.840144
2022-1666960,2022-02-23,000001,Vente,667500,122,,RUE MOUFFETARD,6581,75005,75105,Paris 5e Arrondissement,75,,,75105000AX0064,,,114,,171,50.34,,,,,,,2,2,Appartement,51,3,,,,,,2.349436,48.840144
2022-1667002,2022-02-28,000001,Vente,315000,9,,RUE DES FOSSES ST JACQUES,3749,75005,75105,Paris 5e Arrondissement,75,,,75105000BJ0038,,,17,,49,25.72,,,,,,,2,2,Appartement,21,1,,,,,,2.343991,48.846072
2022-1667002,2022-02-28,000001,Vente,315000,9,,RUE DES FOSSES ST JACQUES,3749,75005,75105,Paris 5e Arrondissement,75,,,75105000BJ0038,,,17,,49,25.72,,,,,,,2,3,Dépendance,,0,,,,,,2.343991,48.846072
2022-1667005,2022-02-25,000001,Vente,129000,8,,RUE DU PUITS DE L ERMITE,7887,75005,75105,Paris 5e Arrondissement,75,,,75105000AK0055,,,17,,,,,,,,,,1,3,Dépendance,,0,,,,,,2.352894,48.842374
2022-1667022,2022-02-14,000001,Vente,420000,12,B,AV DES GOBELINS,4209,75005,75105,Paris 5e Arrondissement,75,,,75105000AV0054,,,303,38.09,409,,410,,411,,,,4,3,Dépendance,,0,,,,,,2.350221,48.837514
2022-1667022,2022-02-14,000001,Vente,420000,12,B,AV DES GOBELINS,4209,75005,75105,Paris 5e Arrondissement,75,,,75105000AV0054,,,303,38.09,409,,410,,411,,,,4,2,Appartement,40,2,,,,,,2.350221,48.837514
2022-1667045,2022-02-18,000001,Vente,828000,6,,RUE DE L ARBALETE,0405,75005,75105,Paris 5e Arrondissement,75,,,75105000AY0076,,,11,69.09,32,,33,,,,,,3,2,Appartement,55,2,,,,,,2.349227,48.8405
2022-1667049,2022-02-16,000001,Vente,515000,6,,RUE DE L ARBALETE,0405,75005,75105,Paris 5e Arrondissement,75,,,75105000AY0076,,,6,46.91,,,,,,,,,1,2,Appartement,39,1,,,,,,2.349227,48.8405
2022-1667049,2022-02-16,000001,Vente,515000,6,,RUE DE L ARBALETE,0405,75005,75105,Paris 5e Arrondissement,75,,,75105000AY0076,,,24,,,,,,,,,,1,4,Local industriel. commercial ou assimilé,100,0,,,,,,2.349227,48.8405
2022-1667060,2022-02-17,000001,Vente,365000,10,,RUE BOUTEBRIE,1225,75005,75105,Paris 5e Arrondissement,75,,,75105000BP0124,,,2,,4,24.18,,,,,,,2,4,Local industriel. commercial ou assimilé,63,0,,,,,,2.344466,48.851476
2022-1667118,2022-02-28,000001,Vente,1029500,6,,RUE LE GOFF,5479,75005,75105,Paris 5e Arrondissement,75,,,75105000BI0013,,,34,,6,73.5,,,,,,,2,3,Dépendance,,0,,,,,,2.341371,48.84669
2022-1667118,2022-02-28,000001,Vente,1029500,6,,RUE LE GOFF,5479,75005,75105,Paris 5e Arrondissement,75,,,75105000BI0013,,,34,,6,73.5,,,,,,,2,2,Appartement,71,4,,,,,,2.341371,48.84669
2022-1667120,2022-02-24,000001,Vente,390000,32,,RUE DE L ARBALETE,0405,75005,75105,Paris 5e Arrondissement,75,,,75105000AX0012,,,18,,,,,,,,,,1,2,Appartement,32,2,,,,,,2.346625,48.839701
2022-1667124,2022-02-28,000001,Vente,450000,35,,RUE GEOFFROY ST HILAIRE,4108,75005,75105,Paris 5e Arrondissement,75,,,75105000AT0026,,,24,47.81,40,,,,,,,,2,3,Dépendance,,0,,,,,,2.355468,48.841291
2022-1667124,2022-02-28,000001,Vente,450000,35,,RUE GEOFFROY ST HILAIRE,4108,75005,75105,Paris 5e Arrondissement,75,,,75105000AT0026,,,24,47.81,40,,,,,,,,2,2,Appartement,53,2,,,,,,2.355468,48.841291
2022-1667162,2022-02-28,000001,Vente,1300000,12,,RUE LAPLACE,5340,75005,75105,Paris 5e Arrondissement,75,,,75105000BL0099,,,55,,63,,65,91.52,,,,,3,4,Local industriel. commercial ou assimilé,84,0,,,,,,2.34762,48.847535
2022-1667162,2022-02-28,000001,Vente,1300000,12,,RUE LAPLACE,5340,75005,75105,Paris 5e Arrondissement,75,,,75105000BL0099,,,55,,63,,65,91.52,,,,,3,2,Appartement,75,3,,,,,,2.34762,48.847535
2022-1667191,2022-02-17,000001,Vente,810000,14,,RUE DES FOSSES ST JACQUES,3749,75005,75105,Paris 5e Arrondissement,75,,,75105000BI0055,,,21,,9,60.98,,,,,,,2,2,Appartement,63,2,,,,,,2.343959,48.845421
2022-1667191,2022-02-17,000001,Vente,810000,14,,RUE DES FOSSES ST JACQUES,3749,75005,75105,Paris 5e Arrondissement,75,,,75105000BI0055,,,21,,9,60.98,,,,,,,2,3,Dépendance,,0,,,,,,2.343959,48.845421
2022-1667239,2022-02-11,000001,Vente,851000,1,,RUE BASSE DES CARMES,0705,75005,75105,Paris 5e Arrondissement,75,,,75105000BO0035,,,13,47.36,23,,25,,,,,,3,2,Appartement,47,3,,,,,,2.348422,48.849116
2022-1667239,2022-02-11,000001,Vente,851000,1,,RUE BASSE DES CARMES,0705,75005,75105,Paris 5e Arrondissement,75,,,75105000BO0035,,,13,47.36,23,,25,,,,,,3,3,Dépendance,,0,,,,,,2.348422,48.849116
2022-1667280,2022-02-14,000001,Vente,1400000,48,,RUE DE LA CLEF,2094,75005,75105,Paris 5e Arrondissement,75,,,75105000AK0065,,,5,93.35,,,,,,,,,1,4,Local industriel. commercial ou assimilé,15,0,,,,,,2.352902,48.842826
2022-1667280,2022-02-14,000001,Vente,1400000,48,,RUE DE LA CLEF,2094,75005,75105,Paris 5e Arrondissement,75,,,75105000AK0065,,,5,93.35,,,,,,,,,1,3,Dépendance,,0,,,,,,2.352902,48.842826
2022-1667280,2022-02-14,000001,Vente,1400000,48,,RUE DE LA CLEF,2094,75005,75105,Paris 5e Arrondissement,75,,,75105000AK0065,,,5,93.35,,,,,,,,,1,2,Appartement,85,5,,,,,,2.352902,48.842826
2022-1667321,2022-03-04,000001,Vente,245000,212,,RUE SAINT JACQUES,8648,75005,75105,Paris 5e Arrondissement,75,,,75105000BH0055,,,19,21.22,,,,,,,,,1,2,Appartement,20,1,,,,,,2.342187,48.845483
2022-1667335,2022-03-01,000001,Vente,2400000,13,,RUE DE L EPEE DE BOIS,3298,75005,75105,Paris 5e Arrondissement,75,,,75105000AL0109,,,1079,,,,,,,,,,1,3,Dépendance,,0,,,,,,2.350435,48.841357
2022-1667335,2022-03-01,000001,Vente,2400000,13,,RUE DE L EPEE DE BOIS,3298,75005,75105,Paris 5e Arrondissement,75,,,75105000AL0109,,,1056,,1098,,1249,121.49,1251,,,,4,2,Appartement,163,5,,,,,,2.350435,48.841357
2022-1667366,2022-03-01,000001,Vente,205000,34,,RUE GAY-LUSSAC,3998,75005,75105,Paris 5e Arrondissement,75,,,75105000BH0032,,,13,15.05,,,,,,,,,1,2,Appartement,12,1,,,,,,2.341515,48.844394
2022-1667370,2022-02-21,000001,Vente,26000,69,,RUE CLAUDE BERNARD,2069,75005,75105,Paris 5e Arrondissement,75,,,75105000BD0051,,,125,,,,,,,,,,1,3,Dépendance,,0,,,,,,2.343855,48.840808
2022-1667380,2022-02-17,000001,Vente,420000,263,,RUE SAINT JACQUES,8648,75005,75105,Paris 5e Arrondissement,75,,,75105000BD0073,,,1,52.13,,,,,,,,,1,4,Local industriel. commercial ou assimilé,40,0,,,,,,2.341487,48.841903
2022-1667432,2022-03-01,000001,Vente,620192,3,,RUE FUSTEL DE COULANGES,3890,75005,75105,Paris 5e Arrondissement,75,,,75105000BF0063,,,11,,28,47.16,,,,,,,2,3,Dépendance,,0,,,,,,2.339072,48.839694
2022-1667432,2022-03-01,000001,Vente,620192,3,,RUE FUSTEL DE COULANGES,3890,75005,75105,Paris 5e Arrondissement,75,,,75105000BF0063,,,11,,28,47.16,,,,,,,2,2,Appartement,50,3,,,,,,2.339072,48.839694
2022-1667444,2022-03-07,000001,Vente,285000,22,,RUE DES BOULANGERS,1156,75005,75105,Paris 5e Arrondissement,75,,,75105000AH0050,,,28,,9,26,,,,,,,2,2,Appartement,25,1,,,,,,2.353344,48.846042
2022-1667444,2022-03-07,000001,Vente,285000,22,,RUE DES BOULANGERS,1156,75005,75105,Paris 5e Arrondissement,75,,,75105000AH0050,,,28,,9,26,,,,,,,2,3,Dépendance,,0,,,,,,2.353344,48.846042
2022-1667455,2022-02-28,000001,Vente,313000,40,,RUE DESCARTES,2724,75005,75105,Paris 5e Arrondissement,75,,,75105000BK0004,,,12,,,,,,,,,,1,2,Appartement,25,1,,,,,,2.348998,48.845679
2022-1667461,2022-03-11,000001,Vente,900000,44,,BD DE PORT-ROYAL,7740,75005,75105,Paris 5e Arrondissement,75,,,75105000AW0076,,,27,61.05,6,,,,,,,,2,2,Appartement,60,3,,,,,,2.347407,48.837522
2022-1667461,2022-03-11,000001,Vente,900000,44,,BD DE PORT-ROYAL,7740,75005,75105,Paris 5e Arrondissement,75,,,75105000AW0076,,,27,61.05,6,,,,,,,,2,3,Dépendance,,0,,,,,,2.347407,48.837522
2022-1667461,2022-03-11,000001,Vente,900000,44,,BD DE PORT-ROYAL,7740,75005,75105,Paris 5e Arrondissement,75,,,75105000AW0076,,,35,8.05,,,,,,,,,1,3,Dépendance,,0,,,,,,2.347407,48.837522
2022-1667466,2022-03-03,000001,Vente,1133000,13,,RUE DE L EPEE DE BOIS,3298,75005,75105,Paris 5e Arrondissement,75,,,75105000AL0109,,,1120,,,,,,,,,,1,3,Dépendance,,0,,,,,,2.350435,48.841357
2022-1667466,2022-03-03,000001,Vente,1133000,13,,RUE DE L EPEE DE BOIS,3298,75005,75105,Paris 5e Arrondissement,75,,,75105000AL0109,,,1032,65.9,1118,,,,,,,,2,3,Dépendance,,0,,,,,,2.350435,48.841357
2022-1667466,2022-03-03,000001,Vente,1133000,13,,RUE DE L EPEE DE BOIS,3298,75005,75105,Paris 5e Arrondissement,75,,,75105000AL0109,,,1032,65.9,1118,,,,,,,,2,2,Appartement,50,2,,,,,,2.350435,48.841357
2022-1667480,2022-03-09,000001,Vente,250000,35,,RUE LHOMOND,5648,75005,75105,Paris 5e Arrondissement,75,,,75105000AY0020,,,24,,31,,,,,,,,2,3,Dépendance,,0,,,,,,2.34751,48.842564
2022-1667480,2022-03-09,000001,Vente,250000,35,,RUE LHOMOND,5648,75005,75105,Paris 5e Arrondissement,75,,,75105000AY0020,,,24,,31,,,,,,,,2,2,Appartement,27,2,,,,,,2.34751,48.842564
2022-1667550,2022-02-18,000001,Vente,1200000,15,,RUE BUFFON,1371,75005,75105,Paris 5e Arrondissement,75,,,75105000AQ0053,,,133,,354,69.9,356,,,,,,3,3,Dépendance,,0,,,,,,2.362593,48.842209
2022-1667550,2022-02-18,000001,Vente,1200000,15,,RUE BUFFON,1371,75005,75105,Paris 5e Arrondissement,75,,,75105000AQ0053,,,133,,354,69.9,356,,,,,,3,2,Appartement,75,3,,,,,,2.362593,48.842209
2022-1667550,2022-02-18,000001,Vente,1200000,15,,RUE BUFFON,1371,75005,75105,Paris 5e Arrondissement,75,,,75105000AQ0053,,,133,,354,69.9,356,,,,,,3,3,Dépendance,,0,,,,,,2.362593,48.842209
2022-1667556,2022-03-11,000001,Vente,371250,13,,RUE SAINT JACQUES,8648,75005,75105,Paris 5e Arrondissement,75,,,75105000BQ0019,,,8,,,,,,,,,,1,2,Appartement,30,1,,,,,,2.34638,48.851776
2022-1667595,2022-03-11,000001,Vente,212000,3,,RUE DOLOMIEU,2884,75005,75105,Paris 5e Arrondissement,75,,,75105000AK0047,,,2,,,,,,,,,,1,4,Local industriel. commercial ou assimilé,30,0,,,,,,2.352351,48.842577
2022-1667595,2022-03-11,000001,Vente,212000,3,,RUE DOLOMIEU,2884,75005,75105,Paris 5e Arrondissement,75,,,75105000AK0047,,,18,,,,,,,,,,1,2,Appartement,52,2,,,,,,2.352351,48.842577
2022-1667611,2022-02-25,000001,Vente,400000,24,,RUE CENSIER,1642,75005,75105,Paris 5e Arrondissement,75,,,75105000AU0091,,,104,,133,29.22,,,,,,,2,2,Appartement,26,1,,,,,,2.352241,48.840493
2022-1667611,2022-02-25,000001,Vente,400000,24,,RUE CENSIER,1642,75005,75105,Paris 5e Arrondissement,75,,,75105000AU0091,,,104,,133,29.22,,,,,,,2,3,Dépendance,,0,,,,,,2.352241,48.840493
2022-1667648,2022-02-24,000001,Vente,40000,13,,RUE GRACIEUSE,4259,75005,75105,Paris 5e Arrondissement,75,,,75105000AL0005,,,1095,,,,,,,,,,1,3,Dépendance,,0,,,,,,2.35072,48.842286
2022-1667666,2022-03-01,000001,Vente,755500,28,,RUE BERTHOLLET,0916,75005,75105,Paris 5e Arrondissement,75,,,75105000AW0007,,,11,58.96,,,,,,,,,1,3,Dépendance,,0,,,,,,2.345413,48.838383
2022-1667666,2022-03-01,000001,Vente,755500,28,,RUE BERTHOLLET,0916,75005,75105,Paris 5e Arrondissement,75,,,75105000AW0007,,,11,58.96,,,,,,,,,1,2,Appartement,44,3,,,,,,2.345413,48.838383
2022-1667668,2022-02-24,000001,Vente,978000,7,,RUE BERTHOLLET,0916,75005,75105,Paris 5e Arrondissement,75,,,75105000AX0004,,,52,,,,,,,,,,1,3,Dépendance,,0,,,,,,2.346183,48.839641
2022-1667668,2022-02-24,000001,Vente,978000,7,,RUE BERTHOLLET,0916,75005,75105,Paris 5e Arrondissement,75,,,75105000AX0004,,,33,,65,79.66,,,,,,,2,2,Appartement,41,3,,,,,,2.346183,48.839641
2022-1667668,2022-02-24,000001,Vente,978000,7,,RUE BERTHOLLET,0916,75005,75105,Paris 5e Arrondissement,75,,,75105000AX0004,,,33,,,,,,,,,,1,3,Dépendance,,0,,,,,,2.346183,48.839641
2022-1667668,2022-02-24,000001,Vente,978000,7,,RUE BERTHOLLET,0916,75005,75105,Paris 5e Arrondissement,75,,,75105000AX0004,,,52,,65,79.66,,,,,,,2,2,Appartement,45,2,,,,,,2.346183,48.839641
2022-1667675,2022-03-11,000001,Vente,340000,27,,RUE BROCA,1313,75005,75105,Paris 5e Arrondissement,75,,,75105000AW0068,,,354,28.34,,,,,,,,,1,2,Appartement,28,1,,,,,,2.348309,48.837769
2022-1667678,2022-03-15,000001,Vente,785000,49,,BD SAINT GERMAIN,8619,75005,75105,Paris 5e Arrondissement,75,,,75105000BO0028,,,4,49.94,,,,,,,,,1,4,Local industriel. commercial ou assimilé,113,0,,,,,,2.347738,48.85002
2022-1667749,2022-03-04,000001,Vente,513902,11,,RUE SOUFFLOT,9041,75005,75105,Paris 5e Arrondissement,75,,,75105000BJ0059,,,10,,,,,,,,,,1,4,Local industriel. commercial ou assimilé,92,0,,,,,,2.342568,48.84676
2022-1667749,2022-03-04,000001,Vente,513902,11,,RUE SOUFFLOT,9041,75005,75105,Paris 5e Arrondissement,75,,,75105000BJ0059,,,34,,8,,9,59.42,,,,,3,2,Appartement,63,4,,,,,,2.342568,48.84676
2022-1667749,2022-03-04,000001,Vente,513902,11,,RUE SOUFFLOT,9041,75005,75105,Paris 5e Arrondissement,75,,,75105000BJ0059,,,34,,8,,9,59.42,,,,,3,3,Dépendance,,0,,,,,,2.342568,48.84676
2022-1667764,2022-02-25,000001,Vente,500000,23,,RUE MONGE,6432,75005,75105,Paris 5e Arrondissement,75,,,75105000AI0020,,,10,33.84,24,,,,,,,,2,3,Dépendance,,0,,,,,,2.351263,48.847479
2022-1667764,2022-02-25,000001,Vente,500000,23,,RUE MONGE,6432,75005,75105,Paris 5e Arrondissement,75,,,75105000AI0020,,,10,33.84,24,,,,,,,,2,2,Appartement,34,2,,,,,,2.351263,48.847479
2022-1667773,2022-02-21,000001,Vente,654000,14,,RUE DOMAT,2886,75005,75105,Paris 5e Arrondissement,75,,,75105000BQ0117,,,2,50.94,3,50.94,,,,,,,2,2,Appartement,51,2,,,,,,2.34708,48.851077
2022-1667793,2022-03-14,000001,Vente,1238510,2,,RUE DU GRIL,4334,75005,75105,Paris 5e Arrondissement,75,,,75105000AT0022,,,164,,,,,,,,,,1,2,Appartement,26,1,,,,,,2.355128,48.841169
2022-1667793,2022-03-14,000001,Vente,1238510,2,,RUE DU GRIL,4334,75005,75105,Paris 5e Arrondissement,75,,,75105000AT0022,,,112,100.92,,,,,,,,,1,2,Appartement,100,4,,,,,,2.355128,48.841169
2022-1667793,2022-03-14,000001,Vente,1238510,2,,RUE DU GRIL,4334,75005,75105,Paris 5e Arrondissement,75,,,75105000AT0022,,,112,100.92,,,,,,,,,1,3,Dépendance,,0,,,,,,2.355128,48.841169
2022-1667793,2022-03-14,000001,Vente,1238510,2,,RUE DU GRIL,4334,75005,75105,Paris 5e Arrondissement,75,,,75105000AT0022,,,112,100.92,,,,,,,,,1,3,Dépendance,,0,,,,,,2.355128,48.841169
2022-1667795,2022-03-01,000001,Vente,385000,19,,RUE DES FEUILLANTINES,3630,75005,75105,Paris 5e Arrondissement,75,,,75105000BD0072,,,39,30.02,,,,,,,,,1,3,Dépendance,,0,,,,,,2.341572,48.841777
2022-1667795,2022-03-01,000001,Vente,385000,19,,RUE DES FEUILLANTINES,3630,75005,75105,Paris 5e Arrondissement,75,,,75105000BD0072,,,39,30.02,,,,,,,,,1,2,Appartement,25,2,,,,,,2.341572,48.841777
2022-1667833,2022-03-14,000001,Vente,1350000,13,,QUAI DE MONTEBELLO,6472,75005,75105,Paris 5e Arrondissement,75,,,75105000BQ0070,,,219,56.35,222,,225,,,,,,3,2,Appartement,34,2,,,,,,2.349098,48.8517
2022-1667833,2022-03-14,000001,Vente,1350000,13,,QUAI DE MONTEBELLO,6472,75005,75105,Paris 5e Arrondissement,75,,,75105000BQ0070,,,230,,,,,,,,,,1,3,Dépendance,,0,,,,,,2.349098,48.8517
2022-1667833,2022-03-14,000001,Vente,1350000,13,,QUAI DE MONTEBELLO,6472,75005,75105,Paris 5e Arrondissement,75,,,75105000BQ0070,,,223,,,,,,,,,,1,2,Appartement,21,2,,,,,,2.349098,48.8517
2022-1667833,2022-03-14,000001,Vente,1350000,13,,QUAI DE MONTEBELLO,6472,75005,75105,Paris 5e Arrondissement,75,,,75105000BQ0070,,,230,,,,,,,,,,1,2,Appartement,219,7,,,,,,2.349098,48.8517
2022-1667851,2022-03-09,000001,Vente,44000,5,,RUE LACEPEDE,5220,75005,75105,Paris 5e Arrondissement,75,,,75105000AK0098,,,8,,,,,,,,,,1,4,Local industriel. commercial ou assimilé,19,0,,,,,,2.353884,48.84347
2022-1667862,2022-03-03,000001,Vente,45000,31,,RUE JUSSIEU,5130,75005,75105,Paris 5e Arrondissement,75,,,75105000AH0010,,,26,,,,,,,,,,1,3,Dépendance,,0,,,,,,2.35353,48.846748
2022-1667889,2022-03-17,000001,Vente,450000,44,,RUE DES BOULANGERS,1156,75005,75105,Paris 5e Arrondissement,75,,,75105000AH0036,,,24,23.44,29,,,,,,,,2,3,Dépendance,,0,,,,,,2.35212,48.846527
2022-1667889,2022-03-17,000001,Vente,450000,44,,RUE DES BOULANGERS,1156,75005,75105,Paris 5e Arrondissement,75,,,75105000AH0036,,,24,23.44,29,,,,,,,,2,2,Appartement,18,2,,,,,,2.35212,48.846527
2022-1667918,2022-03-14,000001,Vente,602000,15,,RUE DAUBENTON,2580,75005,75105,Paris 5e Arrondissement,75,,,75105000AT0020,,,9,48.6,,,,,,,,,1,2,Appartement,50,2,,,,,,2.354056,48.841102
2022-1667918,2022-03-14,000001,Vente,602000,15,,RUE DAUBENTON,2580,75005,75105,Paris 5e Arrondissement,75,,,75105000AT0020,,,9,48.6,,,,,,,,,1,3,Dépendance,,0,,,,,,2.354056,48.841102
2022-1667922,2022-02-28,000001,Vente,230000,111,,RUE MOUFFETARD,6581,75005,75105,Paris 5e Arrondissement,75,,,75105000AL0052,,,38,17.29,,,,,,,,,1,2,Appartement,18,1,,,,,,2.350013,48.840654
2022-1667967,2022-03-08,000001,Vente,185000,34,,RUE DES BOULANGERS,1156,75005,75105,Paris 5e Arrondissement,75,,,75105000AH0031,,,20,,,,,,,,,,1,2,Appartement,14,1,,,,,,2.35278,48.846305
2022-1667978,2022-03-14,000001,Vente,433380,10,,SQ ADANSON,0052,75005,75105,Paris 5e Arrondissement,75,,,75105000AU0096,,,138,,216,31.2,,,,,,,2,2,Appartement,32,1,,,,,,2.351929,48.839099
2022-1667978,2022-03-14,000001,Vente,433380,10,,SQ ADANSON,0052,75005,75105,Paris 5e Arrondissement,75,,,75105000AU0096,,,138,,216,31.2,,,,,,,2,3,Dépendance,,0,,,,,,2.351929,48.839099
2022-1668004,2022-03-10,000001,Vente,235000,69,,RUE DU CARDINAL LEMOINE,1545,75005,75105,Paris 5e Arrondissement,75,,,75105000AJ0031,,,19,11.23,,,,,,,,,1,2,Appartement,12,1,,,,,,2.350664,48.845481
2022-1668033,2022-03-08,000001,Vente,302000,36,,RUE BROCA,1313,75005,75105,Paris 5e Arrondissement,75,,,75105000AW0032,,,20,24.6,73,,,,,,,,2,3,Dépendance,,0,,,,,,2.347702,48.838269
2022-1668033,2022-03-08,000001,Vente,302000,36,,RUE BROCA,1313,75005,75105,Paris 5e Arrondissement,75,,,75105000AW0032,,,20,24.6,73,,,,,,,,2,2,Appartement,25,1,,,,,,2.347702,48.838269
2022-1668049,2022-03-16,000001,Vente,950000,92,,BD SAINT GERMAIN,8619,75005,75105,Paris 5e Arrondissement,75,,,75105000BP0117,,,22,,,,,,,,,,1,2,Appartement,54,4,,,,,,2.344349,48.85128
2022-1668051,2022-02-23,000001,Vente,470000,12,,RUE DES FOSSES ST MARCEL,3751,75005,75105,Paris 5e Arrondissement,75,,,75105000AS0009,,,108,46.18,151,,,,,,,,2,2,Appartement,46,2,,,,,,2.355692,48.838617
2022-1668051,2022-02-23,000001,Vente,470000,12,,RUE DES FOSSES ST MARCEL,3751,75005,75105,Paris 5e Arrondissement,75,,,75105000AS0009,,,108,46.18,151,,,,,,,,2,3,Dépendance,,0,,,,,,2.355692,48.838617
2022-1668054,2022-03-04,000001,Vente,480000,22,,RUE DE PONTOISE,7621,75005,75105,Paris 5e Arrondissement,75,,,75105000AC0015,,,22,42.19,23,42.19,,,,,,,2,2,Appartement,40,2,,,,,,2.351371,48.849286
2022-1668098,2022-03-18,000001,Vente,248000,6,,RUE SCIPION,8884,75005,75105,Paris 5e Arrondissement,75,,,75105000AS0040,,,500,17.85,,,,,,,,,1,2,Appartement,17,1,,,,,,2.354114,48.838378
2022-1668114,2022-03-11,000001,Vente,250000,14,,BD SAINT MARCEL,8690,75005,75105,Paris 5e Arrondissement,75,,,75105000AR0041,,,2,,39,30.77,,,,,,,2,3,Dépendance,,0,,,,,,2.360366,48.839873
2022-1668114,2022-03-11,000001,Vente,250000,14,,BD SAINT MARCEL,8690,75005,75105,Paris 5e Arrondissement,75,,,75105000AR0041,,,2,,39,30.77,,,,,,,2,2,Appartement,30,2,,,,,,2.360366,48.839873
2022-1668135,2022-03-14,000001,Vente,670000,27,,RUE BERTHOLLET,0916,75005,75105,Paris 5e Arrondissement,75,,,75105000AW0112,,,12,62.58,,,,,,,,,1,3,Dépendance,,0,,,,,,2.345764,48.838072
2022-1668135,2022-03-14,000001,Vente,670000,27,,RUE BERTHOLLET,0916,75005,75105,Paris 5e Arrondissement,75,,,75105000AW0112,,,12,62.58,,,,,,,,,1,2,Appartement,62,3,,,,,,2.345764,48.838072
2022-1668136,2022-03-08,000001,Vente,515725,52,,RUE DES ECOLES,3098,75005,75105,Paris 5e Arrondissement,75,,,75105000BO0091,,,101,57.66,126,,,,,,,,2,4,Local industriel. commercial ou assimilé,71,0,,,,,,2.34469,48.84981
2022-1668140,2022-03-15,000001,Vente,499000,49,,RUE GEOFFROY ST HILAIRE,4108,75005,75105,Paris 5e Arrondissement,75,,,75105000AK0112,,,36,44.15,,,,,,,,,1,3,Dépendance,,0,,,,,,2.355016,48.842718
2022-1668140,2022-03-15,000001,Vente,499000,49,,RUE GEOFFROY ST HILAIRE,4108,75005,75105,Paris 5e Arrondissement,75,,,75105000AK0112,,,36,44.15,,,,,,,,,1,2,Appartement,40,2,,,,,,2.355016,48.842718
2022-1668150,2022-03-11,000001,Vente,240000,3,,RUE DE QUATREFAGES,7911,75005,75105,Paris 5e Arrondissement,75,,,75105000AK0094,,,39,,6,21.97,,,,,,,2,2,Appartement,31,2,,,,,,2.354127,48.842897
2022-1668150,2022-03-11,000001,Vente,240000,3,,RUE DE QUATREFAGES,7911,75005,75105,Paris 5e Arrondissement,75,,,75105000AK0094,,,39,,6,21.97,,,,,,,2,3,Dépendance,,0,,,,,,2.354127,48.842897
2022-1668231,2022-02-28,000001,Vente,1450000,82,,RUE MONGE,6432,75005,75105,Paris 5e Arrondissement,75,,,75105000AL0032,,,14,96.03,,,,,,,,,1,2,Appartement,90,4,,,,,,2.351813,48.842041
2022-1668258,2022-03-09,000001,Vente,282200,35,,BD SAINT GERMAIN,8619,75005,75105,Paris 5e Arrondissement,75,,,75105000AC0017,,,14,23.13,15,23.13,,,,,,,2,2,Appartement,23,2,,,,,,2.35141,48.849363
2022-1668260,2022-03-11,000001,Vente,280000,84,,BD SAINT MARCEL,8690,75005,75105,Paris 5e Arrondissement,75,,,75105000AS0027,,,130,21.9,131,,,,,,,,2,3,Dépendance,,0,,,,,,2.352889,48.837437
2022-1668260,2022-03-11,000001,Vente,280000,84,,BD SAINT MARCEL,8690,75005,75105,Paris 5e Arrondissement,75,,,75105000AS0027,,,130,21.9,131,,,,,,,,2,2,Appartement,18,2,,,,,,2.352889,48.837437
2022-1668268,2022-03-17,000001,Vente,294000,140,,RUE MOUFFETARD,6581,75005,75105,Paris 5e Arrondissement,75,,,75105000AX0071,,,15,21.18,,,,,,,,,1,3,Dépendance,,0,,,,,,2.34953,48.839528
2022-1668268,2022-03-17,000001,Vente,294000,140,,RUE MOUFFETARD,6581,75005,75105,Paris 5e Arrondissement,75,,,75105000AX0071,,,15,21.18,,,,,,,,,1,2,Appartement,35,2,,,,,,2.34953,48.839528
2022-1668308,2022-03-23,000001,Vente,25000,7,,RUE FUSTEL DE COULANGES,3890,75005,75105,Paris 5e Arrondissement,75,,,75105000BF0065,,,4,,,,,,,,,,1,3,Dépendance,,0,,,,,,2.339558,48.839661
2022-1668313,2022-03-16,000001,Vente,210000,5,,RUE DU SOMMERARD,3053,75005,75105,Paris 5e Arrondissement,75,,,75105000BO0053,,,15,6.55,16,6.55,,,,,,,2,2,Appartement,17,2,,,,,,2.34727,48.849649
2022-1668329,2022-03-07,000001,Vente,568230,136,,RUE MOUFFETARD,6581,75005,75105,Paris 5e Arrondissement,75,,,75105000AX0070,,,222,39.9,244,,,,,,,,2,2,Appartement,40,2,,,,,,2.34948,48.839635
2022-1668329,2022-03-07,000001,Vente,568230,136,,RUE MOUFFETARD,6581,75005,75105,Paris 5e Arrondissement,75,,,75105000AX0070,,,222,39.9,244,,,,,,,,2,3,Dépendance,,0,,,,,,2.34948,48.839635
2022-1668343,2022-03-14,000001,Vente,345000,9,,RUE DE L ESSAI,3368,75005,75105,Paris 5e Arrondissement,75,,,75105000AR0056,,,22,35.7,41,,,,,,,,2,4,Local industriel. commercial ou assimilé,36,0,,,,,,2.35793,48.839826
2022-1668352,2022-03-16,000001,Vente,520000,15,,RUE DU PETIT PONT,7344,75005,75105,Paris 5e Arrondissement,75,,,75105000BQ0031,,,308,34.63,,,,,,,,,1,2,Appartement,34,2,,,,,,2.346703,48.852314
2022-1668380,2022-03-03,000001,Vente,370000,7,,RUE LARREY,5362,75005,75105,Paris 5e Arrondissement,75,,,75105000AL0125,,,2,36.99,,,,,,,,,1,4,Local industriel. commercial ou assimilé,45,0,,,,,,2.353305,48.841809
2022-1668408,2022-03-11,000001,Vente,1007000,14,,AV DES GOBELINS,4209,75005,75105,Paris 5e Arrondissement,75,,,75105000AV0055,,,24,86.24,46,,,,,,,,2,3,Dépendance,,0,,,,,,2.350788,48.837488
2022-1668408,2022-03-11,000001,Vente,1007000,14,,AV DES GOBELINS,4209,75005,75105,Paris 5e Arrondissement,75,,,75105000AV0055,,,24,86.24,46,,,,,,,,2,2,Appartement,84,4,,,,,,2.350788,48.837488
2022-1668422,2022-03-25,000001,Vente,415000,5,,RUE BASSE DES CARMES,0705,75005,75105,Paris 5e Arrondissement,75,,,75105000BO0034,,,102,,46,29.4,,,,,,,2,3,Dépendance,,0,,,,,,2.348101,48.849139
2022-1668422,2022-03-25,000001,Vente,415000,5,,RUE BASSE DES CARMES,0705,75005,75105,Paris 5e Arrondissement,75,,,75105000BO0034,,,102,,46,29.4,,,,,,,2,2,Appartement,27,2,,,,,,2.348101,48.849139
2022-1668452,2022-03-16,000001,Vente,35000,13,,RUE DE L EPEE DE BOIS,3298,75005,75105,Paris 5e Arrondissement,75,,,75105000AL0109,,,1300,,,,,,,,,,1,3,Dépendance,,0,,,,,,2.350435,48.841357
2022-1668478,2022-03-24,000001,Vente,5600000,76,,RUE MONGE,6432,75005,75105,Paris 5e Arrondissement,75,,,75105000AK0044,,,,,,,,,,,,,0,2,Appartement,10,1,S,sols,,,181,2.351834,48.842478
2022-1668478,2022-03-24,000001,Vente,5600000,76,,RUE MONGE,6432,75005,75105,Paris 5e Arrondissement,75,,,75105000AK0044,,,,,,,,,,,,,0,3,Dépendance,,0,S,sols,,,181,2.351834,48.842478
2022-1668478,2022-03-24,000001,Vente,5600000,76,,RUE MONGE,6432,75005,75105,Paris 5e Arrondissement,75,,,75105000AK0044,,,,,,,,,,,,,0,3,Dépendance,,0,S,sols,,,181,2.351834,48.842478
2022-1668478,2022-03-24,000001,Vente,5600000,76,,RUE MONGE,6432,75005,75105,Paris 5e Arrondissement,75,,,75105000AK0044,,,,,,,,,,,,,0,3,Dépendance,,0,S,sols,,,181,2.351834,48.842478
2022-1668478,2022-03-24,000001,Vente,5600000,76,,RUE MONGE,6432,75005,75105,Paris 5e Arrondissement,75,,,75105000AK0044,,,,,,,,,,,,,0,3,Dépendance,,0,S,sols,,,181,2.351834,48.842478
2022-1668478,2022-03-24,000001,Vente,5600000,76,,RUE MONGE,6432,75005,75105,Paris 5e Arrondissement,75,,,75105000AK0044,,,,,,,,,,,,,0,3,Dépendance,,0,S,sols,,,181,2.351834,48.842478
2022-1668478,2022-03-24,000001,Vente,5600000,76,,RUE MONGE,6432,75005,75105,Paris 5e Arrondissement,75,,,75105000AK0044,,,,,,,,,,,,,0,3,Dépendance,,0,S,sols,,,181,2.351834,48.842478
2022-1668478,2022-03-24,000001,Vente,5600000,76,,RUE MONGE,6432,75005,75105,Paris 5e Arrondissement,75,,,75105000AK0044,,,,,,,,,,,,,0,3,Dépendance,,0,S,sols,,,181,2.351834,48.842478
2022-1668478,2022-03-24,000001,Vente,5600000,76,,RUE MONGE,6432,75005,75105,Paris 5e Arrondissement,75,,,75105000AK0044,,,,,,,,,,,,,0,3,Dépendance,,0,S,sols,,,181,2.351834,48.842478
2022-1668478,2022-03-24,000001,Vente,5600000,76,,RUE MONGE,6432,75005,75105,Paris 5e Arrondissement,75,,,75105000AK0044,,,,,,,,,,,,,0,3,Dépendance,,0,S,sols,,,181,2.351834,48.842478
2022-1668478,2022-03-24,000001,Vente,5600000,76,,RUE MONGE,6432,75005,75105,Paris 5e Arrondissement,75,,,75105000AK0044,,,,,,,,,,,,,0,3,Dépendance,,0,S,sols,,,181,2.351834,48.842478
2022-1668478,2022-03-24,000001,Vente,5600000,76,,RUE MONGE,6432,75005,75105,Paris 5e Arrondissement,75,,,75105000AK0044,,,,,,,,,,,,,0,2,Appartement,23,2,S,sols,,,181,2.351834,48.842478
2022-1668478,2022-03-24,000001,Vente,5600000,76,,RUE MONGE,6432,75005,75105,Paris 5e Arrondissement,75,,,75105000AK0044,,,,,,,,,,,,,0,2,Appartement,10,1,S,sols,,,181,2.351834,48.842478
2022-1668478,2022-03-24,000001,Vente,5600000,76,,RUE MONGE,6432,75005,75105,Paris 5e Arrondissement,75,,,75105000AK0044,,,,,,,,,,,,,0,2,Appartement,10,1,S,sols,,,181,2.351834,48.842478
2022-1668478,2022-03-24,000001,Vente,5600000,76,,RUE MONGE,6432,75005,75105,Paris 5e Arrondissement,75,,,75105000AK0044,,,,,,,,,,,,,0,2,Appartement,11,1,S,sols,,,181,2.351834,48.842478
2022-1668478,2022-03-24,000001,Vente,5600000,76,,RUE MONGE,6432,75005,75105,Paris 5e Arrondissement,75,,,75105000AK0044,,,,,,,,,,,,,0,2,Appartement,6,1,S,sols,,,181,2.351834,48.842478
2022-1668478,2022-03-24,000001,Vente,5600000,76,,RUE MONGE,6432,75005,75105,Paris 5e Arrondissement,75,,,75105000AK0044,,,,,,,,,,,,,0,2,Appartement,30,2,S,sols,,,181,2.351834,48.842478
2022-1668478,2022-03-24,000001,Vente,5600000,76,,RUE MONGE,6432,75005,75105,Paris 5e Arrondissement,75,,,75105000AK0044,,,,,,,,,,,,,0,2,Appartement,66,3,S,sols,,,181,2.351834,48.842478
2022-1668478,2022-03-24,000001,Vente,5600000,76,,RUE MONGE,6432,75005,75105,Paris 5e Arrondissement,75,,,75105000AK0044,,,,,,,,,,,,,0,2,Appartement,48,2,S,sols,,,181,2.351834,48.842478
2022-1668478,2022-03-24,000001,Vente,5600000,76,,RUE MONGE,6432,75005,75105,Paris 5e Arrondissement,75,,,75105000AK0044,,,,,,,,,,,,,0,2,Appartement,48,3,S,sols,,,181,2.351834,48.842478
2022-1668478,2022-03-24,000001,Vente,5600000,76,,RUE MONGE,6432,75005,75105,Paris 5e Arrondissement,75,,,75105000AK0044,,,,,,,,,,,,,0,2,Appartement,48,3,S,sols,,,181,2.351834,48.842478
2022-1668478,2022-03-24,000001,Vente,5600000,76,,RUE MONGE,6432,75005,75105,Paris 5e Arrondissement,75,,,75105000AK0044,,,,,,,,,,,,,0,2,Appartement,55,2,S,sols,,,181,2.351834,48.842478
2022-1668478,2022-03-24,000001,Vente,5600000,76,,RUE MONGE,6432,75005,75105,Paris 5e Arrondissement,75,,,75105000AK0044,,,,,,,,,,,,,0,2,Appartement,48,3,S,sols,,,181,2.351834,48.842478
2022-1668478,2022-03-24,000001,Vente,5600000,76,,RUE MONGE,6432,75005,75105,Paris 5e Arrondissement,75,,,75105000AK0044,,,,,,,,,,,,,0,2,Appartement,55,3,S,sols,,,181,2.351834,48.842478
2022-1668478,2022-03-24,000001,Vente,5600000,76,,RUE MONGE,6432,75005,75105,Paris 5e Arrondissement,75,,,75105000AK0044,,,,,,,,,,,,,0,2,Appartement,33,2,S,sols,,,181,2.351834,48.842478
2022-1668478,2022-03-24,000001,Vente,5600000,76,,RUE MONGE,6432,75005,75105,Paris 5e Arrondissement,75,,,75105000AK0044,,,,,,,,,,,,,0,4,Local industriel. commercial ou assimilé,131,0,S,sols,,,181,2.351834,48.842478
2022-1668478,2022-03-24,000001,Vente,5600000,76,,RUE MONGE,6432,75005,75105,Paris 5e Arrondissement,75,,,75105000AK0044,,,,,,,,,,,,,0,4,Local industriel. commercial ou assimilé,67,0,S,sols,,,181,2.351834,48.842478
2022-1668478,2022-03-24,000001,Vente,5600000,76,,RUE MONGE,6432,75005,75105,Paris 5e Arrondissement,75,,,75105000AK0044,,,,,,,,,,,,,0,2,Appartement,73,4,S,sols,,,181,2.351834,48.842478
2022-1668478,2022-03-24,000001,Vente,5600000,76,,RUE MONGE,6432,75005,75105,Paris 5e Arrondissement,75,,,75105000AK0044,,,,,,,,,,,,,0,4,Local industriel. commercial ou assimilé,10,0,S,sols,,,181,2.351834,48.842478
2022-1668490,2022-03-22,000001,Vente,64700,92,,BD DE PORT-ROYAL,7740,75005,75105,Paris 5e Arrondissement,75,,,75105000BF0032,,,63,,,,,,,,,,1,3,Dépendance,,0,,,,,,2.338303,48.839613
2022-1668549,2022-03-17,000001,Vente,240000,111,,RUE MOUFFETARD,6581,75005,75105,Paris 5e Arrondissement,75,,,75105000AL0052,,,34,21.78,,,,,,,,,1,2,Appartement,20,1,,,,,,2.350013,48.840654
2022-1668556,2022-03-17,000001,Vente,638385,15,,RUE DE LA HUCHETTE,4678,75005,75105,Paris 5e Arrondissement,75,,,75105000BP0051,,,29,51.74,,,,,,,,,1,2,Appartement,53,3,,,,,,2.345702,48.852768
2022-1668582,2022-03-22,000001,Vente,440000,10,,RUE THOUIN,9302,75005,75105,Paris 5e Arrondissement,75,,,75105000BK0008,,,26,,,,,,,,,,1,2,Appartement,37,2,,,,,,2.348939,48.845107
2022-1668582,2022-03-22,000001,Vente,440000,10,,RUE THOUIN,9302,75005,75105,Paris 5e Arrondissement,75,,,75105000BK0008,,,26,,,,,,,,,,1,3,Dépendance,,0,,,,,,2.348939,48.845107
2022-1668582,2022-03-22,000001,Vente,440000,10,,RUE THOUIN,9302,75005,75105,Paris 5e Arrondissement,75,,,75105000BK0008,,,32,,,,,,,,,,1,3,Dépendance,,0,,,,,,2.348939,48.845107
2022-1668582,2022-03-22,000001,Vente,440000,10,,RUE THOUIN,9302,75005,75105,Paris 5e Arrondissement,75,,,75105000BK0008,,,32,,,,,,,,,,1,2,Appartement,32,1,,,,,,2.348939,48.845107
2022-1668623,2022-03-16,000001,Vente,535000,29,,RUE CLAUDE BERNARD,2069,75005,75105,Paris 5e Arrondissement,75,,,75105000AW0042,,,26,,,,,,,,,,1,2,Appartement,49,3,,,,,,2.347814,48.839405
2022-1668637,2022-03-23,000001,Vente,362000,6,,BD DE L HOPITAL,4649,75005,75105,Paris 5e Arrondissement,75,,,75105000AQ0022,,,212,38.23,227,,,,,,,,2,2,Appartement,39,3,,,,,,2.363384,48.842811
2022-1668637,2022-03-23,000001,Vente,362000,6,,BD DE L HOPITAL,4649,75005,75105,Paris 5e Arrondissement,75,,,75105000AQ0022,,,212,38.23,227,,,,,,,,2,3,Dépendance,,0,,,,,,2.363384,48.842811
2022-1668641,2022-03-21,000001,Vente,740000,34,,RUE DE LA MONTGN STE GENEVIEVE,6448,75005,75105,Paris 5e Arrondissement,75,,,75105000BL0010,,,154,,155,,156,,,,,,3,2,Appartement,58,2,,,,,,2.348023,48.848266
2022-1668644,2022-03-29,000001,Vente,233700,12,,RUE MAITRE ALBERT,5937,75005,75105,Paris 5e Arrondissement,75,,,75105000AB0024,,,4,13.3,,,,,,,,,1,2,Appartement,13,1,,,,,,2.349542,48.8507
2022-1668647,2022-03-24,000001,Vente,1550000,4,,PL MONGE,6431,75005,75105,Paris 5e Arrondissement,75,,,75105000AK0029,,,117,,4,115.02,,,,,,,2,2,Appartement,56,3,,,,,,2.35176,48.843366
2022-1668647,2022-03-24,000001,Vente,1550000,4,,PL MONGE,6431,75005,75105,Paris 5e Arrondissement,75,,,75105000AK0029,,,117,,4,115.02,,,,,,,2,4,Local industriel. commercial ou assimilé,67,0,,,,,,2.35176,48.843366
2022-1668663,2022-03-01,000001,Vente,385000,99,,RUE MONGE,6432,75005,75105,Paris 5e Arrondissement,75,,,75105000AL0069,,,25,,42,31.36,,,,,,,2,2,Appartement,28,1,,,,,,2.352134,48.841063
2022-1668663,2022-03-01,000001,Vente,385000,99,,RUE MONGE,6432,75005,75105,Paris 5e Arrondissement,75,,,75105000AL0069,,,25,,42,31.36,,,,,,,2,3,Dépendance,,0,,,,,,2.352134,48.841063
2022-1668708,2022-03-15,000001,Vente,355000,161,,RUE SAINT JACQUES,8648,75005,75105,Paris 5e Arrondissement,75,,,75105000BJ0041,,,39,21.41,48,,,,,,,,2,3,Dépendance,,0,,,,,,2.343371,48.846166
2022-1668708,2022-03-15,000001,Vente,355000,161,,RUE SAINT JACQUES,8648,75005,75105,Paris 5e Arrondissement,75,,,75105000BJ0041,,,39,21.41,48,,,,,,,,2,2,Appartement,22,1,,,,,,2.343371,48.846166
2022-1668807,2022-03-15,000001,Vente,455000,31,,RUE TOURNEFORT,9376,75005,75105,Paris 5e Arrondissement,75,,,75105000AY0033,,,71,29.66,89,,,,,,,,2,2,Appartement,25,2,,,,,,2.348414,48.842672
2022-1668807,2022-03-15,000001,Vente,455000,31,,RUE TOURNEFORT,9376,75005,75105,Paris 5e Arrondissement,75,,,75105000AY0033,,,71,29.66,89,,,,,,,,2,3,Dépendance,,0,,,,,,2.348414,48.842672
2022-1668811,2022-03-24,000001,Vente,225849,7,,RUE DES FEUILLANTINES,3630,75005,75105,Paris 5e Arrondissement,75,,,75105000BD0060,,,13,19.75,,,,,,,,,1,2,Appartement,19,1,,,,,,2.34271,48.841336
2022-1668826,2022-03-29,000001,Vente,410000,312,,RUE SAINT JACQUES,8648,75005,75105,Paris 5e Arrondissement,75,,,75105000BF0078,,,2,44.62,23,,,,,,,,2,4,Local industriel. commercial ou assimilé,23,0,,,,,,2.340568,48.84061
2022-1668829,2022-03-28,000001,Vente,660000,121,,RUE MONGE,6432,75005,75105,Paris 5e Arrondissement,75,,,75105000AU0051,,,25,53.65,26,53.65,41,53.65,,,,,3,3,Dépendance,,0,,,,,,2.351048,48.838783
2022-1668829,2022-03-28,000001,Vente,660000,121,,RUE MONGE,6432,75005,75105,Paris 5e Arrondissement,75,,,75105000AU0051,,,25,53.65,26,53.65,41,53.65,,,,,3,2,Appartement,54,3,,,,,,2.351048,48.838783
2022-1668841,2022-03-15,000001,Vente,2223000,1,,RUE DE PONTOISE,7621,75005,75105,Paris 5e Arrondissement,75,,,75105000AB0125,,,24,114.6,27,,28,,,,,,3,2,Appartement,110,5,,,,,,2.352591,48.850401
2022-1668841,2022-03-15,000001,Vente,2223000,1,,RUE DE PONTOISE,7621,75005,75105,Paris 5e Arrondissement,75,,,75105000AB0125,,,24,114.6,27,,28,,,,,,3,3,Dépendance,,0,,,,,,2.352591,48.850401
2022-1668841,2022-03-15,000001,Vente,2223000,1,,RUE DE PONTOISE,7621,75005,75105,Paris 5e Arrondissement,75,,,75105000AB0125,,,26,,,,,,,,,,1,3,Dépendance,,0,,,,,,2.352591,48.850401
2022-1668841,2022-03-15,000001,Vente,2223000,1,,RUE DE PONTOISE,7621,75005,75105,Paris 5e Arrondissement,75,,,75105000AB0125,,,24,114.6,27,,28,,,,,,3,3,Dépendance,,0,,,,,,2.352591,48.850401
2022-1668895,2022-03-08,000001,Vente,264210,7,,RUE DE LA COLLEGIALE,2187,75005,75105,Paris 5e Arrondissement,75,,,75105000AV0025,,,3,20.35,,,,,,,,,1,2,Appartement,21,1,,,,,,2.352066,48.837565
2022-1668908,2022-03-31,000001,Vente,238500,49,,RUE CENSIER,1642,75005,75105,Paris 5e Arrondissement,75,,,75105000AU0069,,,22,16.83,,,,,,,,,1,2,Appartement,24,1,,,,,,2.350607,48.839362
2022-1668978,2022-03-22,000001,Vente,575000,102,,RUE MONGE,6432,75005,75105,Paris 5e Arrondissement,75,,,75105000AU0022,,,10,48.08,,,,,,,,,1,3,Dépendance,,0,,,,,,2.351303,48.840184
2022-1668978,2022-03-22,000001,Vente,575000,102,,RUE MONGE,6432,75005,75105,Paris 5e Arrondissement,75,,,75105000AU0022,,,10,48.08,,,,,,,,,1,2,Appartement,48,3,,,,,,2.351303,48.840184
2022-1668984,2022-03-24,000001,Vente,6500,19,,RUE ROLLIN,8329,75005,75105,Paris 5e Arrondissement,75,,,75105000AJ0138,,,18,,,,,,,,,,1,3,Dépendance,,0,,,,,,2.350514,48.844496
2022-1668984,2022-03-24,000001,Vente,6500,19,,RUE ROLLIN,8329,75005,75105,Paris 5e Arrondissement,75,,,75105000AJ0138,,,18,,,,,,,,,,1,2,Appartement,38,2,,,,,,2.350514,48.844496
2022-1668989,2022-03-22,000001,Vente,1420755,41,,RUE DE LA BUCHERIE,1357,75005,75105,Paris 5e Arrondissement,75,,,75105000BQ0044,,,38,55.24,,,,,,,,,1,2,Appartement,43,2,,,,,,2.346934,48.852641
2022-1669005,2022-03-25,000001,Vente,962000,27,,RUE BERTHOLLET,0916,75005,75105,Paris 5e Arrondissement,75,,,75105000AW0112,,,30,79.37,33,,,,,,,,2,3,Dépendance,,0,,,,,,2.345764,48.838072
2022-1669005,2022-03-25,000001,Vente,962000,27,,RUE BERTHOLLET,0916,75005,75105,Paris 5e Arrondissement,75,,,75105000AW0112,,,30,79.37,33,,,,,,,,2,2,Appartement,80,4,,,,,,2.345764,48.838072
2022-1669054,2022-03-29,000001,Vente,28000,9,,RUE LAROMIGUIERE,5360,75005,75105,Paris 5e Arrondissement,75,,,75105000AZ0027,,,200,,,,,,,,,,1,3,Dépendance,,0,,,,,,2.347325,48.843748
2022-1669129,2022-03-30,000001,Vente,610000,20,,BD DE PORT-ROYAL,7740,75005,75105,Paris 5e Arrondissement,75,,,75105000AV0050,,,10,,29,52.07,,,,,,,2,2,Appartement,46,3,,,,,,2.349291,48.837294
2022-1669129,2022-03-30,000001,Vente,610000,20,,BD DE PORT-ROYAL,7740,75005,75105,Paris 5e Arrondissement,75,,,75105000AV0050,,,10,,29,52.07,,,,,,,2,3,Dépendance,,0,,,,,,2.349291,48.837294
2022-1669155,2022-03-30,000001,Vente,307000,6,,RUE DE BIEVRE,0964,75005,75105,Paris 5e Arrondissement,75,,,75105000AB0055,,,21,21.51,,,,,,,,,1,4,Local industriel. commercial ou assimilé,21,0,,,,,,2.350465,48.851019
2022-1669173,2022-04-06,000001,Vente,700000,27,,BD SAINT MICHEL,8705,75005,75105,Paris 5e Arrondissement,75,,,75105000BN0001,,,1,66.27,29,34.97,,,,,,,2,4,Local industriel. commercial ou assimilé,67,0,,,,,,2.342834,48.850023
2022-1669194,2022-03-28,000001,Vente,654750,16,,RUE BERTHOLLET,0916,75005,75105,Paris 5e Arrondissement,75,,,75105000AW0013,,,24,,6,,,,,,,,2,2,Appartement,54,3,,,,,,2.345521,48.839232
2022-1669194,2022-03-28,000001,Vente,654750,16,,RUE BERTHOLLET,0916,75005,75105,Paris 5e Arrondissement,75,,,75105000AW0013,,,24,,6,,,,,,,,2,3,Dépendance,,0,,,,,,2.345521,48.839232
2022-1669227,2022-03-31,000001,Vente,1040000,8,,RUE LACEPEDE,5220,75005,75105,Paris 5e Arrondissement,75,,,75105000AG0006,,,14,77.03,34,,,,,,,,2,3,Dépendance,,0,,,,,,2.353947,48.843895
2022-1669227,2022-03-31,000001,Vente,1040000,8,,RUE LACEPEDE,5220,75005,75105,Paris 5e Arrondissement,75,,,75105000AG0006,,,14,77.03,34,,,,,,,,2,2,Appartement,73,3,,,,,,2.353947,48.843895
2022-1669238,2022-03-11,000001,Vente,1480000,90,,RUE CLAUDE BERNARD,2069,75005,75105,Paris 5e Arrondissement,75,,,75105000BD0050,,,37,,5,,,,,,,,2,2,Appartement,100,5,,,,,,2.343937,48.841332
2022-1669242,2022-04-06,000001,Vente,964700,38,B,BD SAINT MARCEL,8690,75005,75105,Paris 5e Arrondissement,75,,,75105000AR0064,,,26,,,,,,,,,,1,3,Dépendance,,0,,,,,,2.357479,48.838971
2022-1669242,2022-04-06,000001,Vente,964700,38,B,BD SAINT MARCEL,8690,75005,75105,Paris 5e Arrondissement,75,,,75105000AR0064,,,30,,,,,,,,,,1,3,Dépendance,,0,,,,,,2.357479,48.838971
2022-1669242,2022-04-06,000001,Vente,964700,38,B,BD SAINT MARCEL,8690,75005,75105,Paris 5e Arrondissement,75,,,75105000AR0064,,,26,,,,,,,,,,1,2,Appartement,44,3,,,,,,2.357479,48.838971
2022-1669242,2022-04-06,000001,Vente,964700,38,B,BD SAINT MARCEL,8690,75005,75105,Paris 5e Arrondissement,75,,,75105000AR0064,,,30,,,,,,,,,,1,2,Appartement,48,3,,,,,,2.357479,48.838971
2022-1669255,2022-04-07,000001,Vente,212000,3,,RUE DE LA COLLEGIALE,2187,75005,75105,Paris 5e Arrondissement,75,,,75105000AV0026,,,4,18.52,,,,,,,,,1,3,Dépendance,,0,,,,,,2.352178,48.837408
2022-1669255,2022-04-07,000001,Vente,212000,3,,RUE DE LA COLLEGIALE,2187,75005,75105,Paris 5e Arrondissement,75,,,75105000AV0026,,,4,18.52,,,,,,,,,1,3,Dépendance,,0,,,,,,2.352178,48.837408
2022-1669255,2022-04-07,000001,Vente,212000,3,,RUE DE LA COLLEGIALE,2187,75005,75105,Paris 5e Arrondissement,75,,,75105000AV0026,,,4,18.52,,,,,,,,,1,3,Dépendance,,0,,,,,,2.352178,48.837408
2022-1669262,2022-03-22,000001,Vente,129000,8,,RUE LAGARDE,5258,75005,75105,Paris 5e Arrondissement,75,,,75105000AX0031,,,13,8.15,,,,,,,,,1,3,Dépendance,,0,,,,,,2.347483,48.840467
2022-1669270,2022-03-30,000001,Vente,501000,3,,RUE DE L ESTRAPADE,3377,75005,75105,Paris 5e Arrondissement,75,,,75105000AZ0022,,,318,29.8,,,,,,,,,1,2,Appartement,18,1,,,,,,2.347743,48.844285
2022-1669270,2022-03-30,000001,Vente,501000,3,,RUE DE L ESTRAPADE,3377,75005,75105,Paris 5e Arrondissement,75,,,75105000AZ0022,,,318,29.8,,,,,,,,,1,4,Local industriel. commercial ou assimilé,12,0,,,,,,2.347743,48.844285
2022-1669288,2022-04-07,000001,Vente,488000,9,,RUE POLIVEAU,7576,75005,75105,Paris 5e Arrondissement,75,,,75105000AR0029,,,13,45.36,35,,,,,,,,2,2,Appartement,42,2,,,,,,2.360502,48.840103
2022-1669288,2022-04-07,000001,Vente,488000,9,,RUE POLIVEAU,7576,75005,75105,Paris 5e Arrondissement,75,,,75105000AR0029,,,13,45.36,35,,,,,,,,2,3,Dépendance,,0,,,,,,2.360502,48.840103
2022-1669319,2022-03-29,000001,Vente,660000,11,,RUE MALEBRANCHE,5949,75005,75105,Paris 5e Arrondissement,75,,,75105000BI0034,,,39,43.5,,,,,,,,,1,2,Appartement,40,2,,,,,,2.34233,48.846296
2022-1669319,2022-03-29,000001,Vente,660000,11,,RUE MALEBRANCHE,5949,75005,75105,Paris 5e Arrondissement,75,,,75105000BI0034,,,39,43.5,,,,,,,,,1,3,Dépendance,,0,,,,,,2.34233,48.846296
2022-1669356,2022-03-24,000001,Vente,440000,26,,BD SAINT MARCEL,8690,75005,75105,Paris 5e Arrondissement,75,,,75105000AR0048,,,29,,,,,,,,,,1,2,Appartement,37,2,,,,,,2.359197,48.839478
2022-1669370,2022-03-18,000001,Vente,35000,253,,RUE SAINT JACQUES,8648,75005,75105,Paris 5e Arrondissement,75,,,75105000BD0024,,,358,,,,,,,,,,1,3,Dépendance,,0,,,,,,2.341764,48.842168
2022-1669374,2022-03-25,000001,Vente,390000,30,,RUE GEOFFROY ST HILAIRE,4108,75005,75105,Paris 5e Arrondissement,75,,,75105000AM0004,,,37,,54,,7,29.16,,,,,3,3,Dépendance,,0,,,,,,2.356391,48.840682
2022-1669374,2022-03-25,000001,Vente,390000,30,,RUE GEOFFROY ST HILAIRE,4108,75005,75105,Paris 5e Arrondissement,75,,,75105000AM0004,,,37,,54,,7,29.16,,,,,3,2,Appartement,29,2,,,,,,2.356391,48.840682
2022-1669374,2022-03-25,000001,Vente,390000,30,,RUE GEOFFROY ST HILAIRE,4108,75005,75105,Paris 5e Arrondissement,75,,,75105000AM0004,,,37,,54,,7,29.16,,,,,3,3,Dépendance,,0,,,,,,2.356391,48.840682
2022-1669389,2022-04-01,000001,Vente,1200000,53,,QUAI DE LA TOURNELLE,9380,75005,75105,Paris 5e Arrondissement,75,,,75105000AB0178,,,202,62.31,,,,,,,,,1,2,Appartement,65,1,,,,,,2.351868,48.850586
2022-1669404,2022-03-22,000001,Vente,50000,7,,RUE BLAINVILLE,1001,75005,75105,Paris 5e Arrondissement,75,,,75105000AZ0037,,,254,,,,,,,,,,1,3,Dépendance,,0,,,,,,2.348697,48.844149
2022-1669443,2022-03-28,000001,Vente,680000,77,,BD SAINT MICHEL,8705,75005,75105,Paris 5e Arrondissement,75,,,75105000BH0006,,,17,,41,47.97,,,,,,,2,2,Appartement,48,2,,,,,,2.340546,48.845799
2022-1669443,2022-03-28,000001,Vente,680000,77,,BD SAINT MICHEL,8705,75005,75105,Paris 5e Arrondissement,75,,,75105000BH0006,,,17,,41,47.97,,,,,,,2,3,Dépendance,,0,,,,,,2.340546,48.845799
2022-1669466,2022-03-28,000001,Vente,500290,18,,RUE DES FOSSES ST JACQUES,3749,75005,75105,Paris 5e Arrondissement,75,,,75105000BI0069,,,15,,2,,22,,,,,,3,2,Appartement,39,2,,,,,,2.344043,48.845197
2022-1669466,2022-03-28,000001,Vente,500290,18,,RUE DES FOSSES ST JACQUES,3749,75005,75105,Paris 5e Arrondissement,75,,,75105000BI0069,,,15,,2,,22,,,,,,3,3,Dépendance,,0,,,,,,2.344043,48.845197
2022-1669468,2022-04-01,000001,Vente,750000,5,,RUE FUSTEL DE COULANGES,3890,75005,75105,Paris 5e Arrondissement,75,,,75105000BF0064,,,31,,9,,,,,,,,2,2,Appartement,50,3,,,,,,2.339255,48.839634
2022-1669468,2022-04-01,000001,Vente,750000,5,,RUE FUSTEL DE COULANGES,3890,75005,75105,Paris 5e Arrondissement,75,,,75105000BF0064,,,31,,9,,,,,,,,2,3,Dépendance,,0,,,,,,2.339255,48.839634
2022-1669478,2022-03-25,000001,Vente,1008800,187,,RUE SAINT JACQUES,8648,75005,75105,Paris 5e Arrondissement,75,,,75105000BI0062,,,22,,25,,,,,,,,2,2,Appartement,60,2,,,,,,2.343008,48.845165
2022-1669555,2022-03-16,000001,Vente,200000,89,,RUE MOUFFETARD,6581,75005,75105,Paris 5e Arrondissement,75,,,75105000AL0013,,,23,,,,,,,,,,1,2,Appartement,19,1,,,,,,2.349861,48.841632
2022-1669590,2022-03-23,000001,Vente,235000,16,,RUE LINNE,5696,75005,75105,Paris 5e Arrondissement,75,,,75105000AG0031,,,107,22.71,,,,,,,,,1,3,Dépendance,,0,,,,,,2.354998,48.845113
2022-1669590,2022-03-23,000001,Vente,235000,16,,RUE LINNE,5696,75005,75105,Paris 5e Arrondissement,75,,,75105000AG0031,,,107,22.71,,,,,,,,,1,2,Appartement,135,5,,,,,,2.354998,48.845113
2022-1669620,2022-03-22,000001,Vente,120000,15,,RUE JUSSIEU,5130,75005,75105,Paris 5e Arrondissement,75,,,75105000AG0040,,,36,,45,,,,,,,,2,3,Dépendance,,0,,,,,,2.355479,48.845572
2022-1669725,2022-04-08,000001,Vente,378550,1,,RUE DES FOSSES ST MARCEL,3751,75005,75105,Paris 5e Arrondissement,75,,,75105000AR0089,,,13,,68,,,,,,,,2,2,Appartement,23,1,,,,,,2.356467,48.839477
2022-1669725,2022-04-08,000001,Vente,378550,1,,RUE DES FOSSES ST MARCEL,3751,75005,75105,Paris 5e Arrondissement,75,,,75105000AR0089,,,14,,,,,,,,,,1,2,Appartement,18,1,,,,,,2.356467,48.839477
2022-1669739,2022-03-25,000001,Vente,8000,55,,RUE CLAUDE BERNARD,2069,75005,75105,Paris 5e Arrondissement,75,,,75105000BE0020,,,37,,,,,,,,,,1,3,Dépendance,,0,,,,,,2.344875,48.840249
2022-1669750,2022-03-15,000001,Vente,538000,13,,RUE DE L EPEE DE BOIS,3298,75005,75105,Paris 5e Arrondissement,75,,,75105000AL0109,,,1012,49.65,,,,,,,,,1,2,Appartement,50,2,,,,,,2.350435,48.841357
2022-1669750,2022-03-15,000001,Vente,538000,13,,RUE DE L EPEE DE BOIS,3298,75005,75105,Paris 5e Arrondissement,75,,,75105000AL0109,,,1077,,,,,,,,,,1,3,Dépendance,,0,,,,,,2.350435,48.841357
2022-1669753,2022-04-04,000001,Vente,2038700,3,,RUE DANTE,2549,75005,75105,Paris 5e Arrondissement,75,,,75105000BQ0114,,,25,,7,135.97,,,,,,,2,3,Dépendance,,0,,,,,,2.346978,48.851161
2022-1669753,2022-04-04,000001,Vente,2038700,3,,RUE DANTE,2549,75005,75105,Paris 5e Arrondissement,75,,,75105000BQ0114,,,25,,7,135.97,,,,,,,2,2,Appartement,127,5,,,,,,2.346978,48.851161
2022-1669766,2022-03-31,000001,Vente,1124960,1,,RUE POLIVEAU,7576,75005,75105,Paris 5e Arrondissement,75,,,75105000AR0133,,,68,,9,94.04,,,,,,,2,3,Dépendance,,0,,,,,,2.361345,48.840172
2022-1669766,2022-03-31,000001,Vente,1124960,3,,RUE POLIVEAU,7576,75005,75105,Paris 5e Arrondissement,75,,,75105000AR0133,,,57,,,,,,,,,,1,3,Dépendance,,0,,,,,,2.361345,48.840172
2022-1669766,2022-03-31,000001,Vente,1124960,1,,RUE POLIVEAU,7576,75005,75105,Paris 5e Arrondissement,75,,,75105000AR0133,,,68,,9,94.04,,,,,,,2,2,Appartement,94,3,,,,,,2.361345,48.840172
2022-1669766,2022-03-31,000001,Vente,1124960,1,,RUE POLIVEAU,7576,75005,75105,Paris 5e Arrondissement,75,,,75105000AR0133,,,68,,9,94.04,,,,,,,2,3,Dépendance,,0,,,,,,2.361345,48.840172
2022-1669771,2022-04-04,000001,Vente,1705000,1,,RUE DE PONTOISE,7621,75005,75105,Paris 5e Arrondissement,75,,,75105000AB0125,,,44,,46,,,,,,,,2,3,Dépendance,,0,,,,,,2.352591,48.850401
2022-1669771,2022-04-04,000001,Vente,1705000,1,,RUE DE PONTOISE,7621,75005,75105,Paris 5e Arrondissement,75,,,75105000AB0125,,,44,,46,,,,,,,,2,3,Dépendance,,0,,,,,,2.352591,48.850401
2022-1669771,2022-04-04,000001,Vente,1705000,1,,RUE DE PONTOISE,7621,75005,75105,Paris 5e Arrondissement,75,,,75105000AB0125,,,44,,46,,,,,,,,2,3,Dépendance,,0,,,,,,2.352591,48.850401
2022-1669771,2022-04-04,000001,Vente,1705000,1,,RUE DE PONTOISE,7621,75005,75105,Paris 5e Arrondissement,75,,,75105000AB0125,,,44,,46,,,,,,,,2,2,Appartement,106,5,,,,,,2.352591,48.850401
2022-1669772,2022-04-01,000001,Vente,45000,69,,RUE CLAUDE BERNARD,2069,75005,75105,Paris 5e Arrondissement,75,,,75105000BD0051,,,126,,,,,,,,,,1,3,Dépendance,,0,,,,,,2.343855,48.840808
2022-1669800,2022-04-01,000001,Vente,695000,7,,RUE LARREY,5362,75005,75105,Paris 5e Arrondissement,75,,,75105000AL0125,,,3,53.42,,,,,,,,,1,2,Appartement,58,2,,,,,,2.353305,48.841809
2022-1669833,2022-04-15,000001,Vente,1184500,2,,SQ ADANSON,0052,75005,75105,Paris 5e Arrondissement,75,,,75105000AU0053,,,212,,239,,310,,,,,,3,2,Appartement,88,3,,,,,,2.351482,48.839027
2022-1669833,2022-04-15,000001,Vente,1184500,2,,SQ ADANSON,0052,75005,75105,Paris 5e Arrondissement,75,,,75105000AU0053,,,212,,239,,310,,,,,,3,3,Dépendance,,0,,,,,,2.351482,48.839027
2022-1669838,2022-04-04,000001,Vente,575000,14,,RUE FLATTERS,3665,75005,75105,Paris 5e Arrondissement,75,,,75105000AW0097,,,8,49.46,,,,,,,,,1,3,Dépendance,,0,,,,,,2.346192,48.83822
2022-1669838,2022-04-04,000001,Vente,575000,14,,RUE FLATTERS,3665,75005,75105,Paris 5e Arrondissement,75,,,75105000AW0097,,,8,49.46,,,,,,,,,1,2,Appartement,44,3,,,,,,2.346192,48.83822
2022-1669865,2022-04-01,000001,Vente,500000,18,,RUE ROLLIN,8329,75005,75105,Paris 5e Arrondissement,75,,,75105000AJ0038,,,1,64.78,32,,,,,,,,2,4,Local industriel. commercial ou assimilé,53,0,,,,,,2.349981,48.844909
2022-1669887,2022-03-31,000001,Vente,540000,35,,PL MAUBERT,6181,75005,75105,Paris 5e Arrondissement,75,,,75105000AB0040,,,101,47.09,,,,,,,,,1,2,Appartement,50,2,,,,,,2.349171,48.850248
2022-1669890,2022-04-04,000001,Vente,1285000,32,,RUE DE L ARBALETE,0405,75005,75105,Paris 5e Arrondissement,75,,,75105000AX0012,,,20,,,,,,,,,,1,2,Appartement,52,1,,,,,,2.346625,48.839701
2022-1669902,2022-04-07,000001,Vente,1350000,33,,RUE GAY-LUSSAC,3998,75005,75105,Paris 5e Arrondissement,75,,,75105000BC0014,,,17,,7,92.49,,,,,,,2,2,Appartement,87,4,,,,,,2.342441,48.843992
2022-1669902,2022-04-07,000001,Vente,1350000,33,,RUE GAY-LUSSAC,3998,75005,75105,Paris 5e Arrondissement,75,,,75105000BC0014,,,17,,7,92.49,,,,,,,2,3,Dépendance,,0,,,,,,2.342441,48.843992
2022-1669903,2022-03-18,000001,Vente,260000,7,,RUE PIERRE NICOLE,7467,75005,75105,Paris 5e Arrondissement,75,,,75105000BG0046,,,26,9.36,,,,,,,,,1,3,Dépendance,,0,,,,,,2.340806,48.842065
2022-1669903,2022-03-18,000001,Vente,260000,7,,RUE PIERRE NICOLE,7467,75005,75105,Paris 5e Arrondissement,75,,,75105000BG0046,,,17,9.57,,,,,,,,,1,3,Dépendance,,0,,,,,,2.340806,48.842065
2022-1669912,2022-04-05,000001,Vente,336000,7,,RUE DE VALENCE,9546,75005,75105,Paris 5e Arrondissement,75,,,75105000AV0060,,,13,42.14,70,,,,,,,,2,3,Dépendance,,0,,,,,,2.349992,48.837804
2022-1669912,2022-04-05,000001,Vente,336000,7,,RUE DE VALENCE,9546,75005,75105,Paris 5e Arrondissement,75,,,75105000AV0060,,,13,42.14,70,,,,,,,,2,2,Appartement,40,2,,,,,,2.349992,48.837804
2022-1669926,2022-04-14,000001,Vente,190000,161,,RUE SAINT JACQUES,8648,75005,75105,Paris 5e Arrondissement,75,,,75105000BJ0041,,,24,11.65,,,,,,,,,1,3,Dépendance,,0,,,,,,2.343371,48.846166
2022-1669939,2022-04-20,000001,Vente,1630000,80,,BD SAINT GERMAIN,8619,75005,75105,Paris 5e Arrondissement,75,,,75105000BQ0129,,,26,,7,115.7,,,,,,,2,2,Appartement,120,5,,,,,,2.346351,48.850877
2022-1669939,2022-04-20,000001,Vente,1630000,80,,BD SAINT GERMAIN,8619,75005,75105,Paris 5e Arrondissement,75,,,75105000BQ0129,,,26,,7,115.7,,,,,,,2,3,Dépendance,,0,,,,,,2.346351,48.850877
2022-1669942,2022-04-08,000001,Vente,7500,31,,BD SAINT GERMAIN,8619,75005,75105,Paris 5e Arrondissement,75,,,75105000AC0019,,,10,,,,,,,,,,1,3,Dépendance,,0,,,,,,2.351893,48.849351
2022-1669942,2022-04-08,000001,Vente,7500,31,,BD SAINT GERMAIN,8619,75005,75105,Paris 5e Arrondissement,75,,,75105000AC0019,,,10,,,,,,,,,,1,2,Appartement,127,6,,,,,,2.351893,48.849351
2022-1669962,2022-03-29,000001,Vente,550000,70,,RUE MOUFFETARD,6581,75005,75105,Paris 5e Arrondissement,75,,,75105000AY0081,,,76,46.06,,,,,,,,,1,2,Appartement,45,2,,,,,,2.34936,48.842727
2022-1669988,2022-04-08,000001,Vente,1700000,39,,BD SAINT MICHEL,8705,75005,75105,Paris 5e Arrondissement,75,,,75105000BN0007,,,19,,20,,33,,,,,,3,4,Local industriel. commercial ou assimilé,193,0,,,,,,2.342367,48.849284
2022-1670027,2022-04-20,000001,Vente,680000,82,,RUE CLAUDE BERNARD,2069,75005,75105,Paris 5e Arrondissement,75,,,75105000BD0046,,,46,,57,,,,,,,,2,2,Appartement,58,3,,,,,,2.344935,48.840933
2022-1670027,2022-04-20,000001,Vente,680000,82,,RUE CLAUDE BERNARD,2069,75005,75105,Paris 5e Arrondissement,75,,,75105000BD0046,,,46,,57,,,,,,,,2,3,Dépendance,,0,,,,,,2.344935,48.840933
2022-1670027,2022-04-20,000001,Vente,680000,82,,RUE CLAUDE BERNARD,2069,75005,75105,Paris 5e Arrondissement,75,,,75105000BD0046,,,58,,,,,,,,,,1,3,Dépendance,,0,,,,,,2.344935,48.840933
2022-1670027,2022-04-20,000001,Vente,680000,82,,RUE CLAUDE BERNARD,2069,75005,75105,Paris 5e Arrondissement,75,,,75105000BD0046,,,58,,,,,,,,,,1,2,Appartement,72,3,,,,,,2.344935,48.840933
2022-1670027,2022-04-20,000001,Vente,680000,82,,RUE CLAUDE BERNARD,2069,75005,75105,Paris 5e Arrondissement,75,,,75105000BD0046,,,30,,,,,,,,,,1,2,Appartement,8,1,,,,,,2.344935,48.840933
2022-1670034,2022-04-15,000001,Vente,1994500,42,,BD DE PORT-ROYAL,7740,75005,75105,Paris 5e Arrondissement,75,,,75105000AW0075,,,31,,6,,,,,,,,2,3,Dépendance,,0,,,,,,2.347642,48.837442
2022-1670034,2022-04-15,000001,Vente,1994500,42,,BD DE PORT-ROYAL,7740,75005,75105,Paris 5e Arrondissement,75,,,75105000AW0075,,,18,,,,,,,,,,1,3,Dépendance,,0,,,,,,2.347642,48.837442
2022-1670034,2022-04-15,000001,Vente,1994500,42,,BD DE PORT-ROYAL,7740,75005,75105,Paris 5e Arrondissement,75,,,75105000AW0075,,,31,,6,,,,,,,,2,2,Appartement,135,5,,,,,,2.347642,48.837442
2022-1670034,2022-04-15,000001,Vente,1994500,42,,BD DE PORT-ROYAL,7740,75005,75105,Paris 5e Arrondissement,75,,,75105000AW0075,,,17,16.93,,,,,,,,,1,3,Dépendance,,0,,,,,,2.347642,48.837442
2022-1670036,2022-04-11,000001,Vente,860000,5,,RUE SOUFFLOT,9041,75005,75105,Paris 5e Arrondissement,75,,,75105000BJ0049,,,63,,78,62.57,,,,,,,2,3,Dépendance,,0,,,,,,2.343781,48.84646
2022-1670036,2022-04-11,000001,Vente,860000,5,,RUE SOUFFLOT,9041,75005,75105,Paris 5e Arrondissement,75,,,75105000BJ0049,,,63,,78,62.57,,,,,,,2,2,Appartement,61,2,,,,,,2.343781,48.84646
2022-1670043,2022-04-08,000001,Vente,254000,25,,RUE MONGE,6432,75005,75105,Paris 5e Arrondissement,75,,,75105000AI0021,,,6,,,,,,,,,,1,2,Appartement,22,1,,,,,,2.351284,48.847346
2022-1670047,2022-04-04,000001,Vente,374750,27,,RUE BROCA,1313,75005,75105,Paris 5e Arrondissement,75,,,75105000AW0068,,,358,28.31,,,,,,,,,1,2,Appartement,28,1,,,,,,2.348309,48.837769
2022-1670047,2022-04-04,000001,Vente,374750,27,,RUE BROCA,1313,75005,75105,Paris 5e Arrondissement,75,,,75105000AW0068,,,125,,,,,,,,,,1,3,Dépendance,,0,,,,,,2.348309,48.837769
2022-1670066,2022-04-11,000001,Vente,364315,22,,RUE XAVIER PRIVAS,9975,75005,75105,Paris 5e Arrondissement,75,,,75105000BP0085,,,8,32.11,,,,,,,,,1,2,Appartement,37,3,,,,,,2.345108,48.8526
2022-1670100,2022-03-28,000001,Vente,1648000,3,,RUE BLAINVILLE,1001,75005,75105,Paris 5e Arrondissement,75,,,75105000AZ0039,,,12,140.08,,,,,,,,,1,2,Appartement,38,2,,,,,,2.349053,48.844417
2022-1670100,2022-03-28,000001,Vente,1648000,3,,RUE BLAINVILLE,1001,75005,75105,Paris 5e Arrondissement,75,,,75105000AZ0039,,,12,140.08,,,,,,,,,1,4,Local industriel. commercial ou assimilé,95,0,,,,,,2.349053,48.844417
2022-1670109,2022-04-21,000001,Vente,160000,8,,RUE MAITRE ALBERT,5937,75005,75105,Paris 5e Arrondissement,75,,,75105000AB0014,,,19,,20,9.52,,,,,,,2,2,Appartement,12,1,,,,,,2.349723,48.850888
2022-1670141,2022-04-11,000001,Vente,330000,68,,BD DE PORT-ROYAL,7740,75005,75105,Paris 5e Arrondissement,75,,,75105000AW0002,,,10,28.72,27,,,,,,,,2,2,Appartement,28,1,,,,,,2.345087,48.838019
2022-1670141,2022-04-11,000001,Vente,330000,68,,BD DE PORT-ROYAL,7740,75005,75105,Paris 5e Arrondissement,75,,,75105000AW0002,,,10,28.72,27,,,,,,,,2,3,Dépendance,,0,,,,,,2.345087,48.838019
2022-1670146,2022-04-21,000001,Vente,906500,14,,BD SAINT MARCEL,8690,75005,75105,Paris 5e Arrondissement,75,,,75105000AR0041,,,17,,33,81.37,,,,,,,2,2,Appartement,82,2,,,,,,2.360366,48.839873
2022-1670168,2022-04-07,000001,Vente,675000,9,,RUE LARREY,5362,75005,75105,Paris 5e Arrondissement,75,,,75105000AL0100,,,101,,2,62.04,4,,,,,,3,4,Local industriel. commercial ou assimilé,64,0,,,,,,2.353457,48.842
2022-1670176,2022-03-23,000001,Vente,250000,49,,RUE DE LA HARPE,4475,75005,75105,Paris 5e Arrondissement,75,,,75105000BP0133,,,21,,,,,,,,,,1,3,Dépendance,,0,,,,,,2.344142,48.85159
2022-1670176,2022-03-23,000001,Vente,250000,49,,RUE DE LA HARPE,4475,75005,75105,Paris 5e Arrondissement,75,,,75105000BP0133,,,21,,,,,,,,,,1,2,Appartement,30,1,,,,,,2.344142,48.85159
2022-1670196,2022-04-06,000001,Vente,430000,19,,RUE ROLLIN,8329,75005,75105,Paris 5e Arrondissement,75,,,75105000AJ0138,,,17,,8,35.23,,,,,,,2,3,Dépendance,,0,,,,,,2.350514,48.844496
2022-1670196,2022-04-06,000001,Vente,430000,19,,RUE ROLLIN,8329,75005,75105,Paris 5e Arrondissement,75,,,75105000AJ0138,,,17,,8,35.23,,,,,,,2,2,Appartement,33,2,,,,,,2.350514,48.844496
2022-1670220,2022-04-12,000001,Vente,22000,23,,RUE PASCAL,7076,75005,75105,Paris 5e Arrondissement,75,,,75105000AV0051,,,27,,,,,,,,,,1,3,Dépendance,,0,,,,,,2.349512,48.837359
2022-1670240,2022-04-19,000001,Vente,220295,212,,RUE SAINT JACQUES,8648,75005,75105,Paris 5e Arrondissement,75,,,75105000BH0055,,,36,16.5,48,,,,,,,,2,3,Dépendance,,0,,,,,,2.342187,48.845483
2022-1670240,2022-04-19,000001,Vente,220295,212,,RUE SAINT JACQUES,8648,75005,75105,Paris 5e Arrondissement,75,,,75105000BH0055,,,36,16.5,48,,,,,,,,2,2,Appartement,15,1,,,,,,2.342187,48.845483
2022-1670247,2022-04-08,000001,Vente,610000,13,,AV DES GOBELINS,4209,75005,75105,Paris 5e Arrondissement,75,,,75105000AV0018,,,20,57.5,,,,,,,,,1,2,Appartement,56,3,,,,,,2.351868,48.837755
2022-1670256,2022-03-23,000001,Vente,456950,16,,RUE SAINT SEVERIN,8760,75005,75105,Paris 5e Arrondissement,75,,,75105000BP0049,,,24,,,,,,,,,,1,2,Appartement,34,2,,,,,,2.345548,48.852546
2022-1670270,2022-04-12,000001,Vente,436000,69,,RUE CLAUDE BERNARD,2069,75005,75105,Paris 5e Arrondissement,75,,,75105000BD0051,,,283,,,,,,,,,,1,2,Appartement,32,1,,,,,,2.343855,48.840808
2022-1670306,2022-03-30,000002,Echange,102000,9,,RUE DU CARDINAL LEMOINE,1545,75005,75105,Paris 5e Arrondissement,75,,,75105000AD0022,,,4,,,,,,,,,,1,3,Dépendance,,0,,,,,,2.354174,48.848908
2022-1670306,2022-03-30,000002,Echange,102000,9,,RUE DU CARDINAL LEMOINE,1545,75005,75105,Paris 5e Arrondissement,75,,,75105000AD0022,,,4,,,,,,,,,,1,2,Appartement,50,2,,,,,,2.354174,48.848908
2022-1670391,2022-04-07,000001,Vente,157000,11,,RUE PESTALOZZI,7301,75005,75105,Paris 5e Arrondissement,75,,,75105000AL0026,,,1,15.17,,,,,,,,,1,2,Appartement,14,1,,,,,,2.351256,48.841795
2022-1670481,2022-04-13,000001,Vente,210000,9,,RUE DES BOULANGERS,1156,75005,75105,Paris 5e Arrondissement,75,,,75105000AJ0084,,,110,16.44,,,,,,,,,1,2,Appartement,22,1,,,,,,2.354023,48.84571
2022-1670487,2022-04-13,000001,Vente,860000,87,,RUE MONGE,6432,75005,75105,Paris 5e Arrondissement,75,,,75105000AL0076,,,308,,322,70.99,,,,,,,2,2,Appartement,70,3,,,,,,2.352383,48.84184
2022-1670487,2022-04-13,000001,Vente,860000,87,,RUE MONGE,6432,75005,75105,Paris 5e Arrondissement,75,,,75105000AL0076,,,308,,322,70.99,,,,,,,2,3,Dépendance,,0,,,,,,2.352383,48.84184
2022-1670491,2022-04-01,000001,Vente,1180000,72,,RUE CLAUDE BERNARD,2069,75005,75105,Paris 5e Arrondissement,75,,,75105000AY0007,,,15,82.12,59,,,,,,,,2,2,Appartement,81,3,,,,,,2.346039,48.840561
2022-1670498,2022-04-19,000001,Vente,914560,90,,BD SAINT GERMAIN,8619,75005,75105,Paris 5e Arrondissement,75,,,75105000BP0116,,,103,,130,59.8,,,,,,,2,3,Dépendance,,0,,,,,,2.344827,48.851225
2022-1670498,2022-04-19,000001,Vente,914560,90,,BD SAINT GERMAIN,8619,75005,75105,Paris 5e Arrondissement,75,,,75105000BP0116,,,103,,130,59.8,,,,,,,2,2,Appartement,64,2,,,,,,2.344827,48.851225
2022-1670510,2022-04-12,000001,Vente,124170,11,,RUE DE LA COLLEGIALE,2187,75005,75105,Paris 5e Arrondissement,75,,,75105000AV0021,,,11,9.18,,,,,,,,,1,2,Appartement,10,1,,,,,,2.352012,48.837759
2022-1670526,2022-04-01,000001,Vente,400000,88,B,BD DE PORT-ROYAL,7740,75005,75105,Paris 5e Arrondissement,75,,,75105000BF0085,,,18,,3,,,,,,,,2,3,Dépendance,,0,,,,,,2.339189,48.839309
2022-1670526,2022-04-01,000001,Vente,400000,88,B,BD DE PORT-ROYAL,7740,75005,75105,Paris 5e Arrondissement,75,,,75105000BF0085,,,18,,3,,,,,,,,2,2,Appartement,58,3,,,,,,2.339189,48.839309
2022-1670537,2022-04-27,000001,Vente,270000,18,,RUE SAINT SEVERIN,8760,75005,75105,Paris 5e Arrondissement,75,,,75105000BP0043,,,17,39.92,,,,,,,,,1,2,Appartement,38,2,,,,,,2.345476,48.852488
2022-1670537,2022-04-27,000001,Vente,270000,18,,RUE SAINT SEVERIN,8760,75005,75105,Paris 5e Arrondissement,75,,,75105000BP0043,,,17,39.92,,,,,,,,,1,3,Dépendance,,0,,,,,,2.345476,48.852488
2022-1670540,2022-04-20,000001,Vente,84800,47,,RUE CLAUDE BERNARD,2069,75005,75105,Paris 5e Arrondissement,75,,,75105000BE0024,,,49,14,,,,,,,,,1,3,Dépendance,,0,,,,,,2.345454,48.840041
2022-1670558,2022-04-13,000001,Vente,439500,10,,SQ ADANSON,0052,75005,75105,Paris 5e Arrondissement,75,,,75105000AU0096,,,135,,220,32.03,,,,,,,2,3,Dépendance,,0,,,,,,2.351929,48.839099
2022-1670558,2022-04-13,000001,Vente,439500,10,,SQ ADANSON,0052,75005,75105,Paris 5e Arrondissement,75,,,75105000AU0096,,,135,,220,32.03,,,,,,,2,2,Appartement,32,1,,,,,,2.351929,48.839099
2022-1670559,2022-04-14,000001,Vente,400000,20,,BD DE PORT-ROYAL,7740,75005,75105,Paris 5e Arrondissement,75,,,75105000AV0050,,,35,42.87,,,,,,,,,1,2,Appartement,25,1,,,,,,2.349291,48.837294
2022-1670559,2022-04-14,000001,Vente,400000,20,,BD DE PORT-ROYAL,7740,75005,75105,Paris 5e Arrondissement,75,,,75105000AV0050,,,2,,,,,,,,,,1,3,Dépendance,,0,,,,,,2.349291,48.837294
2022-1670559,2022-04-14,000001,Vente,400000,20,,BD DE PORT-ROYAL,7740,75005,75105,Paris 5e Arrondissement,75,,,75105000AV0050,,,36,,38,,,,,,,,2,2,Appartement,15,1,,,,,,2.349291,48.837294
2022-1670578,2022-04-14,000001,Vente,2280000,16,,RUE ROYER-COLLARD,8421,75005,75105,Paris 5e Arrondissement,75,,,75105000BI0024,,,22,,5,,,,,,,,2,2,Appartement,110,5,,,,,,2.341618,48.846072
2022-1670578,2022-04-14,000001,Vente,2280000,16,,RUE ROYER-COLLARD,8421,75005,75105,Paris 5e Arrondissement,75,,,75105000BI0024,,,22,,5,,,,,,,,2,3,Dépendance,,0,,,,,,2.341618,48.846072
2022-1670578,2022-04-14,000001,Vente,2280000,16,,RUE ROYER-COLLARD,8421,75005,75105,Paris 5e Arrondissement,75,,,75105000BI0024,,,13,,,,,,,,,,1,3,Dépendance,,0,,,,,,2.341618,48.846072
2022-1670580,2022-04-26,000001,Vente,430000,25,,RUE DU CARDINAL LEMOINE,1545,75005,75105,Paris 5e Arrondissement,75,,,75105000AH0038,,,1014,,,,,,,,,,1,2,Appartement,26,1,,,,,,2.353067,48.847696
2022-1670581,2022-04-04,000001,Vente,245000,73,,RUE BUFFON,1371,75005,75105,Paris 5e Arrondissement,75,,,75105000AM0008,,,108,21.35,,,,,,,,,1,2,Appartement,28,1,,,,,,2.356384,48.841131
2022-1670598,2022-04-05,000001,Vente,399250,105,,RUE MONGE,6432,75005,75105,Paris 5e Arrondissement,75,,,75105000AU0027,,,16,27.01,29,,,,,,,,2,3,Dépendance,,0,,,,,,2.3519,48.840376
2022-1670598,2022-04-05,000001,Vente,399250,105,,RUE MONGE,6432,75005,75105,Paris 5e Arrondissement,75,,,75105000AU0027,,,16,27.01,29,,,,,,,,2,2,Appartement,29,2,,,,,,2.3519,48.840376
2022-1670610,2022-04-01,000001,Vente,220500,25,,RUE POLIVEAU,7576,75005,75105,Paris 5e Arrondissement,75,,,75105000AR0140,,,29,16.9,50,,,,,,,,2,2,Appartement,21,1,,,,,,2.35922,48.839881
2022-1670610,2022-04-01,000001,Vente,220500,25,,RUE POLIVEAU,7576,75005,75105,Paris 5e Arrondissement,75,,,75105000AR0140,,,29,16.9,50,,,,,,,,2,3,Dépendance,,0,,,,,,2.35922,48.839881
2022-1670658,2022-04-11,000001,Vente,47000,21,,RUE POLIVEAU,7576,75005,75105,Paris 5e Arrondissement,75,,,75105000AR0095,,,1053,,,,,,,,,,1,3,Dépendance,,0,,,,,,2.359427,48.840045
2022-1670664,2022-04-22,000001,Vente,28000,9,,RUE GEOFFROY ST HILAIRE,4108,75005,75105,Paris 5e Arrondissement,75,,,75105000AR0105,,,109,,,,,,,,,,1,3,Dépendance,,0,,,,,,2.356495,48.839103
2022-1670679,2022-04-22,000001,Vente,441603,9,,RUE GUY DE LA BROSSE,4434,75005,75105,Paris 5e Arrondissement,75,,,75105000AG0046,,,3,29.23,37,,,,,,,,2,2,Appartement,30,2,,,,,,2.355564,48.844928
2022-1670679,2022-04-22,000001,Vente,441603,9,,RUE GUY DE LA BROSSE,4434,75005,75105,Paris 5e Arrondissement,75,,,75105000AG0046,,,3,29.23,37,,,,,,,,2,3,Dépendance,,0,,,,,,2.355564,48.844928
2022-1670703,2022-04-27,000001,Vente,360000,11,,RUE DES FOSSES ST MARCEL,3751,75005,75105,Paris 5e Arrondissement,75,,,75105000AR0084,,,12,26.9,,,,,,,,,1,3,Dépendance,,0,,,,,,2.356277,48.838939
2022-1670703,2022-04-27,000001,Vente,360000,11,,RUE DES FOSSES ST MARCEL,3751,75005,75105,Paris 5e Arrondissement,75,,,75105000AR0084,,,12,26.9,,,,,,,,,1,2,Appartement,28,1,,,,,,2.356277,48.838939
2022-1670704,2022-04-07,000001,Vente,640000,24,,RUE MAITRE ALBERT,5937,75005,75105,Paris 5e Arrondissement,75,,,75105000AB0035,,,1,54.5,,,,,,,,,1,4,Local industriel. commercial ou assimilé,111,0,,,,,,2.349064,48.85046
2022-1670745,2022-04-21,000001,Vente,3000,2,,CITE DU CARDINAL LEMOINE,1543,75005,75105,Paris 5e Arrondissement,75,,,75105000AC0044,,,19,,,,,,,,,,1,3,Dépendance,,0,,,,,,2.353334,48.848785
2022-1670756,2022-04-21,000001,Echange,185654,50,,BD DE PORT-ROYAL,7740,75005,75105,Paris 5e Arrondissement,75,,,75105000AW0102,,,21,,3,,,,,,,,2,3,Dépendance,,0,,,,,,2.346666,48.837657
2022-1670756,2022-04-21,000001,Echange,185654,50,,BD DE PORT-ROYAL,7740,75005,75105,Paris 5e Arrondissement,75,,,75105000AW0102,,,21,,3,,,,,,,,2,2,Appartement,55,3,,,,,,2.346666,48.837657
2022-1670778,2022-04-12,000001,Vente,1587000,21,,RUE ROLLIN,8329,75005,75105,Paris 5e Arrondissement,75,,,75105000AJ0143,,,37,,,,,,,,,,1,2,Appartement,82,3,,,,,,2.349996,48.844627
2022-1670778,2022-04-12,000001,Vente,1587000,21,,RUE ROLLIN,8329,75005,75105,Paris 5e Arrondissement,75,,,75105000AJ0143,,,64,,,,,,,,,,1,3,Dépendance,,0,,,,,,2.349996,48.844627
2022-1670778,2022-04-12,000001,Vente,1587000,21,,RUE ROLLIN,8329,75005,75105,Paris 5e Arrondissement,75,,,75105000AJ0143,,,36,,,,,,,,,,1,2,Appartement,24,1,,,,,,2.349996,48.844627
2022-1670786,2022-04-21,000001,Vente,890000,8,,RUE DE LA BUCHERIE,1357,75005,75105,Paris 5e Arrondissement,75,,,75105000BQ0070,,,307,59.37,,,,,,,,,1,2,Appartement,65,3,,,,,,2.349098,48.8517
2022-1670786,2022-04-21,000001,Vente,890000,8,,RUE DE LA BUCHERIE,1357,75005,75105,Paris 5e Arrondissement,75,,,75105000BQ0070,,,307,59.37,,,,,,,,,1,3,Dépendance,,0,,,,,,2.349098,48.8517
2022-1670801,2022-04-19,000001,Vente,1320000,13,,RUE DU CARDINAL LEMOINE,1545,75005,75105,Paris 5e Arrondissement,75,,,75105000AD0031,,,4,100.12,,,,,,,,,1,2,Appartement,95,5,,,,,,2.354108,48.848741
2022-1670801,2022-04-19,000001,Vente,1320000,13,,RUE DU CARDINAL LEMOINE,1545,75005,75105,Paris 5e Arrondissement,75,,,75105000AD0031,,,4,100.12,,,,,,,,,1,3,Dépendance,,0,,,,,,2.354108,48.848741
2022-1670879,2022-04-20,000001,Vente,175200,8,,RUE DE NAVARRE,6702,75005,75105,Paris 5e Arrondissement,75,,,75105000AG0005,,,87,,,,,,,,,,1,3,Dépendance,,0,,,,,,2.353919,48.844289
2022-1670881,2022-05-04,000001,Vente,75000,253,,RUE SAINT JACQUES,8648,75005,75105,Paris 5e Arrondissement,75,,,75105000BD0024,,,356,,,,,,,,,,1,3,Dépendance,,0,,,,,,2.341764,48.842168
2022-1670882,2022-04-29,000001,Vente,363308,35,,RUE MONGE,6432,75005,75105,Paris 5e Arrondissement,75,,,75105000AJ0066,,,14,27.54,,,,,,,,,1,3,Dépendance,,0,,,,,,2.352155,48.845984
2022-1670882,2022-04-29,000001,Vente,363308,35,,RUE MONGE,6432,75005,75105,Paris 5e Arrondissement,75,,,75105000AJ0066,,,14,27.54,,,,,,,,,1,2,Appartement,27,1,,,,,,2.352155,48.845984
2022-1670940,2022-04-28,000001,Vente,663100,26,,RUE DES BOULANGERS,1156,75005,75105,Paris 5e Arrondissement,75,,,75105000AH0029,,,131,49.45,132,,99,,,,,,3,2,Appartement,70,2,,,,,,2.353339,48.846271
2022-1670948,2022-04-20,000001,Vente,190000,29,,RUE DE LA PARCHEMINERIE,7059,75005,75105,Paris 5e Arrondissement,75,,,75105000BP0128,,,7,11.41,,,,,,,,,1,2,Appartement,13,1,,,,,,2.34449,48.851701
2022-1670952,2022-04-15,000001,Vente,1075000,29,B,RUE MONGE,6432,75005,75105,Paris 5e Arrondissement,75,,,75105000AH0037,,,2,,28,74.19,,,,,,,2,2,Appartement,73,3,,,,,,2.351999,48.846595
2022-1670952,2022-04-15,000001,Vente,1075000,29,B,RUE MONGE,6432,75005,75105,Paris 5e Arrondissement,75,,,75105000AH0037,,,2,,28,74.19,,,,,,,2,3,Dépendance,,0,,,,,,2.351999,48.846595
2022-1671006,2022-05-05,000001,Vente,168000,68,,BD SAINT MARCEL,8690,75005,75105,Paris 5e Arrondissement,75,,,75105000AS0012,,,95,11.17,,,,,,,,,1,3,Dépendance,,0,,,,,,2.354445,48.838115
2022-1671041,2022-04-08,000001,Vente,220000,79,B,RUE MONGE,6432,75005,75105,Paris 5e Arrondissement,75,,,75105000AK0050,,,26,13.12,,,,,,,,,1,4,Local industriel. commercial ou assimilé,53,0,,,,,,2.352376,48.842485
2022-1671046,2022-05-02,000001,Vente,380000,287,,RUE SAINT JACQUES,8648,75005,75105,Paris 5e Arrondissement,75,,,75105000BE0005,,,7,25.23,,,,,,,,,1,2,Appartement,170,6,,,,,,2.340674,48.840067
2022-1671046,2022-05-02,000001,Vente,380000,287,,RUE SAINT JACQUES,8648,75005,75105,Paris 5e Arrondissement,75,,,75105000BE0005,,,7,25.23,,,,,,,,,1,3,Dépendance,,0,,,,,,2.340674,48.840067
2022-1671065,2022-05-03,000001,Vente,780000,19,,RUE DES FEUILLANTINES,3630,75005,75105,Paris 5e Arrondissement,75,,,75105000BD0072,,,41,,,,,,,,,,1,2,Appartement,24,2,,,,,,2.341572,48.841777
2022-1671065,2022-05-03,000001,Vente,780000,19,,RUE DES FEUILLANTINES,3630,75005,75105,Paris 5e Arrondissement,75,,,75105000BD0072,,,55,56.3,56,,57,,,,,,3,2,Appartement,68,2,,,,,,2.341572,48.841777
2022-1671067,2022-04-14,000001,Vente,620000,34,,RUE DE LA MONTGN STE GENEVIEVE,6448,75005,75105,Paris 5e Arrondissement,75,,,75105000BL0010,,,108,40.15,115,,36,,,,,,3,2,Appartement,44,2,,,,,,2.348023,48.848266
2022-1671067,2022-04-14,000001,Vente,620000,34,,RUE DE LA MONTGN STE GENEVIEVE,6448,75005,75105,Paris 5e Arrondissement,75,,,75105000BL0010,,,108,40.15,115,,36,,,,,,3,3,Dépendance,,0,,,,,,2.348023,48.848266
2022-1671073,2022-04-28,000001,Vente,883500,8,,RUE LACEPEDE,5220,75005,75105,Paris 5e Arrondissement,75,,,75105000AG0006,,,112,,98,,,,,,,,2,3,Dépendance,,0,,,,,,2.353947,48.843895
2022-1671073,2022-04-28,000001,Vente,883500,8,,RUE LACEPEDE,5220,75005,75105,Paris 5e Arrondissement,75,,,75105000AG0006,,,112,,98,,,,,,,,2,2,Appartement,58,1,,,,,,2.353947,48.843895
2022-1671088,2022-04-13,000001,Vente,366000,23,,RUE CLAUDE BERNARD,2069,75005,75105,Paris 5e Arrondissement,75,,,75105000AW0045,,,17,,,,,,,,,,1,2,Appartement,13,1,,,,,,2.348176,48.839167
2022-1671088,2022-04-13,000001,Vente,366000,23,,RUE CLAUDE BERNARD,2069,75005,75105,Paris 5e Arrondissement,75,,,75105000AW0045,,,18,,,,,,,,,,1,3,Dépendance,,0,,,,,,2.348176,48.839167
2022-1671088,2022-04-13,000001,Vente,366000,23,,RUE CLAUDE BERNARD,2069,75005,75105,Paris 5e Arrondissement,75,,,75105000AW0045,,,14,,,,,,,,,,1,2,Appartement,12,1,,,,,,2.348176,48.839167
2022-1671131,2022-04-20,000001,Vente,1,17,,RUE GAY-LUSSAC,3998,75005,75105,Paris 5e Arrondissement,75,,,75105000BH0052,,,40,,,,,,,,,,1,4,Local industriel. commercial ou assimilé,100,0,,,,,,2.341709,48.845485
2022-1671150,2022-05-04,000001,Vente,285000,26,,RUE DE L ARBALETE,0405,75005,75105,Paris 5e Arrondissement,75,,,75105000AX0016,,,5,26.56,,,,,,,,,1,2,Appartement,26,1,,,,,,2.347627,48.840112
2022-1671153,2022-04-19,000001,Vente,,5,,RUE DE VALENCE,9546,75005,75105,Paris 5e Arrondissement,75,,,75105000AV0061,,,,,,,,,,,,,0,3,Dépendance,,0,S,sols,,,610,2.350126,48.838006
2022-1671153,2022-04-19,000001,Vente,,5,,RUE DE VALENCE,9546,75005,75105,Paris 5e Arrondissement,75,,,75105000AV0061,,,,,,,,,,,,,0,2,Appartement,65,3,S,sols,,,610,2.350126,48.838006
2022-1671153,2022-04-19,000001,Vente,,5,,RUE DE VALENCE,9546,75005,75105,Paris 5e Arrondissement,75,,,75105000AV0061,,,,,,,,,,,,,0,2,Appartement,74,4,S,sols,,,610,2.350126,48.838006
2022-1671153,2022-04-19,000001,Vente,,5,,RUE DE VALENCE,9546,75005,75105,Paris 5e Arrondissement,75,,,75105000AV0061,,,,,,,,,,,,,0,2,Appartement,63,3,S,sols,,,610,2.350126,48.838006
2022-1671153,2022-04-19,000001,Vente,,5,,RUE DE VALENCE,9546,75005,75105,Paris 5e Arrondissement,75,,,75105000AV0061,,,,,,,,,,,,,0,2,Appartement,65,3,S,sols,,,610,2.350126,48.838006
2022-1671153,2022-04-19,000001,Vente,,5,,RUE DE VALENCE,9546,75005,75105,Paris 5e Arrondissement,75,,,75105000AV0061,,,,,,,,,,,,,0,2,Appartement,65,3,S,sols,,,610,2.350126,48.838006
2022-1671153,2022-04-19,000001,Vente,,5,,RUE DE VALENCE,9546,75005,75105,Paris 5e Arrondissement,75,,,75105000AV0061,,,,,,,,,,,,,0,2,Appartement,74,4,S,sols,,,610,2.350126,48.838006
2022-1671153,2022-04-19,000001,Vente,,5,,RUE DE VALENCE,9546,75005,75105,Paris 5e Arrondissement,75,,,75105000AV0061,,,,,,,,,,,,,0,2,Appartement,65,3,S,sols,,,610,2.350126,48.838006
2022-1671153,2022-04-19,000001,Vente,,5,,RUE DE VALENCE,9546,75005,75105,Paris 5e Arrondissement,75,,,75105000AV0061,,,,,,,,,,,,,0,2,Appartement,74,4,S,sols,,,610,2.350126,48.838006
2022-1671153,2022-04-19,000001,Vente,,5,,RUE DE VALENCE,9546,75005,75105,Paris 5e Arrondissement,75,,,75105000AV0061,,,,,,,,,,,,,0,2,Appartement,99,5,S,sols,,,610,2.350126,48.838006
2022-1671153,2022-04-19,000001,Vente,,5,,RUE DE VALENCE,9546,75005,75105,Paris 5e Arrondissement,75,,,75105000AV0061,,,,,,,,,,,,,0,2,Appartement,81,4,S,sols,,,610,2.350126,48.838006
2022-1671153,2022-04-19,000001,Vente,,5,,RUE DE VALENCE,9546,75005,75105,Paris 5e Arrondissement,75,,,75105000AV0061,,,,,,,,,,,,,0,2,Appartement,77,4,S,sols,,,610,2.350126,48.838006
2022-1671153,2022-04-19,000001,Vente,,5,,RUE DE VALENCE,9546,75005,75105,Paris 5e Arrondissement,75,,,75105000AV0061,,,,,,,,,,,,,0,2,Appartement,42,1,S,sols,,,610,2.350126,48.838006
2022-1671153,2022-04-19,000001,Vente,,5,,RUE DE VALENCE,9546,75005,75105,Paris 5e Arrondissement,75,,,75105000AV0061,,,,,,,,,,,,,0,3,Dépendance,,0,S,sols,,,610,2.350126,48.838006
2022-1671153,2022-04-19,000001,Vente,,5,,RUE DE VALENCE,9546,75005,75105,Paris 5e Arrondissement,75,,,75105000AV0061,,,,,,,,,,,,,0,3,Dépendance,,0,S,sols,,,610,2.350126,48.838006
2022-1671153,2022-04-19,000001,Vente,,5,,RUE DE VALENCE,9546,75005,75105,Paris 5e Arrondissement,75,,,75105000AV0061,,,,,,,,,,,,,0,3,Dépendance,,0,S,sols,,,610,2.350126,48.838006
2022-1671153,2022-04-19,000001,Vente,,5,,RUE DE VALENCE,9546,75005,75105,Paris 5e Arrondissement,75,,,75105000AV0061,,,,,,,,,,,,,0,3,Dépendance,,0,S,sols,,,610,2.350126,48.838006
2022-1671153,2022-04-19,000001,Vente,,5,,RUE DE VALENCE,9546,75005,75105,Paris 5e Arrondissement,75,,,75105000AV0061,,,,,,,,,,,,,0,3,Dépendance,,0,S,sols,,,610,2.350126,48.838006
2022-1671153,2022-04-19,000001,Vente,,5,,RUE DE VALENCE,9546,75005,75105,Paris 5e Arrondissement,75,,,75105000AV0061,,,,,,,,,,,,,0,3,Dépendance,,0,S,sols,,,610,2.350126,48.838006
2022-1671153,2022-04-19,000001,Vente,,5,,RUE DE VALENCE,9546,75005,75105,Paris 5e Arrondissement,75,,,75105000AV0061,,,,,,,,,,,,,0,3,Dépendance,,0,S,sols,,,610,2.350126,48.838006
2022-1671153,2022-04-19,000001,Vente,,5,,RUE DE VALENCE,9546,75005,75105,Paris 5e Arrondissement,75,,,75105000AV0061,,,,,,,,,,,,,0,3,Dépendance,,0,S,sols,,,610,2.350126,48.838006
2022-1671153,2022-04-19,000001,Vente,,5,,RUE DE VALENCE,9546,75005,75105,Paris 5e Arrondissement,75,,,75105000AV0061,,,,,,,,,,,,,0,3,Dépendance,,0,S,sols,,,610,2.350126,48.838006
2022-1671153,2022-04-19,000001,Vente,,5,,RUE DE VALENCE,9546,75005,75105,Paris 5e Arrondissement,75,,,75105000AV0061,,,,,,,,,,,,,0,3,Dépendance,,0,S,sols,,,610,2.350126,48.838006
2022-1671153,2022-04-19,000001,Vente,,5,,RUE DE VALENCE,9546,75005,75105,Paris 5e Arrondissement,75,,,75105000AV0061,,,,,,,,,,,,,0,3,Dépendance,,0,S,sols,,,610,2.350126,48.838006
2022-1671153,2022-04-19,000001,Vente,,5,,RUE DE VALENCE,9546,75005,75105,Paris 5e Arrondissement,75,,,75105000AV0061,,,,,,,,,,,,,0,3,Dépendance,,0,S,sols,,,610,2.350126,48.838006
2022-1671153,2022-04-19,000001,Vente,,5,,RUE DE VALENCE,9546,75005,75105,Paris 5e Arrondissement,75,,,75105000AV0061,,,,,,,,,,,,,0,3,Dépendance,,0,S,sols,,,610,2.350126,48.838006
2022-1671153,2022-04-19,000001,Vente,,5,,RUE DE VALENCE,9546,75005,75105,Paris 5e Arrondissement,75,,,75105000AV0061,,,,,,,,,,,,,0,3,Dépendance,,0,S,sols,,,610,2.350126,48.838006
2022-1671153,2022-04-19,000001,Vente,,5,,RUE DE VALENCE,9546,75005,75105,Paris 5e Arrondissement,75,,,75105000AV0061,,,,,,,,,,,,,0,3,Dépendance,,0,S,sols,,,610,2.350126,48.838006
2022-1671153,2022-04-19,000001,Vente,,5,,RUE DE VALENCE,9546,75005,75105,Paris 5e Arrondissement,75,,,75105000AV0061,,,,,,,,,,,,,0,2,Appartement,54,2,S,sols,,,610,2.350126,48.838006
2022-1671153,2022-04-19,000001,Vente,,5,,RUE DE VALENCE,9546,75005,75105,Paris 5e Arrondissement,75,,,75105000AV0061,,,,,,,,,,,,,0,3,Dépendance,,0,S,sols,,,610,2.350126,48.838006
2022-1671153,2022-04-19,000001,Vente,,5,,RUE DE VALENCE,9546,75005,75105,Paris 5e Arrondissement,75,,,75105000AV0061,,,,,,,,,,,,,0,3,Dépendance,,0,S,sols,,,610,2.350126,48.838006
2022-1671153,2022-04-19,000001,Vente,,5,,RUE DE VALENCE,9546,75005,75105,Paris 5e Arrondissement,75,,,75105000AV0061,,,,,,,,,,,,,0,3,Dépendance,,0,S,sols,,,610,2.350126,48.838006
2022-1671153,2022-04-19,000001,Vente,,5,,RUE DE VALENCE,9546,75005,75105,Paris 5e Arrondissement,75,,,75105000AV0061,,,,,,,,,,,,,0,3,Dépendance,,0,S,sols,,,610,2.350126,48.838006
2022-1671153,2022-04-19,000001,Vente,,5,,RUE DE VALENCE,9546,75005,75105,Paris 5e Arrondissement,75,,,75105000AV0061,,,,,,,,,,,,,0,3,Dépendance,,0,S,sols,,,610,2.350126,48.838006
2022-1671153,2022-04-19,000001,Vente,,5,,RUE DE VALENCE,9546,75005,75105,Paris 5e Arrondissement,75,,,75105000AV0061,,,,,,,,,,,,,0,3,Dépendance,,0,S,sols,,,610,2.350126,48.838006
2022-1671153,2022-04-19,000001,Vente,,5,,RUE DE VALENCE,9546,75005,75105,Paris 5e Arrondissement,75,,,75105000AV0061,,,,,,,,,,,,,0,3,Dépendance,,0,S,sols,,,610,2.350126,48.838006
2022-1671153,2022-04-19,000001,Vente,,5,,RUE DE VALENCE,9546,75005,75105,Paris 5e Arrondissement,75,,,75105000AV0061,,,,,,,,,,,,,0,3,Dépendance,,0,S,sols,,,610,2.350126,48.838006
2022-1671153,2022-04-19,000001,Vente,,5,,RUE DE VALENCE,9546,75005,75105,Paris 5e Arrondissement,75,,,75105000AV0061,,,,,,,,,,,,,0,3,Dépendance,,0,S,sols,,,610,2.350126,48.838006
2022-1671153,2022-04-19,000001,Vente,,5,,RUE DE VALENCE,9546,75005,75105,Paris 5e Arrondissement,75,,,75105000AV0061,,,,,,,,,,,,,0,3,Dépendance,,0,S,sols,,,610,2.350126,48.838006
2022-1671153,2022-04-19,000001,Vente,,5,,RUE DE VALENCE,9546,75005,75105,Paris 5e Arrondissement,75,,,75105000AV0061,,,,,,,,,,,,,0,3,Dépendance,,0,S,sols,,,610,2.350126,48.838006
2022-1671153,2022-04-19,000001,Vente,,5,,RUE DE VALENCE,9546,75005,75105,Paris 5e Arrondissement,75,,,75105000AV0061,,,,,,,,,,,,,0,3,Dépendance,,0,S,sols,,,610,2.350126,48.838006
2022-1671153,2022-04-19,000001,Vente,,5,,RUE DE VALENCE,9546,75005,75105,Paris 5e Arrondissement,75,,,75105000AV0061,,,,,,,,,,,,,0,3,Dépendance,,0,S,sols,,,610,2.350126,48.838006
2022-1671153,2022-04-19,000001,Vente,,5,,RUE DE VALENCE,9546,75005,75105,Paris 5e Arrondissement,75,,,75105000AV0061,,,,,,,,,,,,,0,3,Dépendance,,0,S,sols,,,610,2.350126,48.838006
2022-1671153,2022-04-19,000001,Vente,,5,,RUE DE VALENCE,9546,75005,75105,Paris 5e Arrondissement,75,,,75105000AV0061,,,,,,,,,,,,,0,3,Dépendance,,0,S,sols,,,610,2.350126,48.838006
2022-1671153,2022-04-19,000001,Vente,,5,,RUE DE VALENCE,9546,75005,75105,Paris 5e Arrondissement,75,,,75105000AV0061,,,,,,,,,,,,,0,3,Dépendance,,0,S,sols,,,610,2.350126,48.838006
2022-1671153,2022-04-19,000001,Vente,,5,,RUE DE VALENCE,9546,75005,75105,Paris 5e Arrondissement,75,,,75105000AV0061,,,,,,,,,,,,,0,3,Dépendance,,0,S,sols,,,610,2.350126,48.838006
2022-1671153,2022-04-19,000001,Vente,,5,,RUE DE VALENCE,9546,75005,75105,Paris 5e Arrondissement,75,,,75105000AV0061,,,,,,,,,,,,,0,3,Dépendance,,0,S,sols,,,610,2.350126,48.838006
2022-1671153,2022-04-19,000001,Vente,,5,,RUE DE VALENCE,9546,75005,75105,Paris 5e Arrondissement,75,,,75105000AV0061,,,,,,,,,,,,,0,4,Local industriel. commercial ou assimilé,41,0,S,sols,,,610,2.350126,48.838006
2022-1671153,2022-04-19,000001,Vente,,5,,RUE DE VALENCE,9546,75005,75105,Paris 5e Arrondissement,75,,,75105000AV0061,,,,,,,,,,,,,0,2,Appartement,57,3,S,sols,,,610,2.350126,48.838006
2022-1671153,2022-04-19,000001,Vente,,5,,RUE DE VALENCE,9546,75005,75105,Paris 5e Arrondissement,75,,,75105000AV0061,,,,,,,,,,,,,0,2,Appartement,74,4,S,sols,,,610,2.350126,48.838006
2022-1671153,2022-04-19,000001,Vente,,5,,RUE DE VALENCE,9546,75005,75105,Paris 5e Arrondissement,75,,,75105000AV0061,,,,,,,,,,,,,0,2,Appartement,65,3,S,sols,,,610,2.350126,48.838006
2022-1671153,2022-04-19,000001,Vente,,5,,RUE DE VALENCE,9546,75005,75105,Paris 5e Arrondissement,75,,,75105000AV0061,,,,,,,,,,,,,0,2,Appartement,63,3,S,sols,,,610,2.350126,48.838006
2022-1671153,2022-04-19,000001,Vente,,5,,RUE DE VALENCE,9546,75005,75105,Paris 5e Arrondissement,75,,,75105000AV0061,,,,,,,,,,,,,0,2,Appartement,84,4,S,sols,,,610,2.350126,48.838006
2022-1671153,2022-04-19,000001,Vente,,5,,RUE DE VALENCE,9546,75005,75105,Paris 5e Arrondissement,75,,,75105000AV0061,,,,,,,,,,,,,0,3,Dépendance,,0,S,sols,,,610,2.350126,48.838006
2022-1671191,2022-05-03,000001,Vente,855000,2,,RUE DES FOSSES ST MARCEL,3751,75005,75105,Paris 5e Arrondissement,75,,,75105000AS0035,,,18,68.58,251,,26,,,,,,3,2,Appartement,62,3,,,,,,2.355925,48.839315
2022-1671197,2022-04-22,000001,Vente,620000,42,,RUE DESCARTES,2724,75005,75105,Paris 5e Arrondissement,75,,,75105000BK0005,,,141,,155,,,,,,,,2,3,Dépendance,,0,,,,,,2.348862,48.845613
2022-1671197,2022-04-22,000001,Vente,620000,42,,RUE DESCARTES,2724,75005,75105,Paris 5e Arrondissement,75,,,75105000BK0005,,,141,,155,,,,,,,,2,2,Appartement,55,3,,,,,,2.348862,48.845613
2022-1671280,2022-04-14,000001,Vente,1042000,11,,RUE PESTALOZZI,7301,75005,75105,Paris 5e Arrondissement,75,,,75105000AL0026,,,11,,,,,,,,,,1,2,Appartement,31,2,,,,,,2.351256,48.841795
2022-1671280,2022-04-14,000001,Vente,1042000,11,,RUE PESTALOZZI,7301,75005,75105,Paris 5e Arrondissement,75,,,75105000AL0026,,,10,80.86,,,,,,,,,1,2,Appartement,45,3,,,,,,2.351256,48.841795
2022-1671280,2022-04-14,000001,Vente,1042000,11,,RUE PESTALOZZI,7301,75005,75105,Paris 5e Arrondissement,75,,,75105000AL0026,,,11,,,,,,,,,,1,3,Dépendance,,0,,,,,,2.351256,48.841795
2022-1671306,2022-04-13,000001,Vente,955000,11,,RUE DAUBENTON,2580,75005,75105,Paris 5e Arrondissement,75,,,75105000AT0021,,,222,,272,85.88,,,,,,,2,3,Dépendance,,0,,,,,,2.354436,48.841172
2022-1671306,2022-04-13,000001,Vente,955000,11,,RUE DAUBENTON,2580,75005,75105,Paris 5e Arrondissement,75,,,75105000AT0021,,,222,,272,85.88,,,,,,,2,2,Appartement,86,4,,,,,,2.354436,48.841172
2022-1671367,2022-05-05,000001,Vente,1468700,22,,RUE GAY-LUSSAC,3998,75005,75105,Paris 5e Arrondissement,75,,,75105000BH0039,,,23,105.15,24,,,,,,,,2,3,Dépendance,,0,,,,,,2.341287,48.845051
2022-1671367,2022-05-05,000001,Vente,1468700,22,,RUE GAY-LUSSAC,3998,75005,75105,Paris 5e Arrondissement,75,,,75105000BH0039,,,23,105.15,24,,,,,,,,2,2,Appartement,104,4,,,,,,2.341287,48.845051
2022-1671430,2022-05-06,000001,Vente,710550,7,,RUE PESTALOZZI,7301,75005,75105,Paris 5e Arrondissement,75,,,75105000AL0024,,,21,,7,,,,,,,,2,3,Dépendance,,0,,,,,,2.351212,48.84202
2022-1671430,2022-05-06,000001,Vente,710550,7,,RUE PESTALOZZI,7301,75005,75105,Paris 5e Arrondissement,75,,,75105000AL0024,,,21,,7,,,,,,,,2,2,Appartement,54,3,,,,,,2.351212,48.84202
2022-1671461,2022-05-03,000001,Vente,829000,7,,RUE DAUBENTON,2580,75005,75105,Paris 5e Arrondissement,75,,,75105000AT0023,,,37,70.89,,,,,,,,,1,3,Dépendance,,0,,,,,,2.355076,48.841284
2022-1671461,2022-05-03,000001,Vente,829000,7,,RUE DAUBENTON,2580,75005,75105,Paris 5e Arrondissement,75,,,75105000AT0023,,,37,70.89,,,,,,,,,1,2,Appartement,71,2,,,,,,2.355076,48.841284
2022-1671479,2022-05-04,000001,Vente,1500000,83,,RUE MONGE,6432,75005,75105,Paris 5e Arrondissement,75,,,75105000AK0053,,,1,,15,118.59,16,,39,,40,,7,4,Local industriel. commercial ou assimilé,116,0,,,,,,2.352311,48.84229
2022-1671490,2022-04-25,000001,Vente,505000,20,,RUE PESTALOZZI,7301,75005,75105,Paris 5e Arrondissement,75,,,75105000AL0016,,,15,42.77,,,,,,,,,1,3,Dépendance,,0,,,,,,2.350894,48.841685
2022-1671490,2022-04-25,000001,Vente,505000,20,,RUE PESTALOZZI,7301,75005,75105,Paris 5e Arrondissement,75,,,75105000AL0016,,,15,42.77,,,,,,,,,1,2,Appartement,45,2,,,,,,2.350894,48.841685
2022-1671528,2022-05-12,000001,Vente,566218,102,,RUE MONGE,6432,75005,75105,Paris 5e Arrondissement,75,,,75105000AU0022,,,2,57.65,,,,,,,,,1,4,Local industriel. commercial ou assimilé,55,0,,,,,,2.351303,48.840184
2022-1671560,2022-04-26,000001,Vente,120000,2,,RUE DU GRIL,4334,75005,75105,Paris 5e Arrondissement,75,,,75105000AT0022,,,128,8,,,,,,,,,1,3,Dépendance,,0,,,,,,2.355128,48.841169
2022-1671581,2022-05-12,000001,Vente,2419650,52,,RUE MOUFFETARD,6581,75005,75105,Paris 5e Arrondissement,75,,,75105000AZ0087,,,50,,51,,61,,,,,,3,2,Appartement,60,2,,,,,,2.349199,48.843337
2022-1671581,2022-05-12,000001,Vente,2419650,52,,RUE MOUFFETARD,6581,75005,75105,Paris 5e Arrondissement,75,,,75105000AZ0087,,,52,,53,,63,,85,,,,4,2,Appartement,110,3,,,,,,2.349199,48.843337
2022-1671581,2022-05-12,000001,Vente,2419650,52,,RUE MOUFFETARD,6581,75005,75105,Paris 5e Arrondissement,75,,,75105000AZ0087,,,52,,53,,63,,85,,,,4,3,Dépendance,,0,,,,,,2.349199,48.843337
2022-1671581,2022-05-12,000001,Vente,2419650,52,,RUE MOUFFETARD,6581,75005,75105,Paris 5e Arrondissement,75,,,75105000AZ0087,,,50,,51,,61,,,,,,3,3,Dépendance,,0,,,,,,2.349199,48.843337
2022-1671585,2022-03-30,000001,Vente,674000,18,,RUE SOUFFLOT,9041,75005,75105,Paris 5e Arrondissement,75,,,75105000BJ0020,,,10,,40,,,,,,,,2,3,Dépendance,,0,,,,,,2.342534,48.847257
2022-1671585,2022-03-30,000001,Vente,674000,18,,RUE SOUFFLOT,9041,75005,75105,Paris 5e Arrondissement,75,,,75105000BJ0020,,,10,,40,,,,,,,,2,2,Appartement,59,3,,,,,,2.342534,48.847257
2022-1671587,2022-04-20,000001,Vente,920000,46,,BD DE PORT-ROYAL,7740,75005,75105,Paris 5e Arrondissement,75,,,75105000AW0077,,,3,77.82,50,,,,,,,,2,4,Local industriel. commercial ou assimilé,71,0,,,,,,2.346944,48.837617
2022-1671593,2022-05-06,000001,Vente,663000,50,,BD DE PORT-ROYAL,7740,75005,75105,Paris 5e Arrondissement,75,,,75105000AW0102,,,24,,36,75.04,,,,,,,2,2,Appartement,70,4,,,,,,2.346666,48.837657
2022-1671593,2022-05-06,000001,Vente,663000,50,,BD DE PORT-ROYAL,7740,75005,75105,Paris 5e Arrondissement,75,,,75105000AW0102,,,24,,36,75.04,,,,,,,2,3,Dépendance,,0,,,,,,2.346666,48.837657
2022-1671594,2022-04-21,000001,Vente,365000,38,,RUE DE LA CLEF,2094,75005,75105,Paris 5e Arrondissement,75,,,75105000AL0083,,,62,34.65,,,,,,,,,1,2,Appartement,33,2,,,,,,2.35288,48.842002
2022-1671599,2022-04-11,000001,Vente,1,48,,RUE DE LA CLEF,2094,75005,75105,Paris 5e Arrondissement,75,,,75105000AK0065,,,35,,40,,,,,,,,2,2,Appartement,31,2,,,,,,2.352902,48.842826
2022-1671599,2022-04-11,000001,Vente,1,48,,RUE DE LA CLEF,2094,75005,75105,Paris 5e Arrondissement,75,,,75105000AK0065,,,36,,,,,,,,,,1,2,Appartement,17,1,,,,,,2.352902,48.842826
2022-1671599,2022-04-11,000001,Vente,1,48,,RUE DE LA CLEF,2094,75005,75105,Paris 5e Arrondissement,75,,,75105000AK0065,,,37,,,,,,,,,,1,2,Appartement,46,3,,,,,,2.352902,48.842826
2022-1671599,2022-04-11,000001,Vente,1,48,,RUE DE LA CLEF,2094,75005,75105,Paris 5e Arrondissement,75,,,75105000AK0065,,,39,,,,,,,,,,1,2,Appartement,17,1,,,,,,2.352902,48.842826
2022-1671599,2022-04-11,000001,Vente,1,48,,RUE DE LA CLEF,2094,75005,75105,Paris 5e Arrondissement,75,,,75105000AK0065,,,38,,,,,,,,,,1,2,Appartement,32,2,,,,,,2.352902,48.842826
2022-1671650,2022-05-10,000001,Vente,1085000,282,,RUE SAINT JACQUES,8648,75005,75105,Paris 5e Arrondissement,75,,,75105000BG0050,,,70,,84,,9,,,,,,3,3,Dépendance,,0,,,,,,2.340889,48.841655
2022-1671650,2022-05-10,000001,Vente,1085000,282,,RUE SAINT JACQUES,8648,75005,75105,Paris 5e Arrondissement,75,,,75105000BG0050,,,70,,84,,9,,,,,,3,2,Appartement,83,4,,,,,,2.340889,48.841655
2022-1671650,2022-05-10,000001,Vente,1085000,282,,RUE SAINT JACQUES,8648,75005,75105,Paris 5e Arrondissement,75,,,75105000BG0050,,,32,,,,,,,,,,1,3,Dépendance,,0,,,,,,2.340889,48.841655
2022-1671698,2022-04-25,000001,Vente,1500000,119,B,RUE MONGE,6432,75005,75105,Paris 5e Arrondissement,75,,,75105000AU0052,,,25,80.17,27,,,,,,,,2,2,Appartement,42,2,,,,,,2.351132,48.838941
2022-1671698,2022-04-25,000001,Vente,1500000,119,B,RUE MONGE,6432,75005,75105,Paris 5e Arrondissement,75,,,75105000AU0052,,,25,80.17,27,,,,,,,,2,4,Local industriel. commercial ou assimilé,100,0,,,,,,2.351132,48.838941
2022-1671715,2022-05-13,000001,Vente,28000,13,,RUE GRACIEUSE,4259,75005,75105,Paris 5e Arrondissement,75,,,75105000AL0005,,,1153,,,,,,,,,,1,3,Dépendance,,0,,,,,,2.35072,48.842286
2022-1671728,2022-05-06,000001,Vente,309000,1,,RUE VALETTE,9556,75005,75105,Paris 5e Arrondissement,75,,,75105000BL0039,,,102,26.03,,,,,,,,,1,2,Appartement,28,1,,,,,,2.347161,48.847945
2022-1671741,2022-05-03,000001,Vente,435000,8,,RUE LAPLACE,5340,75005,75105,Paris 5e Arrondissement,75,,,75105000BL0053,,,35,,9,29.06,,,,,,,2,2,Appartement,29,1,,,,,,2.347814,48.847373
2022-1671741,2022-05-03,000001,Vente,435000,8,,RUE LAPLACE,5340,75005,75105,Paris 5e Arrondissement,75,,,75105000BL0053,,,35,,9,29.06,,,,,,,2,3,Dépendance,,0,,,,,,2.347814,48.847373
2022-1671749,2022-04-29,000001,Vente,295000,8,,RUE LINNE,5696,75005,75105,Paris 5e Arrondissement,75,,,75105000AG0053,,,63,27.84,,,,,,,,,1,2,Appartement,32,1,,,,,,2.355282,48.844459
2022-1671759,2022-04-29,000001,Vente,717500,68,,RUE CLAUDE BERNARD,2069,75005,75105,Paris 5e Arrondissement,75,,,75105000AX0024,,,16,51.08,19,,,,,,,,2,2,Appartement,51,3,,,,,,2.346523,48.84027
2022-1671759,2022-04-29,000001,Vente,717500,68,,RUE CLAUDE BERNARD,2069,75005,75105,Paris 5e Arrondissement,75,,,75105000AX0024,,,16,51.08,19,,,,,,,,2,3,Dépendance,,0,,,,,,2.346523,48.84027
2022-1671772,2022-03-18,000001,Vente,116000,20,,RUE PIERRE ET MARIE CURIE,7424,75005,75105,Paris 5e Arrondissement,75,,,75105000BI0066,,,23,9.23,,,,,,,,,1,3,Dépendance,,0,,,,,,2.343256,48.844918
2022-1671792,2022-04-28,000001,Vente,225000,38,A,RUE DU FER A MOULIN,3573,75005,75105,Paris 5e Arrondissement,75,,,75105000AU0045,,,10,,39,20.04,,,,,,,2,2,Appartement,20,1,,,,,,2.352421,48.839096
2022-1671792,2022-04-28,000001,Vente,225000,38,A,RUE DU FER A MOULIN,3573,75005,75105,Paris 5e Arrondissement,75,,,75105000AU0045,,,10,,39,20.04,,,,,,,2,3,Dépendance,,0,,,,,,2.352421,48.839096
2022-1671820,2022-05-13,000001,Vente,996100,10,,RUE FLATTERS,3665,75005,75105,Paris 5e Arrondissement,75,,,75105000AW0099,,,16,,26,,,,,,,,2,2,Appartement,16,2,,,,,,2.346502,48.838107
2022-1671820,2022-05-13,000001,Vente,996100,10,,RUE FLATTERS,3665,75005,75105,Paris 5e Arrondissement,75,,,75105000AW0099,,,18,,36,,,,,,,,2,2,Appartement,17,1,,,,,,2.346502,48.838107
2022-1671820,2022-05-13,000001,Vente,996100,10,,RUE FLATTERS,3665,75005,75105,Paris 5e Arrondissement,75,,,75105000AW0099,,,17,,33,,,,,,,,2,2,Appartement,17,2,,,,,,2.346502,48.838107
2022-1671820,2022-05-13,000001,Vente,996100,10,,RUE FLATTERS,3665,75005,75105,Paris 5e Arrondissement,75,,,75105000AW0099,,,14,70.02,15,,23,,,,,,3,2,Appartement,15,1,,,,,,2.346502,48.838107
2022-1671857,2022-05-11,000001,Vente,485000,9,,RUE GEOFFROY ST HILAIRE,4108,75005,75105,Paris 5e Arrondissement,75,,,75105000AR0105,,,118,37.88,,,,,,,,,1,2,Appartement,37,2,,,,,,2.356495,48.839103
2022-1671882,2022-04-29,000001,Vente,1094180,11,,RUE TOULLIER,9355,75005,75105,Paris 5e Arrondissement,75,,,75105000BJ0030,,,21,75.56,22,,23,,24,,,,4,2,Appartement,73,4,,,,,,2.343197,48.847106
2022-1671886,2022-05-09,000001,Vente,1724700,13,,RUE PIERRE NICOLE,7467,75005,75105,Paris 5e Arrondissement,75,,,75105000BG0056,,,110,118.66,116,,,,,,,,2,3,Dépendance,,0,,,,,,2.340321,48.841461
2022-1671886,2022-05-09,000001,Vente,1724700,13,,RUE PIERRE NICOLE,7467,75005,75105,Paris 5e Arrondissement,75,,,75105000BG0056,,,110,118.66,116,,,,,,,,2,2,Appartement,125,5,,,,,,2.340321,48.841461
2022-1671887,2022-05-17,000001,Vente,125000,33,,RUE SAINT JACQUES,8648,75005,75105,Paris 5e Arrondissement,75,,,75105000BQ0001,,,23,9,,,,,,,,,1,3,Dépendance,,0,,,,,,2.345901,48.851117
2022-1671907,2022-05-13,000001,Vente,668070,77,,BD SAINT MICHEL,8705,75005,75105,Paris 5e Arrondissement,75,,,75105000BH0006,,,23,,38,47.53,,,,,,,2,3,Dépendance,,0,,,,,,2.340546,48.845799
2022-1671907,2022-05-13,000001,Vente,668070,77,,BD SAINT MICHEL,8705,75005,75105,Paris 5e Arrondissement,75,,,75105000BH0006,,,23,,38,47.53,,,,,,,2,2,Appartement,47,2,,,,,,2.340546,48.845799
2022-1671924,2022-05-06,000001,Vente,190000,56,,RUE HENRI BARBUSSE,4535,75005,75105,Paris 5e Arrondissement,75,,,75105000BF0025,,,21,17.28,,,,,,,,,1,4,Local industriel. commercial ou assimilé,17,0,,,,,,2.337603,48.839846
2022-1671941,2022-05-05,000001,Vente,300000,34,,RUE MONGE,6432,75005,75105,Paris 5e Arrondissement,75,,,75105000AJ0026,,,10,24.08,,,,,,,,,1,2,Appartement,23,1,,,,,,2.351289,48.846029
2022-1671941,2022-05-05,000001,Vente,300000,34,,RUE MONGE,6432,75005,75105,Paris 5e Arrondissement,75,,,75105000AJ0026,,,10,24.08,,,,,,,,,1,3,Dépendance,,0,,,,,,2.351289,48.846029
2022-1671953,2022-05-11,000001,Vente,243450,18,,RUE CUVIER,2498,75005,75105,Paris 5e Arrondissement,75,,,75105000AG0064,,,109,,112,20.8,,,,,,,2,2,Appartement,21,1,,,,,,2.355213,48.844154
2022-1671956,2022-05-19,000001,Vente,346000,12,,RUE DE L HOTEL COLBERT,4661,75005,75105,Paris 5e Arrondissement,75,,,75105000BQ0063,,,7,22.69,,,,,,,,,1,2,Appartement,30,1,,,,,,2.348285,48.851619
2022-1671966,2022-05-17,000001,Vente,42000,7,,RUE LINNE,5696,75005,75105,Paris 5e Arrondissement,75,,,75105000AG0070,,,135,,,,,,,,,,1,3,Dépendance,,0,,,,,,2.354343,48.844154
2022-1672004,2022-04-22,000001,Vente,280000,14,B,BD DE L HOPITAL,4649,75005,75105,Paris 5e Arrondissement,75,,,75105000AQ0027,,,853,25.46,942,,,,,,,,2,2,Appartement,27,1,,,,,,2.362951,48.84247
2022-1672004,2022-04-22,000001,Vente,280000,14,B,BD DE L HOPITAL,4649,75005,75105,Paris 5e Arrondissement,75,,,75105000AQ0027,,,853,25.46,942,,,,,,,,2,3,Dépendance,,0,,,,,,2.362951,48.84247
2022-1672009,2022-04-25,000001,Vente,1490000,95,,BD SAINT MICHEL,8705,75005,75105,Paris 5e Arrondissement,75,,,75105000BH0015,,,99,,,,,,,,,,1,3,Dépendance,,0,,,,,,2.340169,48.844431
2022-1672009,2022-04-25,000001,Vente,1490000,95,,BD SAINT MICHEL,8705,75005,75105,Paris 5e Arrondissement,75,,,75105000BH0015,,,8,112.07,,,,,,,,,1,2,Appartement,105,5,,,,,,2.340169,48.844431
2022-1672009,2022-04-25,000001,Vente,1490000,95,,BD SAINT MICHEL,8705,75005,75105,Paris 5e Arrondissement,75,,,75105000BH0015,,,8,112.07,,,,,,,,,1,3,Dépendance,,0,,,,,,2.340169,48.844431
2022-1672014,2022-04-26,000001,Vente,580000,8,,RUE GUY DE LA BROSSE,4434,75005,75105,Paris 5e Arrondissement,75,,,75105000AG0034,,,126,53.11,147,,,,,,,,2,3,Dépendance,,0,,,,,,2.355332,48.845392
2022-1672014,2022-04-26,000001,Vente,580000,8,,RUE GUY DE LA BROSSE,4434,75005,75105,Paris 5e Arrondissement,75,,,75105000AG0034,,,126,53.11,147,,,,,,,,2,2,Appartement,55,3,,,,,,2.355332,48.845392
2022-1672021,2022-05-03,000001,Vente,195900,11,,RUE DE LA CLEF,2094,75005,75105,Paris 5e Arrondissement,75,,,75105000AU0080,,,95,,,,,,,,,,1,2,Appartement,15,1,,,,,,2.353144,48.839709
2022-1672045,2022-05-11,000001,Vente,812000,22,,BD SAINT MARCEL,8690,75005,75105,Paris 5e Arrondissement,75,,,75105000AR0045,,,29,58.31,30,58.31,32,,34,,,,4,2,Appartement,62,2,,,,,,2.359787,48.839664
2022-1672060,2022-05-04,000001,Vente,1654400,9,,RUE LAROMIGUIERE,5360,75005,75105,Paris 5e Arrondissement,75,,,75105000AZ0027,,,217,,,,,,,,,,1,3,Dépendance,,0,,,,,,2.347325,48.843748
2022-1672060,2022-05-04,000001,Vente,1654400,6,,RUE RATAUD,8050,75005,75105,Paris 5e Arrondissement,75,,,75105000BD0045,,,12,111.03,,,,,,,,,1,2,Appartement,108,6,,,,,,2.345124,48.840865
2022-1672060,2022-05-04,000001,Vente,1654400,6,,RUE RATAUD,8050,75005,75105,Paris 5e Arrondissement,75,,,75105000BD0045,,,12,111.03,,,,,,,,,1,3,Dépendance,,0,,,,,,2.345124,48.840865
2022-1672060,2022-05-04,000001,Vente,1654400,6,,RUE RATAUD,8050,75005,75105,Paris 5e Arrondissement,75,,,75105000BD0045,,,23,5.57,,,,,,,,,1,3,Dépendance,,0,,,,,,2.345124,48.840865
2022-1672094,2022-05-02,000001,Vente,370000,67,,RUE BUFFON,1371,75005,75105,Paris 5e Arrondissement,75,,,75105000AM0006,,,39,33.25,,,,,,,,,1,2,Appartement,34,1,,,,,,2.357102,48.84112
2022-1672097,2022-05-03,000001,Vente,1193260,7,,RUE VESALE,9719,75005,75105,Paris 5e Arrondissement,75,,,75105000AS0036,,,15,80.71,,,,,,,,,1,2,Appartement,70,3,,,,,,2.352923,48.837958
2022-1672097,2022-05-03,000001,Vente,1193260,7,,RUE VESALE,9719,75005,75105,Paris 5e Arrondissement,75,,,75105000AS0036,,,15,80.71,,,,,,,,,1,3,Dépendance,,0,,,,,,2.352923,48.837958
2022-1672115,2022-05-16,000001,Vente,279986,13,,RUE POLIVEAU,7576,75005,75105,Paris 5e Arrondissement,75,,,75105000AR0028,,,55,,70,,,,,,,,2,2,Appartement,20,2,,,,,,2.3603,48.840064
2022-1672115,2022-05-16,000001,Vente,279986,13,,RUE POLIVEAU,7576,75005,75105,Paris 5e Arrondissement,75,,,75105000AR0028,,,55,,70,,,,,,,,2,3,Dépendance,,0,,,,,,2.3603,48.840064
2022-1672134,2022-05-16,000001,Vente,515000,21,,RUE VALETTE,9556,75005,75105,Paris 5e Arrondissement,75,,,75105000BL0109,,,158,33.39,,,,,,,,,1,2,Appartement,32,2,,,,,,2.346853,48.847055
2022-1672216,2022-05-11,000001,Vente,1050000,12,,RUE PESTALOZZI,7301,75005,75105,Paris 5e Arrondissement,75,,,75105000AL0020,,,25,,8,85.13,,,,,,,2,3,Dépendance,,0,,,,,,2.350812,48.842115
2022-1672216,2022-05-11,000001,Vente,1050000,12,,RUE PESTALOZZI,7301,75005,75105,Paris 5e Arrondissement,75,,,75105000AL0020,,,25,,8,85.13,,,,,,,2,2,Appartement,85,4,,,,,,2.350812,48.842115
2022-1672226,2022-05-17,000001,Vente,1487000,15,,RUE LINNE,5696,75005,75105,Paris 5e Arrondissement,75,,,75105000AG0019,,,204,,320,,347,100.32,351,,,,4,3,Dépendance,,0,,,,,,2.354342,48.844678
2022-1672226,2022-05-17,000001,Vente,1487000,15,,RUE LINNE,5696,75005,75105,Paris 5e Arrondissement,75,,,75105000AG0019,,,204,,320,,347,100.32,351,,,,4,2,Appartement,66,2,,,,,,2.354342,48.844678
2022-1672226,2022-05-17,000001,Vente,1487000,15,,RUE LINNE,5696,75005,75105,Paris 5e Arrondissement,75,,,75105000AG0019,,,204,,320,,347,100.32,351,,,,4,3,Dépendance,,0,,,,,,2.354342,48.844678
2022-1672226,2022-05-17,000001,Vente,1487000,15,,RUE LINNE,5696,75005,75105,Paris 5e Arrondissement,75,,,75105000AG0019,,,347,100.32,351,,,,,,,,2,4,Local industriel. commercial ou assimilé,30,0,,,,,,2.354342,48.844678
2022-1672238,2022-05-16,000001,Vente,3920000,1,,RUE DES FEUILLANTINES,3630,75005,75105,Paris 5e Arrondissement,75,,,75105000BD0057,,,201,,202,,203,,204,88.72,205,71.83,9,1,Maison,130,7,,,,,,2.343098,48.841118
2022-1672247,2022-05-12,000001,Vente,250000,11,,RUE DU CARDINAL LEMOINE,1545,75005,75105,Paris 5e Arrondissement,75,,,75105000AD0023,,,2,31.05,20,,,,,,,,2,4,Local industriel. commercial ou assimilé,29,0,,,,,,2.354108,48.848849
2022-1672251,2022-05-12,000001,Vente,1085800,6,,RUE RATAUD,8050,75005,75105,Paris 5e Arrondissement,75,,,75105000BD0045,,,7,82.27,,,,,,,,,1,2,Appartement,80,4,,,,,,2.345124,48.840865
2022-1672251,2022-05-12,000001,Vente,1085800,6,,RUE RATAUD,8050,75005,75105,Paris 5e Arrondissement,75,,,75105000BD0045,,,7,82.27,,,,,,,,,1,3,Dépendance,,0,,,,,,2.345124,48.840865
2022-1672310,2022-05-02,000001,Vente,737250,31,,RUE TOURNEFORT,9376,75005,75105,Paris 5e Arrondissement,75,,,75105000AY0033,,,147,,40,,,,,,,,2,2,Appartement,28,1,,,,,,2.348414,48.842672
2022-1672310,2022-05-02,000001,Vente,737250,31,,RUE TOURNEFORT,9376,75005,75105,Paris 5e Arrondissement,75,,,75105000AY0033,,,126,,149,,41,,67,,,,4,2,Appartement,34,2,,,,,,2.348414,48.842672
2022-1672310,2022-05-02,000001,Vente,737250,31,,RUE TOURNEFORT,9376,75005,75105,Paris 5e Arrondissement,75,,,75105000AY0033,,,147,,40,,,,,,,,2,3,Dépendance,,0,,,,,,2.348414,48.842672
2022-1672310,2022-05-02,000001,Vente,737250,31,,RUE TOURNEFORT,9376,75005,75105,Paris 5e Arrondissement,75,,,75105000AY0033,,,126,,149,,41,,67,,,,4,3,Dépendance,,0,,,,,,2.348414,48.842672
2022-1672318,2022-05-23,000001,Vente,146000,20,B,RUE CENSIER,1642,75005,75105,Paris 5e Arrondissement,75,,,75105000AT0011,,,108,9.52,,,,,,,,,1,2,Appartement,17,1,,,,,,2.353346,48.840764
2022-1672322,2022-05-13,000001,Vente,40000,2,,RUE D ULM,9517,75005,75105,Paris 5e Arrondissement,75,,,75105000BK0032,,,27,,,,,,,,,,1,3,Dépendance,,0,,,,,,2.345592,48.8455
2022-1672323,2022-05-23,000001,Vente,420000,10,,SQ ADANSON,0052,75005,75105,Paris 5e Arrondissement,75,,,75105000AU0096,,,173,,223,,,,,,,,2,2,Appartement,32,1,,,,,,2.351929,48.839099
2022-1672323,2022-05-23,000001,Vente,420000,10,,SQ ADANSON,0052,75005,75105,Paris 5e Arrondissement,75,,,75105000AU0096,,,173,,223,,,,,,,,2,3,Dépendance,,0,,,,,,2.351929,48.839099
2022-1672336,2022-05-13,000001,Vente,1150000,90,,RUE CLAUDE BERNARD,2069,75005,75105,Paris 5e Arrondissement,75,,,75105000BD0050,,,36,78.55,,,,,,,,,1,3,Dépendance,,0,,,,,,2.343937,48.841332
2022-1672336,2022-05-13,000001,Vente,1150000,90,,RUE CLAUDE BERNARD,2069,75005,75105,Paris 5e Arrondissement,75,,,75105000BD0050,,,36,78.55,,,,,,,,,1,2,Appartement,82,4,,,,,,2.343937,48.841332
2022-1672338,2022-05-12,000001,Vente,1800000,13,,RUE MALEBRANCHE,5949,75005,75105,Paris 5e Arrondissement,75,,,75105000BI0033,,,16,,17,,36,,,,,,3,4,Local industriel. commercial ou assimilé,75,0,,,,,,2.342143,48.846304
2022-1672353,2022-04-29,000001,Vente,230000,7,,RUE ROYER-COLLARD,8421,75005,75105,Paris 5e Arrondissement,75,,,75105000BH0054,,,129,,,,,,,,,,1,2,Appartement,18,1,,,,,,2.341927,48.845384
2022-1672354,2022-05-18,000001,Vente,312230,43,,BD SAINT MICHEL,8705,75005,75105,Paris 5e Arrondissement,75,,,75105000BN0010,,,7,21.64,,,,,,,,,1,2,Appartement,22,1,,,,,,2.342295,48.849109
2022-1672360,2022-05-24,000001,Vente,130000,73,,RUE MONGE,6432,75005,75105,Paris 5e Arrondissement,75,,,75105000AK0076,,,15,9.13,,,,,,,,,1,2,Appartement,12,1,,,,,,2.352501,48.843505
2022-1672385,2022-05-19,000001,Vente,391000,7,,RUE ROYER-COLLARD,8421,75005,75105,Paris 5e Arrondissement,75,,,75105000BH0054,,,12,28.24,,,,,,,,,1,2,Appartement,25,1,,,,,,2.341927,48.845384
2022-1672387,2022-05-05,000001,Vente,554000,330,,RUE SAINT JACQUES,8648,75005,75105,Paris 5e Arrondissement,75,,,75105000BF0070,,,5,51.4,,,,,,,,,1,2,Appartement,51,2,,,,,,2.339839,48.839893
2022-1672400,2022-05-03,000001,Vente,945000,31,,RUE HENRI BARBUSSE,4535,75005,75105,Paris 5e Arrondissement,75,,,75105000BF0048,,,17,,20,84.4,,,,,,,2,2,Appartement,80,4,,,,,,2.338927,48.841022
2022-1672403,2022-05-24,000001,Vente,495000,14,,RUE DES CARMES,1554,75005,75105,Paris 5e Arrondissement,75,,,75105000BO0048,,,16,41.28,,,,,,,,,1,2,Appartement,42,2,,,,,,2.347391,48.849273
2022-1672404,2022-05-23,000001,Vente,120000,15,,RUE DE L ESTRAPADE,3377,75005,75105,Paris 5e Arrondissement,75,,,75105000AZ0009,,,9,12.88,,,,,,,,,1,2,Appartement,13,1,,,,,,2.346576,48.844517
2022-1672431,2022-05-13,000001,Vente,2044760,3,,QUAI DE LA TOURNELLE,9380,75005,75105,Paris 5e Arrondissement,75,,,75105000AD0008,,,17,100.94,,,,,,,,,1,2,Appartement,105,3,,,,,,2.355409,48.849625
2022-1672436,2022-05-12,000001,Vente,380000,76,,RUE DU CARDINAL LEMOINE,1545,75005,75105,Paris 5e Arrondissement,75,,,75105000AJ0147,,,7,,,,,,,,,,1,2,Appartement,24,2,,,,,,2.349435,48.844707
2022-1672450,2022-05-20,000001,Vente,345000,98,,RUE MONGE,6432,75005,75105,Paris 5e Arrondissement,75,,,75105000AL0067,,,14,,41,27.59,,,,,,,2,2,Appartement,28,2,,,,,,2.351362,48.840682
2022-1672450,2022-05-20,000001,Vente,345000,98,,RUE MONGE,6432,75005,75105,Paris 5e Arrondissement,75,,,75105000AL0067,,,14,,41,27.59,,,,,,,2,3,Dépendance,,0,,,,,,2.351362,48.840682
2022-1672502,2022-05-10,000001,Vente,1042750,38,,BD SAINT MARCEL,8690,75005,75105,Paris 5e Arrondissement,75,,,75105000AR0064,,,4,89.27,,,,,,,,,1,2,Appartement,85,2,,,,,,2.357479,48.838971
2022-1672502,2022-05-10,000001,Vente,1042750,38,,BD SAINT MARCEL,8690,75005,75105,Paris 5e Arrondissement,75,,,75105000AR0064,,,4,89.27,,,,,,,,,1,3,Dépendance,,0,,,,,,2.357479,48.838971
2022-1672511,2022-05-03,000001,Vente,1350000,2,,RUE LHOMOND,5648,75005,75105,Paris 5e Arrondissement,75,,,75105000BI0076,,,109,96.56,131,,,,,,,,2,3,Dépendance,,0,,,,,,2.344805,48.844681
2022-1672511,2022-05-03,000001,Vente,1350000,2,,RUE LHOMOND,5648,75005,75105,Paris 5e Arrondissement,75,,,75105000BI0076,,,109,96.56,131,,,,,,,,2,2,Appartement,104,3,,,,,,2.344805,48.844681
2022-1672539,2022-05-25,000001,Vente,370000,5,,RUE FLATTERS,3665,75005,75105,Paris 5e Arrondissement,75,,,75105000AW0107,,,26,,,,,,,,,,1,2,Appartement,30,2,,,,,,2.346274,48.837891
2022-1672539,2022-05-25,000001,Vente,370000,5,,RUE FLATTERS,3665,75005,75105,Paris 5e Arrondissement,75,,,75105000AW0107,,,26,,,,,,,,,,1,3,Dépendance,,0,,,,,,2.346274,48.837891
2022-1672592,2022-05-06,000001,Vente,165000,21,,RUE DES BOULANGERS,1156,75005,75105,Paris 5e Arrondissement,75,,,75105000AJ0070,,,29,,31,,,,,,,,2,3,Dépendance,,0,,,,,,2.35264,48.845821
2022-1672592,2022-05-06,000001,Vente,165000,21,,RUE DES BOULANGERS,1156,75005,75105,Paris 5e Arrondissement,75,,,75105000AJ0070,,,29,,31,,,,,,,,2,2,Appartement,20,1,,,,,,2.35264,48.845821
2022-1672625,2022-05-30,000001,Vente,1236150,19,,RUE LHOMOND,5648,75005,75105,Paris 5e Arrondissement,75,,,75105000AZ0014,,,26,82.29,27,,28,,,,,,3,3,Dépendance,,0,,,,,,2.346479,48.843647
2022-1672625,2022-05-30,000001,Vente,1236150,19,,RUE LHOMOND,5648,75005,75105,Paris 5e Arrondissement,75,,,75105000AZ0014,,,26,82.29,27,,28,,,,,,3,2,Appartement,80,3,,,,,,2.346479,48.843647
2022-1672647,2022-05-31,000001,Vente,260000,8,,RUE MONGE,6432,75005,75105,Paris 5e Arrondissement,75,,,75105000AC0092,,,61,19.29,,,,,,,,,1,2,Appartement,22,1,,,,,,2.349228,48.849125
2022-1672654,2022-05-18,000001,Vente,86500,86,,RUE CLAUDE BERNARD,2069,75005,75105,Paris 5e Arrondissement,75,,,75105000BD0048,,,25,8.19,,,,,,,,,1,3,Dépendance,,0,,,,,,2.344402,48.841168
2022-1672671,2022-05-24,000001,Vente,464000,26,,RUE DAUBENTON,2580,75005,75105,Paris 5e Arrondissement,75,,,75105000AL0091,,,101,,,,,,,,,,1,3,Dépendance,,0,,,,,,2.353248,48.841523
2022-1672671,2022-05-24,000001,Vente,464000,26,,RUE DAUBENTON,2580,75005,75105,Paris 5e Arrondissement,75,,,75105000AL0091,,,37,28.49,,,,,,,,,1,2,Appartement,35,2,,,,,,2.353248,48.841523
2022-1672674,2022-05-20,000001,Vente,755385,7,,RUE DE PONTOISE,7621,75005,75105,Paris 5e Arrondissement,75,,,75105000AB0134,,,36,,4,,,,,,,,2,3,Dépendance,,0,,,,,,2.352354,48.849963
2022-1672674,2022-05-20,000001,Vente,755385,7,,RUE DE PONTOISE,7621,75005,75105,Paris 5e Arrondissement,75,,,75105000AB0134,,,36,,4,,,,,,,,2,2,Appartement,66,3,,,,,,2.352354,48.849963
2022-1672675,2022-05-24,000001,Vente,1050000,15,,RUE VICTOR COUSIN,9751,75005,75105,Paris 5e Arrondissement,75,,,75105000BJ0018,,,36,,,,,,,,,,1,3,Dépendance,,0,,,,,,2.342357,48.847329
2022-1672675,2022-05-24,000001,Vente,1050000,15,,RUE VICTOR COUSIN,9751,75005,75105,Paris 5e Arrondissement,75,,,75105000BJ0018,,,2,91.79,,,,,,,,,1,2,Appartement,93,4,,,,,,2.342357,48.847329
2022-1672675,2022-05-24,000001,Vente,1050000,15,,RUE VICTOR COUSIN,9751,75005,75105,Paris 5e Arrondissement,75,,,75105000BJ0018,,,2,91.79,,,,,,,,,1,3,Dépendance,,0,,,,,,2.342357,48.847329
2022-1672680,2022-05-23,000001,Vente,255500,9,,RUE PESTALOZZI,7301,75005,75105,Paris 5e Arrondissement,75,,,75105000AL0025,,,3,22.66,40,,,,,,,,2,2,Appartement,28,1,,,,,,2.351206,48.841906
2022-1672680,2022-05-23,000001,Vente,255500,9,,RUE PESTALOZZI,7301,75005,75105,Paris 5e Arrondissement,75,,,75105000AL0025,,,3,22.66,40,,,,,,,,2,3,Dépendance,,0,,,,,,2.351206,48.841906
2022-1672696,2022-05-12,000001,Vente,400000,30,,RUE LACEPEDE,5220,75005,75105,Paris 5e Arrondissement,75,,,75105000AJ0127,,,14,31.22,,,,,,,,,1,2,Appartement,31,2,,,,,,2.351743,48.844135
2022-1672696,2022-05-12,000001,Vente,400000,30,,RUE LACEPEDE,5220,75005,75105,Paris 5e Arrondissement,75,,,75105000AJ0127,,,14,31.22,,,,,,,,,1,3,Dépendance,,0,,,,,,2.351743,48.844135
2022-1672697,2022-05-23,000001,Vente,1585000,2,,BD SAINT MARCEL,8690,75005,75105,Paris 5e Arrondissement,75,,,75105000AR0034,,,18,,,,,,,,,,1,3,Dépendance,,0,,,,,,2.361458,48.840091
2022-1672697,2022-05-23,000001,Vente,1585000,2,,BD SAINT MARCEL,8690,75005,75105,Paris 5e Arrondissement,75,,,75105000AR0034,,,18,,25,130.43,,,,,,,2,2,Appartement,187,3,,,,,,2.361458,48.840091
2022-1672744,2022-05-12,000001,Vente,3000,8,,BD SAINT MARCEL,8690,75005,75105,Paris 5e Arrondissement,75,,,75105000AR0038,,,44,,47,,,,,,,,2,3,Dépendance,,0,,,,,,2.360829,48.84
2022-1672758,2022-06-01,000001,Vente,73554,12,,BD DE PORT-ROYAL,7740,75005,75105,Paris 5e Arrondissement,75,,,75105000AV0047,,,27,,28,,,,,,,,2,2,Appartement,18,1,,,,,,2.349996,48.837276
2022-1672772,2022-05-19,000001,Vente,40000,4,,RUE SAINT SEVERIN,8760,75005,75105,Paris 5e Arrondissement,75,,,75105000BP0037,,,21,,,,,,,,,,1,2,Appartement,9,1,,,,,,2.346141,48.852309
2022-1672786,2022-05-24,000001,Vente,11700,7,,RUE DU VAL DE GRACE,9544,75005,75105,Paris 5e Arrondissement,75,,,75105000BF0054,,,350,,,,,,,,,,1,2,Appartement,115,5,,,,,,2.339969,48.840761
2022-1672826,2022-04-06,000001,Vente,230000,28,,RUE BROCA,1313,75005,75105,Paris 5e Arrondissement,75,,,75105000AW0035,,,73,17.3,,,,,,,,,1,2,Appartement,26,1,,,,,,2.34774,48.838467
2022-1672875,2022-05-13,000001,Vente,620000,82,,RUE MOUFFETARD,6581,75005,75105,Paris 5e Arrondissement,75,,,75105000AY0080,,,175,,,,,,,,,,1,3,Dépendance,,0,,,,,,2.349337,48.84215
2022-1672875,2022-05-13,000001,Vente,620000,82,,RUE MOUFFETARD,6581,75005,75105,Paris 5e Arrondissement,75,,,75105000AY0080,,,127,52.27,,,,,,,,,1,2,Appartement,42,3,,,,,,2.349337,48.84215
2022-1672875,2022-05-13,000001,Vente,620000,82,,RUE MOUFFETARD,6581,75005,75105,Paris 5e Arrondissement,75,,,75105000AY0080,,,127,52.27,,,,,,,,,1,3,Dépendance,,0,,,,,,2.349337,48.84215
2022-1672876,2022-05-16,000001,Vente,450000,45,,RUE LINNE,5696,75005,75105,Paris 5e Arrondissement,75,,,75105000AH0016,,,155,,,,,,,,,,1,2,Appartement,51,1,,,,,,2.35411,48.846262
2022-1672885,2022-05-11,000001,Vente,2306600,113,,BD SAINT MICHEL,8705,75005,75105,Paris 5e Arrondissement,75,,,75105000BG0074,,,104,157.37,117,,129,,,,,,3,3,Dépendance,,0,,,,,,2.339024,48.843287
2022-1672885,2022-05-11,000001,Vente,2306600,113,,BD SAINT MICHEL,8705,75005,75105,Paris 5e Arrondissement,75,,,75105000BG0074,,,118,,,,,,,,,,1,3,Dépendance,,0,,,,,,2.339024,48.843287
2022-1672885,2022-05-11,000001,Vente,2306600,113,,BD SAINT MICHEL,8705,75005,75105,Paris 5e Arrondissement,75,,,75105000BG0074,,,104,157.37,117,,129,,,,,,3,2,Appartement,180,5,,,,,,2.339024,48.843287
2022-1672898,2022-04-14,000001,Vente,905000,10,,RUE ROYER-COLLARD,8421,75005,75105,Paris 5e Arrondissement,75,,,75105000BI0037,,,150,,,,,,,,,,1,3,Dépendance,,0,,,,,,2.342114,48.845922
2022-1672898,2022-04-14,000001,Vente,905000,10,,RUE ROYER-COLLARD,8421,75005,75105,Paris 5e Arrondissement,75,,,75105000BI0037,,,162,,,,,,,,,,1,3,Dépendance,,0,,,,,,2.342114,48.845922
2022-1672898,2022-04-14,000001,Vente,905000,10,,RUE ROYER-COLLARD,8421,75005,75105,Paris 5e Arrondissement,75,,,75105000BI0037,,,161,,,,,,,,,,1,3,Dépendance,,0,,,,,,2.342114,48.845922
2022-1672898,2022-04-14,000001,Vente,905000,10,,RUE ROYER-COLLARD,8421,75005,75105,Paris 5e Arrondissement,75,,,75105000BI0037,,,160,,,,,,,,,,1,3,Dépendance,,0,,,,,,2.342114,48.845922
2022-1672898,2022-04-14,000001,Vente,905000,10,,RUE ROYER-COLLARD,8421,75005,75105,Paris 5e Arrondissement,75,,,75105000BI0037,,,159,,,,,,,,,,1,3,Dépendance,,0,,,,,,2.342114,48.845922
2022-1672898,2022-04-14,000001,Vente,905000,10,,RUE ROYER-COLLARD,8421,75005,75105,Paris 5e Arrondissement,75,,,75105000BI0037,,,158,,,,,,,,,,1,3,Dépendance,,0,,,,,,2.342114,48.845922
2022-1672898,2022-04-14,000001,Vente,905000,10,,RUE ROYER-COLLARD,8421,75005,75105,Paris 5e Arrondissement,75,,,75105000BI0037,,,157,,,,,,,,,,1,3,Dépendance,,0,,,,,,2.342114,48.845922
2022-1672898,2022-04-14,000001,Vente,905000,10,,RUE ROYER-COLLARD,8421,75005,75105,Paris 5e Arrondissement,75,,,75105000BI0037,,,156,,,,,,,,,,1,3,Dépendance,,0,,,,,,2.342114,48.845922
2022-1672898,2022-04-14,000001,Vente,905000,10,,RUE ROYER-COLLARD,8421,75005,75105,Paris 5e Arrondissement,75,,,75105000BI0037,,,155,,,,,,,,,,1,3,Dépendance,,0,,,,,,2.342114,48.845922
2022-1672898,2022-04-14,000001,Vente,905000,10,,RUE ROYER-COLLARD,8421,75005,75105,Paris 5e Arrondissement,75,,,75105000BI0037,,,154,,,,,,,,,,1,3,Dépendance,,0,,,,,,2.342114,48.845922
2022-1672898,2022-04-14,000001,Vente,905000,10,,RUE ROYER-COLLARD,8421,75005,75105,Paris 5e Arrondissement,75,,,75105000BI0037,,,153,,,,,,,,,,1,3,Dépendance,,0,,,,,,2.342114,48.845922
2022-1672898,2022-04-14,000001,Vente,905000,10,,RUE ROYER-COLLARD,8421,75005,75105,Paris 5e Arrondissement,75,,,75105000BI0037,,,152,,,,,,,,,,1,3,Dépendance,,0,,,,,,2.342114,48.845922
2022-1672898,2022-04-14,000001,Vente,905000,10,,RUE ROYER-COLLARD,8421,75005,75105,Paris 5e Arrondissement,75,,,75105000BI0037,,,151,,,,,,,,,,1,3,Dépendance,,0,,,,,,2.342114,48.845922
2022-1672898,2022-04-14,000001,Vente,905000,10,,RUE ROYER-COLLARD,8421,75005,75105,Paris 5e Arrondissement,75,,,75105000BI0037,,,149,,,,,,,,,,1,3,Dépendance,,0,,,,,,2.342114,48.845922
2022-1672898,2022-04-14,000001,Vente,905000,10,,RUE ROYER-COLLARD,8421,75005,75105,Paris 5e Arrondissement,75,,,75105000BI0037,,,148,,,,,,,,,,1,3,Dépendance,,0,,,,,,2.342114,48.845922
2022-1672898,2022-04-14,000001,Vente,905000,10,,RUE ROYER-COLLARD,8421,75005,75105,Paris 5e Arrondissement,75,,,75105000BI0037,,,147,,,,,,,,,,1,3,Dépendance,,0,,,,,,2.342114,48.845922
2022-1672898,2022-04-14,000001,Vente,905000,10,,RUE ROYER-COLLARD,8421,75005,75105,Paris 5e Arrondissement,75,,,75105000BI0037,,,146,,,,,,,,,,1,3,Dépendance,,0,,,,,,2.342114,48.845922
2022-1672898,2022-04-14,000001,Vente,905000,10,,RUE ROYER-COLLARD,8421,75005,75105,Paris 5e Arrondissement,75,,,75105000BI0037,,,145,,,,,,,,,,1,3,Dépendance,,0,,,,,,2.342114,48.845922
2022-1672898,2022-04-14,000001,Vente,905000,10,,RUE ROYER-COLLARD,8421,75005,75105,Paris 5e Arrondissement,75,,,75105000BI0037,,,144,,,,,,,,,,1,3,Dépendance,,0,,,,,,2.342114,48.845922
2022-1672928,2022-05-05,000001,Vente,498000,6,,RUE BERTHOLLET,0916,75005,75105,Paris 5e Arrondissement,75,,,75105000BE0028,,,30,9.35,31,32.33,,,,,,,2,2,Appartement,44,2,,,,,,2.345521,48.839836
2022-1672928,2022-05-05,000001,Vente,498000,6,,RUE BERTHOLLET,0916,75005,75105,Paris 5e Arrondissement,75,,,75105000BE0028,,,30,9.35,31,32.33,,,,,,,2,3,Dépendance,,0,,,,,,2.345521,48.839836
2022-1672928,2022-05-05,000001,Vente,498000,6,,RUE BERTHOLLET,0916,75005,75105,Paris 5e Arrondissement,75,,,75105000BE0028,,,32,13.56,,,,,,,,,1,2,Appartement,14,1,,,,,,2.345521,48.839836
2022-1672934,2022-05-10,000001,Vente,1310679,8,,RUE DE QUATREFAGES,7911,75005,75105,Paris 5e Arrondissement,75,,,75105000AK0107,,,3,112.55,52,,,,,,,,2,3,Dépendance,,0,,,,,,2.354666,48.84292
2022-1672934,2022-05-10,000001,Vente,1310679,8,,RUE DE QUATREFAGES,7911,75005,75105,Paris 5e Arrondissement,75,,,75105000AK0107,,,3,112.55,52,,,,,,,,2,3,Dépendance,,0,,,,,,2.354666,48.84292
2022-1672934,2022-05-10,000001,Vente,1310679,8,,RUE DE QUATREFAGES,7911,75005,75105,Paris 5e Arrondissement,75,,,75105000AK0107,,,3,112.55,52,,,,,,,,2,3,Dépendance,,0,,,,,,2.354666,48.84292
2022-1672934,2022-05-10,000001,Vente,1310679,8,,RUE DE QUATREFAGES,7911,75005,75105,Paris 5e Arrondissement,75,,,75105000AK0107,,,3,112.55,52,,,,,,,,2,2,Appartement,108,5,,,,,,2.354666,48.84292
2022-1672960,2022-05-31,000001,Vente,525000,5,,PL JUSSIEU,5129,75005,75105,Paris 5e Arrondissement,75,,,75105000AG0036,,,14,,24,,,,,,,,2,2,Appartement,40,2,,,,,,2.3551,48.845621
2022-1672960,2022-05-31,000001,Vente,525000,5,,PL JUSSIEU,5129,75005,75105,Paris 5e Arrondissement,75,,,75105000AG0036,,,14,,24,,,,,,,,2,3,Dépendance,,0,,,,,,2.3551,48.845621
2022-1672981,2022-05-25,000001,Vente,418000,18,,RUE DES FEUILLANTINES,3630,75005,75105,Paris 5e Arrondissement,75,,,75105000BG0043,,,19,,35,,,,,,,,2,3,Dépendance,,0,,,,,,2.34105,48.842343
2022-1672981,2022-05-25,000001,Vente,418000,18,,RUE DES FEUILLANTINES,3630,75005,75105,Paris 5e Arrondissement,75,,,75105000BG0043,,,19,,35,,,,,,,,2,2,Appartement,29,2,,,,,,2.34105,48.842343
2022-1673027,2022-06-01,000001,Vente,797000,18,,BD SAINT GERMAIN,8619,75005,75105,Paris 5e Arrondissement,75,,,75105000AB0156,,,31,,8,,,,,,,,2,2,Appartement,60,3,,,,,,2.353871,48.849701
2022-1673030,2022-05-12,000001,Vente,11050861,23,,QUAI DE LA TOURNELLE,9380,75005,75105,Paris 5e Arrondissement,75,,,75105000AB0159,,,8,,,,,,,,,,1,3,Dépendance,,0,,,,,,2.35414,48.849934
2022-1673030,2022-05-12,000001,Vente,11050861,23,,QUAI DE LA TOURNELLE,9380,75005,75105,Paris 5e Arrondissement,75,,,75105000AB0159,,,10,,12,,13,,14,,24,,6,2,Appartement,240,8,,,,,,2.35414,48.849934
2022-1673030,2022-05-12,000001,Vente,11050861,23,,QUAI DE LA TOURNELLE,9380,75005,75105,Paris 5e Arrondissement,75,,,75105000AB0159,,,11,,27,,,,,,,,2,2,Appartement,111,3,,,,,,2.35414,48.849934
2022-1673030,2022-05-12,000001,Vente,11050861,23,,QUAI DE LA TOURNELLE,9380,75005,75105,Paris 5e Arrondissement,75,,,75105000AB0159,,,11,,27,,,,,,,,2,3,Dépendance,,0,,,,,,2.35414,48.849934
2022-1673030,2022-05-12,000001,Vente,11050861,23,,QUAI DE LA TOURNELLE,9380,75005,75105,Paris 5e Arrondissement,75,,,75105000AB0159,,,10,,12,,13,,14,,24,,6,3,Dépendance,,0,,,,,,2.35414,48.849934
2022-1673030,2022-05-12,000001,Vente,11050861,23,,QUAI DE LA TOURNELLE,9380,75005,75105,Paris 5e Arrondissement,75,,,75105000AB0159,,,5,,,,,,,,,,1,3,Dépendance,,0,,,,,,2.35414,48.849934
2022-1673030,2022-05-12,000001,Vente,11050861,23,,QUAI DE LA TOURNELLE,9380,75005,75105,Paris 5e Arrondissement,75,,,75105000AB0159,,,10,,12,,13,,14,,24,,6,3,Dépendance,,0,,,,,,2.35414,48.849934
2022-1673034,2022-05-24,000001,Vente,1741030,39,,RUE BUFFON,1371,75005,75105,Paris 5e Arrondissement,75,,,75105000AQ0002,,,178,111.37,,,,,,,,,1,2,Appartement,112,5,,,,,,2.359835,48.841775
2022-1673034,2022-05-24,000001,Vente,1741030,39,,RUE BUFFON,1371,75005,75105,Paris 5e Arrondissement,75,,,75105000AQ0002,,,178,111.37,,,,,,,,,1,3,Dépendance,,0,,,,,,2.359835,48.841775
2022-1673057,2022-06-01,000001,Vente,285000,18,B,RUE HENRI BARBUSSE,4535,75005,75105,Paris 5e Arrondissement,75,,,75105000BG0015,,,46,,,,,,,,,,1,2,Appartement,21,1,,,,,,2.338847,48.842447
2022-1673065,2022-05-31,000001,Vente,1,31,,RUE DESCARTES,2724,75005,75105,Paris 5e Arrondissement,75,,,75105000AJ0005,,,59,3.1,,,,,,,,,1,2,Appartement,45,3,,,,,,2.349409,48.845694
2022-1673078,2022-05-30,000001,Vente,225000,34,,RUE DES ECOLES,3098,75005,75105,Paris 5e Arrondissement,75,,,75105000BO0056,,,18,,,,,,,,,,1,2,Appartement,6,1,,,,,,2.347079,48.849191
2022-1673078,2022-05-30,000001,Vente,225000,34,,RUE DES ECOLES,3098,75005,75105,Paris 5e Arrondissement,75,,,75105000BO0056,,,17,,,,,,,,,,1,2,Appartement,5,1,,,,,,2.347079,48.849191
2022-1673094,2022-05-31,000001,Vente,105000,29,,RUE DE LA PARCHEMINERIE,7059,75005,75105,Paris 5e Arrondissement,75,,,75105000BP0128,,,4,,,,,,,,,,1,2,Appartement,9,1,,,,,,2.34449,48.851701
2022-1673117,2022-05-24,000001,Vente,1130000,48,,RUE GAY-LUSSAC,3998,75005,75105,Paris 5e Arrondissement,75,,,75105000BC0007,,,5,74.56,,,,,,,,,1,3,Dépendance,,0,,,,,,2.34227,48.843322
2022-1673117,2022-05-24,000001,Vente,1130000,48,,RUE GAY-LUSSAC,3998,75005,75105,Paris 5e Arrondissement,75,,,75105000BC0007,,,5,74.56,,,,,,,,,1,2,Appartement,69,4,,,,,,2.34227,48.843322
2022-1673139,2022-06-02,000001,Vente,126450,27,,RUE DE LA HUCHETTE,4678,75005,75105,Paris 5e Arrondissement,75,,,75105000BP0065,,,16,,,,,,,,,,1,2,Appartement,9,1,,,,,,2.345067,48.85297
2022-1673189,2022-05-23,000001,Vente,155000,9,,RUE POLIVEAU,7576,75005,75105,Paris 5e Arrondissement,75,,,75105000AR0029,,,45,14.43,,,,,,,,,1,2,Appartement,15,1,,,,,,2.360502,48.840103
2022-1673209,2022-06-02,000001,Vente,485000,26,,RUE DAUBENTON,2580,75005,75105,Paris 5e Arrondissement,75,,,75105000AL0091,,,20,,,,,,,,,,1,2,Appartement,34,3,,,,,,2.353248,48.841523
2022-1673209,2022-06-02,000001,Vente,485000,26,,RUE DAUBENTON,2580,75005,75105,Paris 5e Arrondissement,75,,,75105000AL0091,,,20,,,,,,,,,,1,3,Dépendance,,0,,,,,,2.353248,48.841523
2022-1673209,2022-06-02,000001,Vente,485000,26,,RUE DAUBENTON,2580,75005,75105,Paris 5e Arrondissement,75,,,75105000AL0091,,,44,39.5,,,,,,,,,1,3,Dépendance,,0,,,,,,2.353248,48.841523
2022-1673209,2022-06-02,000001,Vente,485000,26,,RUE DAUBENTON,2580,75005,75105,Paris 5e Arrondissement,75,,,75105000AL0091,,,44,39.5,,,,,,,,,1,2,Appartement,39,3,,,,,,2.353248,48.841523
2022-1673252,2022-05-25,000001,Vente,815000,7,,RUE DU POT DE FER,7752,75005,75105,Paris 5e Arrondissement,75,,,75105000AY0036,,,79,,,,,,,,,,1,3,Dépendance,,0,,,,,,2.348989,48.842722
2022-1673252,2022-05-25,000001,Vente,815000,7,,RUE DU POT DE FER,7752,75005,75105,Paris 5e Arrondissement,75,,,75105000AY0036,,,61,73.64,62,,,,,,,,2,2,Appartement,70,4,,,,,,2.348989,48.842722
2022-1673256,2022-05-23,000001,Vente,332000,7,,RUE DES CHANTIERS,1754,75005,75105,Paris 5e Arrondissement,75,,,75105000AD0024,,,17,23.39,,,,,,,,,1,2,Appartement,27,1,,,,,,2.354313,48.848869
2022-1673267,2022-06-08,000001,Vente,1524300,6,,RUE TOURNEFORT,9376,75005,75105,Paris 5e Arrondissement,75,,,75105000AZ0032,,,23,108.54,9,,,,,,,,2,2,Appartement,117,4,,,,,,2.347881,48.844083
2022-1673267,2022-06-08,000001,Vente,1524300,6,,RUE TOURNEFORT,9376,75005,75105,Paris 5e Arrondissement,75,,,75105000AZ0032,,,23,108.54,9,,,,,,,,2,3,Dépendance,,0,,,,,,2.347881,48.844083
2022-1673290,2022-05-25,000001,Vente,1558000,13,,RUE DE L EPEE DE BOIS,3298,75005,75105,Paris 5e Arrondissement,75,,,75105000AL0109,,,1262,,,,,,,,,,1,3,Dépendance,,0,,,,,,2.350435,48.841357
2022-1673290,2022-05-25,000001,Vente,1558000,13,,RUE DE L EPEE DE BOIS,3298,75005,75105,Paris 5e Arrondissement,75,,,75105000AL0109,,,1031,,1047,,,,,,,,2,3,Dépendance,,0,,,,,,2.350435,48.841357
2022-1673290,2022-05-25,000001,Vente,1558000,13,,RUE DE L EPEE DE BOIS,3298,75005,75105,Paris 5e Arrondissement,75,,,75105000AL0109,,,1031,,1047,,,,,,,,2,2,Appartement,73,2,,,,,,2.350435,48.841357
2022-1673337,2022-05-30,000001,Vente,550000,12,,RUE DES FOSSES ST MARCEL,3751,75005,75105,Paris 5e Arrondissement,75,,,75105000AS0009,,,203,49.48,216,,,,,,,,2,2,Appartement,49,3,,,,,,2.355692,48.838617
2022-1673337,2022-05-30,000001,Vente,550000,12,,RUE DES FOSSES ST MARCEL,3751,75005,75105,Paris 5e Arrondissement,75,,,75105000AS0009,,,203,49.48,216,,,,,,,,2,3,Dépendance,,0,,,,,,2.355692,48.838617
2022-1673389,2022-05-31,000001,Vente,2020000,11,B,RUE VAUQUELIN,9626,75005,75105,Paris 5e Arrondissement,75,,,75105000AX0034,,,7,133.76,,,,,,,,,1,3,Dépendance,,0,,,,,,2.347139,48.840742
2022-1673389,2022-05-31,000001,Vente,2020000,11,B,RUE VAUQUELIN,9626,75005,75105,Paris 5e Arrondissement,75,,,75105000AX0034,,,7,133.76,,,,,,,,,1,2,Appartement,134,5,,,,,,2.347139,48.840742
2022-1673410,2022-05-25,000001,Vente,519250,11,B,RUE DE NAVARRE,6702,75005,75105,Paris 5e Arrondissement,75,,,75105000AJ0112,,,16,,20,41.68,,,,,,,2,2,Appartement,15,1,,,,,,2.352833,48.844191
2022-1673456,2022-04-27,000001,Echange,105000,8,,RUE DES FOSSES ST JACQUES,3749,75005,75105,Paris 5e Arrondissement,75,,,75105000BI0048,,,7,,,,,,,,,,1,2,Appartement,15,1,,,,,,2.343819,48.845741
2022-1673461,2022-06-07,000001,Vente,1015000,21,,RUE CLAUDE BERNARD,2069,75005,75105,Paris 5e Arrondissement,75,,,75105000AW0117,,,15,,28,,,,,,,,2,3,Dépendance,,0,,,,,,2.34842,48.839116
2022-1673461,2022-06-07,000001,Vente,1015000,21,,RUE CLAUDE BERNARD,2069,75005,75105,Paris 5e Arrondissement,75,,,75105000AW0117,,,15,,28,,,,,,,,2,2,Appartement,72,3,,,,,,2.34842,48.839116
2022-1673468,2022-06-02,000001,Vente,203770,26,,RUE DU FER A MOULIN,3573,75005,75105,Paris 5e Arrondissement,75,,,75105000AU0040,,,11,,90,,,,,,,,2,2,Appartement,37,2,,,,,,2.353506,48.839199
2022-1673468,2022-06-02,000001,Vente,203770,26,,RUE DU FER A MOULIN,3573,75005,75105,Paris 5e Arrondissement,75,,,75105000AU0040,,,11,,90,,,,,,,,2,3,Dépendance,,0,,,,,,2.353506,48.839199
2022-1673476,2022-06-09,000001,Vente,360000,39,,RUE DE LA HARPE,4475,75005,75105,Paris 5e Arrondissement,75,,,75105000BP0101,,,8,,9,,,,,,,,2,2,Appartement,26,1,,,,,,2.344393,48.851957
2022-1673486,2022-06-01,000001,Vente,250000,1,,RUE VESALE,9719,75005,75105,Paris 5e Arrondissement,75,,,75105000AS0017,,,56,,57,,,,,,,,2,3,Dépendance,,0,,,,,,2.353613,48.838191
2022-1673486,2022-06-01,000001,Vente,250000,1,,RUE VESALE,9719,75005,75105,Paris 5e Arrondissement,75,,,75105000AS0017,,,56,,57,,,,,,,,2,2,Appartement,20,1,,,,,,2.353613,48.838191
2022-1673508,2022-05-30,000001,Vente,536750,88,,BD DE PORT-ROYAL,7740,75005,75105,Paris 5e Arrondissement,75,,,75105000BF0084,,,129,41.98,38,,,,,,,,2,3,Dépendance,,0,,,,,,2.339337,48.839259
2022-1673508,2022-05-30,000001,Vente,536750,88,,BD DE PORT-ROYAL,7740,75005,75105,Paris 5e Arrondissement,75,,,75105000BF0084,,,129,41.98,38,,,,,,,,2,2,Appartement,50,2,,,,,,2.339337,48.839259
2022-1673543,2022-05-30,000001,Vente,209000,3,,RUE DU PUITS DE L ERMITE,7887,75005,75105,Paris 5e Arrondissement,75,,,75105000AL0099,,,117,22.35,,,,,,,,,1,3,Dépendance,,0,,,,,,2.353262,48.842024
2022-1673552,2022-06-02,000001,Vente,113410,25,,BD SAINT GERMAIN,8619,75005,75105,Paris 5e Arrondissement,75,,,75105000AC0032,,,21,10.31,,,,,,,,,1,3,Dépendance,,0,,,,,,2.352491,48.849294
2022-1673579,2022-06-02,000001,Vente,1600,187,,RUE SAINT JACQUES,8648,75005,75105,Paris 5e Arrondissement,75,,,75105000BI0062,,,210,,,,,,,,,,1,3,Dépendance,,0,,,,,,2.343008,48.845165
2022-1673579,2022-06-02,000001,Vente,1600,187,,RUE SAINT JACQUES,8648,75005,75105,Paris 5e Arrondissement,75,,,75105000BI0062,,,210,,,,,,,,,,1,2,Appartement,91,4,,,,,,2.343008,48.845165
2022-1673579,2022-06-02,000001,Vente,1600,187,,RUE SAINT JACQUES,8648,75005,75105,Paris 5e Arrondissement,75,,,75105000BI0062,,,210,,,,,,,,,,1,3,Dépendance,,0,,,,,,2.343008,48.845165
2022-1673617,2022-05-17,000001,Vente,326995,37,,BD SAINT GERMAIN,8619,75005,75105,Paris 5e Arrondissement,75,,,75105000AC0016,,,5,62.19,52,,,,,,,,2,3,Dépendance,,0,,,,,,2.351153,48.849331
2022-1673617,2022-05-17,000001,Vente,326995,37,,BD SAINT GERMAIN,8619,75005,75105,Paris 5e Arrondissement,75,,,75105000AC0016,,,5,62.19,52,,,,,,,,2,2,Appartement,60,3,,,,,,2.351153,48.849331
2022-1673627,2022-05-30,000001,Vente,220000,62,,BD SAINT GERMAIN,8619,75005,75105,Paris 5e Arrondissement,75,,,75105000BQ0092,,,25,15.16,34,,,,,,,,2,2,Appartement,18,1,,,,,,2.348136,48.850444
2022-1673627,2022-05-30,000001,Vente,220000,62,,BD SAINT GERMAIN,8619,75005,75105,Paris 5e Arrondissement,75,,,75105000BQ0092,,,25,15.16,34,,,,,,,,2,3,Dépendance,,0,,,,,,2.348136,48.850444
2022-1673639,2022-06-09,000001,Vente,213000,16,,RUE DU POT DE FER,7752,75005,75105,Paris 5e Arrondissement,75,,,75105000AZ0068,,,16,,,,,,,,,,1,2,Appartement,18,1,,,,,,2.34866,48.843095
2022-1673667,2022-06-01,000001,Vente,739000,60,,BD SAINT MARCEL,8690,75005,75105,Paris 5e Arrondissement,75,,,75105000AS0010,,,105,66.11,,,,,,,,,1,2,Appartement,61,2,,,,,,2.35547,48.838427
2022-1673719,2022-05-25,000001,Vente,500000,7,,RUE LARREY,5362,75005,75105,Paris 5e Arrondissement,75,,,75105000AL0125,,,9,52.38,,,,,,,,,1,2,Appartement,34,2,,,,,,2.353305,48.841809
2022-1673757,2022-06-10,000001,Vente,453000,3,,RUE THOUIN,9302,75005,75105,Paris 5e Arrondissement,75,,,75105000AJ0152,,,6,39.28,,,,,,,,,1,2,Appartement,45,2,,,,,,2.349384,48.844952
2022-1673766,2022-06-13,000001,Vente,105000,24,,RUE HENRI BARBUSSE,4535,75005,75105,Paris 5e Arrondissement,75,,,75105000BG0025,,,118,7.37,,,,,,,,,1,3,Dépendance,,0,,,,,,2.338861,48.841988
2022-1673772,2022-05-24,000001,Vente,715000,37,,RUE TOURNEFORT,9376,75005,75105,Paris 5e Arrondissement,75,,,75105000AY0050,,,26,,58,51.43,,,,,,,2,3,Dépendance,,0,,,,,,2.348718,48.842222
2022-1673772,2022-05-24,000001,Vente,715000,37,,RUE TOURNEFORT,9376,75005,75105,Paris 5e Arrondissement,75,,,75105000AY0050,,,24,,,,,,,,,,1,3,Dépendance,,0,,,,,,2.348718,48.842222
2022-1673772,2022-05-24,000001,Vente,715000,37,,RUE TOURNEFORT,9376,75005,75105,Paris 5e Arrondissement,75,,,75105000AY0050,,,26,,58,51.43,,,,,,,2,2,Appartement,49,2,,,,,,2.348718,48.842222
2022-1673775,2022-06-02,000001,Vente,378250,10,,RUE GRACIEUSE,4259,75005,75105,Paris 5e Arrondissement,75,,,75105000AK0040,,,20,27.68,,,,,,,,,1,2,Appartement,31,2,,,,,,2.351695,48.842396
2022-1673783,2022-06-02,000001,Vente,8000,9,,RUE DE QUATREFAGES,7911,75005,75105,Paris 5e Arrondissement,75,,,75105000AK0096,,,95,,,,,,,,,,1,2,Appartement,26,2,,,,,,2.353944,48.843273
2022-1673826,2022-06-01,000001,Vente,32000,9,,RUE SAINT SEVERIN,8760,75005,75105,Paris 5e Arrondissement,75,,,75105000BP0090,,,5,24.47,,,,,,,,,1,2,Appartement,25,1,,,,,,2.344951,48.852259
2022-1673829,2022-05-17,000001,Vente,600000,17,,RUE DE LA COLLEGIALE,2187,75005,75105,Paris 5e Arrondissement,75,,,75105000AV0016,,,23,,33,42.12,,,,,,,2,2,Appartement,38,2,,,,,,2.351845,48.837959
2022-1673829,2022-05-17,000001,Vente,600000,17,,RUE DE LA COLLEGIALE,2187,75005,75105,Paris 5e Arrondissement,75,,,75105000AV0016,,,23,,33,42.12,,,,,,,2,3,Dépendance,,0,,,,,,2.351845,48.837959
2022-1673829,2022-05-17,000001,Vente,600000,17,,RUE DE LA COLLEGIALE,2187,75005,75105,Paris 5e Arrondissement,75,,,75105000AV0016,,,26,,,,,,,,,,1,3,Dépendance,,0,,,,,,2.351845,48.837959
2022-1673829,2022-05-17,000001,Vente,600000,17,,RUE DE LA COLLEGIALE,2187,75005,75105,Paris 5e Arrondissement,75,,,75105000AV0016,,,26,,,,,,,,,,1,2,Appartement,35,2,,,,,,2.351845,48.837959
2022-1673880,2022-05-24,000001,Vente,530000,12,,RUE THOUIN,9302,75005,75105,Paris 5e Arrondissement,75,,,75105000BK0040,,,10,,11,,12,,13,,9,,5,2,Appartement,53,2,,,,,,2.348596,48.84494
2022-1673888,2022-05-25,000001,Vente,270000,85,,RUE MONGE,6432,75005,75105,Paris 5e Arrondissement,75,,,75105000AL0077,,,2,,,,,,,,,,1,4,Local industriel. commercial ou assimilé,24,0,,,,,,2.352216,48.842031
2022-1673902,2022-06-07,000001,Vente,434000,6,B,RUE DES ECOLES,3098,75005,75105,Paris 5e Arrondissement,75,,,75105000AC0069,,,2,31.17,,,,,,,,,1,4,Local industriel. commercial ou assimilé,68,0,,,,,,2.350825,48.848177
2022-1673903,2022-06-10,000001,Vente,339000,79,,RUE DU CARDINAL LEMOINE,1545,75005,75105,Paris 5e Arrondissement,75,,,75105000AJ0036,,,6,,7,39.04,,,,,,,2,2,Appartement,19,1,,,,,,2.349893,48.844963
2022-1673917,2022-06-03,000001,Vente,373700,7,,RUE LHOMOND,5648,75005,75105,Paris 5e Arrondissement,75,,,75105000AZ0004,,,15,25.54,,,,,,,,,1,2,Appartement,28,1,,,,,,2.345735,48.844427
2022-1673937,2022-05-25,000001,Vente,242500,62,,BD DE PORT-ROYAL,7740,75005,75105,Paris 5e Arrondissement,75,,,75105000AW0114,,,33,,,,,,,,,,1,2,Appartement,17,1,,,,,,2.345771,48.837858
2022-1673937,2022-05-25,000001,Vente,242500,62,,BD DE PORT-ROYAL,7740,75005,75105,Paris 5e Arrondissement,75,,,75105000AW0114,,,33,,,,,,,,,,1,3,Dépendance,,0,,,,,,2.345771,48.837858
2022-1673959,2022-06-14,000001,Vente,132000,4,,RUE PAILLET,6996,75005,75105,Paris 5e Arrondissement,75,,,75105000BJ0058,,,40,9.47,,,,,,,,,1,3,Dépendance,,0,,,,,,2.342442,48.846586
2022-1673972,2022-06-01,000001,Vente,509607,25,,RUE HENRI BARBUSSE,4535,75005,75105,Paris 5e Arrondissement,75,,,75105000BG0034,,,105,,22,44.77,,,,,,,2,3,Dépendance,,0,,,,,,2.339711,48.841675
2022-1673972,2022-06-01,000001,Vente,509607,25,,RUE HENRI BARBUSSE,4535,75005,75105,Paris 5e Arrondissement,75,,,75105000BG0034,,,185,,,,,,,,,,1,3,Dépendance,,0,,,,,,2.339711,48.841675
2022-1673972,2022-06-01,000001,Vente,509607,25,,RUE HENRI BARBUSSE,4535,75005,75105,Paris 5e Arrondissement,75,,,75105000BG0034,,,105,,22,44.77,,,,,,,2,2,Appartement,47,1,,,,,,2.339711,48.841675
2022-1673987,2022-06-16,000001,Vente,1050000,3,,RUE DE L ESTRAPADE,3377,75005,75105,Paris 5e Arrondissement,75,,,75105000AZ0022,,,303,70.01,324,,,,,,,,2,2,Appartement,78,4,,,,,,2.347743,48.844285
2022-1673987,2022-06-16,000001,Vente,1050000,3,,RUE DE L ESTRAPADE,3377,75005,75105,Paris 5e Arrondissement,75,,,75105000AZ0022,,,303,70.01,324,,,,,,,,2,3,Dépendance,,0,,,,,,2.347743,48.844285
2022-1674017,2022-06-03,000001,Vente,1250000,72,,RUE CLAUDE BERNARD,2069,75005,75105,Paris 5e Arrondissement,75,,,75105000AY0007,,,11,,49,,,,,,,,2,3,Dépendance,,0,,,,,,2.346039,48.840561
2022-1674017,2022-06-03,000001,Vente,1250000,72,,RUE CLAUDE BERNARD,2069,75005,75105,Paris 5e Arrondissement,75,,,75105000AY0007,,,11,,49,,,,,,,,2,2,Appartement,95,3,,,,,,2.346039,48.840561
2022-1674018,2022-06-14,000001,Vente,262801,9,,RUE DE QUATREFAGES,7911,75005,75105,Paris 5e Arrondissement,75,,,75105000AK0096,,,77,,,,,,,,,,1,2,Appartement,17,1,,,,,,2.353944,48.843273
2022-1674056,2022-05-25,000001,Vente,331000,177,B,RUE SAINT JACQUES,8648,75005,75105,Paris 5e Arrondissement,75,,,75105000BI0057,,,1,,14,22.83,,,,,,,2,2,Appartement,19,1,,,,,,2.343337,48.845397
2022-1674056,2022-05-25,000001,Vente,331000,177,B,RUE SAINT JACQUES,8648,75005,75105,Paris 5e Arrondissement,75,,,75105000BI0057,,,1,,14,22.83,,,,,,,2,3,Dépendance,,0,,,,,,2.343337,48.845397
2022-1674059,2022-06-07,000001,Vente,530000,6,,RUE DE QUATREFAGES,7911,75005,75105,Paris 5e Arrondissement,75,,,75105000AK0110,,,2,,,,,,,,,,1,2,Appartement,45,2,,,,,,2.354705,48.842762
2022-1674059,2022-06-07,000001,Vente,530000,6,,RUE DE QUATREFAGES,7911,75005,75105,Paris 5e Arrondissement,75,,,75105000AK0110,,,2,,,,,,,,,,1,3,Dépendance,,0,,,,,,2.354705,48.842762
2022-1674065,2022-06-08,000001,Vente,1416000,9,,RUE BLAINVILLE,1001,75005,75105,Paris 5e Arrondissement,75,,,75105000AZ0036,,,11,,,,,,,,,,1,2,Appartement,30,1,,,,,,2.348476,48.844214
2022-1674065,2022-06-08,000001,Vente,1416000,9,,RUE BLAINVILLE,1001,75005,75105,Paris 5e Arrondissement,75,,,75105000AZ0036,,,14,107.48,,,,,,,,,1,3,Dépendance,,0,,,,,,2.348476,48.844214
2022-1674065,2022-06-08,000001,Vente,1416000,9,,RUE BLAINVILLE,1001,75005,75105,Paris 5e Arrondissement,75,,,75105000AZ0036,,,11,,,,,,,,,,1,3,Dépendance,,0,,,,,,2.348476,48.844214
2022-1674065,2022-06-08,000001,Vente,1416000,9,,RUE BLAINVILLE,1001,75005,75105,Paris 5e Arrondissement,75,,,75105000AZ0036,,,14,107.48,,,,,,,,,1,2,Appartement,85,4,,,,,,2.348476,48.844214
2022-1674076,2022-06-06,000001,Vente,36000,9,,RUE LAROMIGUIERE,5360,75005,75105,Paris 5e Arrondissement,75,,,75105000AZ0027,,,227,,,,,,,,,,1,3,Dépendance,,0,,,,,,2.347325,48.843748
2022-1674080,2022-06-09,000001,Vente,31000,93,,RUE MONGE,6432,75005,75105,Paris 5e Arrondissement,75,,,75105000AL0111,,,214,,,,,,,,,,1,3,Dépendance,,0,,,,,,2.352439,48.841463
2022-1674090,2022-06-16,000001,Vente,1299050,55,,BD SAINT MICHEL,8705,75005,75105,Paris 5e Arrondissement,75,,,75105000BJ0002,,,12,83.07,,,,,,,,,1,2,Appartement,85,4,,,,,,2.341613,48.847952
2022-1674090,2022-06-16,000001,Vente,1299050,55,,BD SAINT MICHEL,8705,75005,75105,Paris 5e Arrondissement,75,,,75105000BJ0002,,,12,83.07,,,,,,,,,1,3,Dépendance,,0,,,,,,2.341613,48.847952
2022-1674122,2022-06-08,000001,Vente,51240,33,B,RUE HENRI BARBUSSE,4535,75005,75105,Paris 5e Arrondissement,75,,,75105000BF0044,,,21,5.27,,,,,,,,,1,2,Appartement,6,1,,,,,,2.33883,48.840746
2022-1674221,2022-05-25,000001,Vente,1200000,1,,RUE DE L ABBE DE L EPEE,0006,75005,75105,Paris 5e Arrondissement,75,,,75105000BD0013,,,1,,,,,,,,,,1,4,Local industriel. commercial ou assimilé,164,0,,,,,,2.342395,48.842915
2022-1674240,2022-06-03,000001,Vente,110000,37,,BD SAINT GERMAIN,8619,75005,75105,Paris 5e Arrondissement,75,,,75105000AC0016,,,41,7.95,,,,,,,,,1,2,Appartement,8,1,,,,,,2.351153,48.849331
2022-1674242,2022-06-16,000001,Vente,174600,3,,RUE DE L ESSAI,3368,75005,75105,Paris 5e Arrondissement,75,,,75105000AR0060,,,17,15.26,,,,,,,,,1,2,Appartement,16,1,,,,,,2.358148,48.839291
2022-1674259,2022-06-14,000001,Vente,430000,28,,RUE DES FOSSES ST BERNARD,3747,75005,75105,Paris 5e Arrondissement,75,,,75105000AD0037,,,5005,39.4,,,,,,,,,1,3,Dépendance,,0,,,,,,2.353963,48.848397
2022-1674259,2022-06-14,000001,Vente,430000,28,,RUE DES FOSSES ST BERNARD,3747,75005,75105,Paris 5e Arrondissement,75,,,75105000AD0037,,,5005,39.4,,,,,,,,,1,2,Appartement,43,2,,,,,,2.353963,48.848397
2022-1674270,2022-05-24,000001,Vente,530000,44,,RUE PIERRE NICOLE,7467,75005,75105,Paris 5e Arrondissement,75,,,75105000BF0034,,,10,40.36,,,,,,,,,1,3,Dépendance,,0,,,,,,2.338478,48.839689
2022-1674270,2022-05-24,000001,Vente,530000,44,,RUE PIERRE NICOLE,7467,75005,75105,Paris 5e Arrondissement,75,,,75105000BF0034,,,10,40.36,,,,,,,,,1,2,Appartement,38,2,,,,,,2.338478,48.839689
2022-1674340,2022-06-14,000001,Vente,538870,24,,RUE DES PATRIARCHES,7103,75005,75105,Paris 5e Arrondissement,75,,,75105000AU0008,,,116,41.18,144,,,,,,,,2,4,Local industriel. commercial ou assimilé,40,0,,,,,,2.350139,48.840258
2022-1674351,2022-06-01,000001,Vente,377500,25,,RUE BROCA,1313,75005,75105,Paris 5e Arrondissement,75,,,75105000AW0066,,,105,30.21,65,,,,,,,,2,2,Appartement,30,1,,,,,,2.348561,48.838071
2022-1674351,2022-06-01,000001,Vente,377500,25,,RUE BROCA,1313,75005,75105,Paris 5e Arrondissement,75,,,75105000AW0066,,,105,30.21,65,,,,,,,,2,3,Dépendance,,0,,,,,,2.348561,48.838071
2022-1674372,2022-06-16,000001,Vente,815000,47,,RUE DESCARTES,2724,75005,75105,Paris 5e Arrondissement,75,,,75105000AJ0012,,,1,,2,,20,30,27,,28,,8,4,Local industriel. commercial ou assimilé,100,0,,,,,,2.349467,48.845423
2022-1674390,2022-06-20,000001,Vente,1980000,15,,RUE MAITRE ALBERT,5937,75005,75105,Paris 5e Arrondissement,75,,,75105000AB0044,,,13,,6,120.01,,,,,,,2,2,Appartement,112,4,,,,,,2.349777,48.850437
2022-1674390,2022-06-20,000001,Vente,1980000,15,,RUE MAITRE ALBERT,5937,75005,75105,Paris 5e Arrondissement,75,,,75105000AB0044,,,13,,6,120.01,,,,,,,2,3,Dépendance,,0,,,,,,2.349777,48.850437
2022-1674397,2022-06-10,000001,Vente,175000,44,,RUE DES BOULANGERS,1156,75005,75105,Paris 5e Arrondissement,75,,,75105000AH0036,,,25,11.53,,,,,,,,,1,2,Appartement,13,1,,,,,,2.35212,48.846527
2022-1674409,2022-06-14,000001,Vente,1160000,22,,RUE DES BERNARDINS,0896,75005,75105,Paris 5e Arrondissement,75,,,75105000AB0096,,,115,,147,69.43,,,,,,,2,3,Dépendance,,0,,,,,,2.35044,48.850274
2022-1674409,2022-06-14,000001,Vente,1160000,22,,RUE DES BERNARDINS,0896,75005,75105,Paris 5e Arrondissement,75,,,75105000AB0096,,,115,,147,69.43,,,,,,,2,2,Appartement,72,3,,,,,,2.35044,48.850274
2022-1674417,2022-05-25,000001,Vente,622800,23,,RUE MOUFFETARD,6581,75005,75105,Paris 5e Arrondissement,75,,,75105000AK0009,,,4,43.59,,,,,,,,,1,2,Appartement,42,2,,,,,,2.34957,48.844176
2022-1674435,2022-06-14,000001,Vente,190400,6,,RUE LAROMIGUIERE,5360,75005,75105,Paris 5e Arrondissement,75,,,75105000AZ0019,,,2,16.86,,,,,,,,,1,2,Appartement,18,1,,,,,,2.346905,48.844016
2022-1674531,2022-03-01,000001,Vente,330000,320,,RUE SAINT JACQUES,8648,75005,75105,Paris 5e Arrondissement,75,,,75105000BF0074,,,56,,8,,,,,,,,2,2,Appartement,27,1,,,,,,2.340232,48.840319
2022-1674531,2022-03-01,000001,Vente,330000,320,,RUE SAINT JACQUES,8648,75005,75105,Paris 5e Arrondissement,75,,,75105000BF0074,,,56,,8,,,,,,,,2,3,Dépendance,,0,,,,,,2.340232,48.840319
2022-1674562,2022-06-13,000001,Vente,30000,11,,RUE DAUBENTON,2580,75005,75105,Paris 5e Arrondissement,75,,,75105000AT0021,,,302,,,,,,,,,,1,3,Dépendance,,0,,,,,,2.354436,48.841172
2022-1674578,2022-06-10,000001,Vente,470000,42,,RUE DAUBENTON,2580,75005,75105,Paris 5e Arrondissement,75,,,75105000AL0066,,,16,31.04,,,,,,,,,1,3,Dépendance,,0,,,,,,2.351259,48.84062
2022-1674578,2022-06-10,000001,Vente,470000,42,,RUE DAUBENTON,2580,75005,75105,Paris 5e Arrondissement,75,,,75105000AL0066,,,16,31.04,,,,,,,,,1,2,Appartement,30,2,,,,,,2.351259,48.84062
2022-1674606,2022-06-15,000001,Vente,1920000,12,,RUE LAGRANGE,5268,75005,75105,Paris 5e Arrondissement,75,,,75105000BQ0101,,,64,,8,114.26,,,,,,,2,3,Dépendance,,0,,,,,,2.347958,48.85076
2022-1674606,2022-06-15,000001,Vente,1920000,12,,RUE LAGRANGE,5268,75005,75105,Paris 5e Arrondissement,75,,,75105000BQ0101,,,64,,8,114.26,,,,,,,2,2,Appartement,104,5,,,,,,2.347958,48.85076
2022-1674630,2022-06-20,000001,Vente,522000,47,B,RUE DE LA MONTGN STE GENEVIEVE,6448,75005,75105,Paris 5e Arrondissement,75,,,75105000BL0095,,,143,,,,,,,,,,1,3,Dépendance,,0,,,,,,2.348284,48.846848
2022-1674630,2022-06-20,000001,Vente,522000,47,B,RUE DE LA MONTGN STE GENEVIEVE,6448,75005,75105,Paris 5e Arrondissement,75,,,75105000BL0095,,,128,,94,32.5,,,,,,,2,3,Dépendance,,0,,,,,,2.348284,48.846848
2022-1674630,2022-06-20,000001,Vente,522000,47,B,RUE DE LA MONTGN STE GENEVIEVE,6448,75005,75105,Paris 5e Arrondissement,75,,,75105000BL0095,,,128,,94,32.5,,,,,,,2,2,Appartement,35,1,,,,,,2.348284,48.846848
2022-1674645,2022-06-15,000001,Vente,900000,22,B,RUE DE LA CLEF,2094,75005,75105,Paris 5e Arrondissement,75,,,75105000AT0007,,,29,,5,,,,,,,,2,3,Dépendance,,0,,,,,,2.353006,48.840956
2022-1674645,2022-06-15,000001,Vente,900000,22,B,RUE DE LA CLEF,2094,75005,75105,Paris 5e Arrondissement,75,,,75105000AT0007,,,29,,5,,,,,,,,2,2,Appartement,63,3,,,,,,2.353006,48.840956
2022-1674645,2022-06-15,000001,Vente,900000,22,B,RUE DE LA CLEF,2094,75005,75105,Paris 5e Arrondissement,75,,,75105000AT0007,,,29,,5,,,,,,,,2,4,Local industriel. commercial ou assimilé,20,0,,,,,,2.353006,48.840956
2022-1674706,2022-06-16,000001,Vente,747750,3,,PL MONGE,6431,75005,75105,Paris 5e Arrondissement,75,,,75105000AK0039,,,12,,,,,,,,,,1,2,Appartement,50,2,,,,,,2.351658,48.842549
2022-1674706,2022-06-16,000001,Vente,747750,3,,PL MONGE,6431,75005,75105,Paris 5e Arrondissement,75,,,75105000AK0039,,,12,,,,,,,,,,1,3,Dépendance,,0,,,,,,2.351658,48.842549
2022-1674717,2022-06-08,000001,Vente,665000,9,,RUE VICTOR COUSIN,9751,75005,75105,Paris 5e Arrondissement,75,,,75105000BJ0013,,,46,44.02,47,,48,,49,,50,,5,2,Appartement,44,3,,,,,,2.342473,48.847664
2022-1674718,2022-06-17,000001,Vente,250000,1,,RUE NICOLAS HOUEL,6761,75005,75105,Paris 5e Arrondissement,75,,,75105000AQ0062,,,30,22.46,,,,,,,,,1,2,Appartement,23,1,,,,,,2.362675,48.841878
2022-1674754,2022-06-09,000001,Vente,2200000,62,,RUE DES ECOLES,3098,75005,75105,Paris 5e Arrondissement,75,,,75105000BO0098,,,3,,,,,,,,,,1,4,Local industriel. commercial ou assimilé,223,0,,,,,,2.343074,48.850348
2022-1674755,2022-06-24,000001,Vente,733850,64,,BD DE PORT-ROYAL,7740,75005,75105,Paris 5e Arrondissement,75,,,75105000AW0005,,,13,58.3,26,,,,,,,,2,2,Appartement,56,3,,,,,,2.345351,48.837936
2022-1674755,2022-06-24,000001,Vente,733850,64,,BD DE PORT-ROYAL,7740,75005,75105,Paris 5e Arrondissement,75,,,75105000AW0005,,,13,58.3,26,,,,,,,,2,3,Dépendance,,0,,,,,,2.345351,48.837936
2022-1674772,2022-06-03,000001,Vente,252000,34,,RUE DU FER A MOULIN,3573,75005,75105,Paris 5e Arrondissement,75,,,75105000AU0043,,,211,,,,,,,,,,1,2,Appartement,22,1,,,,,,2.352864,48.839309
2022-1674784,2022-06-02,000001,Vente,15000,28,,RUE PASCAL,7076,75005,75105,Paris 5e Arrondissement,75,,,75105000AW0065,,,40,,,,,,,,,,1,1,Maison,109,2,,,,,,2.348878,48.837666
2022-1674793,2022-06-10,000001,Vente,11000,23,,RUE PASCAL,7076,75005,75105,Paris 5e Arrondissement,75,,,75105000AV0051,,,43,,,,,,,,,,1,3,Dépendance,,0,,,,,,2.349512,48.837359
2022-1674834,2022-06-29,000001,Vente,292000,7,,RUE DES CHANTIERS,1754,75005,75105,Paris 5e Arrondissement,75,,,75105000AD0024,,,15,20.32,,,,,,,,,1,2,Appartement,24,1,,,,,,2.354313,48.848869
2022-1674849,2022-06-29,000001,Vente,686850,18,,RUE LAPLACE,5340,75005,75105,Paris 5e Arrondissement,75,,,75105000BL0058,,,28,60.79,,,,,,,,,1,2,Appartement,58,3,,,,,,2.347222,48.847538
2022-1674866,2022-06-29,000001,Vente,290000,27,,RUE LACEPEDE,5220,75005,75105,Paris 5e Arrondissement,75,,,75105000AK0032,,,16,19.38,17,,,,,,,,2,2,Appartement,22,2,,,,,,2.351755,48.843753
2022-1674882,2022-06-10,000001,Vente,662457,28,,RUE TOURNEFORT,9376,75005,75105,Paris 5e Arrondissement,75,,,75105000AY0028,,,6,63.4,,,,,,,,,1,2,Appartement,65,4,,,,,,2.348023,48.842228
2022-1674890,2022-06-27,000001,Vente,365000,4,,RUE MONGE,6432,75005,75105,Paris 5e Arrondissement,75,,,75105000AC0096,,,37,,40,27.05,,,,,,,2,2,Appartement,26,1,,,,,,2.349156,48.849373
2022-1674906,2022-06-28,000001,Vente,984825,6,,RUE DU PETIT PONT,7344,75005,75105,Paris 5e Arrondissement,75,,,75105000BP0035,,,27,,8,,,,,,,,2,3,Dépendance,,0,,,,,,2.346169,48.852423
2022-1674906,2022-06-28,000001,Vente,984825,6,,RUE DU PETIT PONT,7344,75005,75105,Paris 5e Arrondissement,75,,,75105000BP0035,,,27,,8,,,,,,,,2,2,Appartement,80,2,,,,,,2.346169,48.852423
2022-1674952,2022-06-17,000001,Vente,756000,43,,RUE DE LA HARPE,4475,75005,75105,Paris 5e Arrondissement,75,,,75105000BP0130,,,111,43.6,121,,,,,,,,2,2,Appartement,49,2,,,,,,2.34427,48.851817
2022-1674952,2022-06-17,000001,Vente,756000,43,,RUE DE LA HARPE,4475,75005,75105,Paris 5e Arrondissement,75,,,75105000BP0130,,,111,43.6,121,,,,,,,,2,3,Dépendance,,0,,,,,,2.34427,48.851817
2022-1675003,2022-06-10,000001,Vente,375000,112,,RUE MOUFFETARD,6581,75005,75105,Paris 5e Arrondissement,75,,,75105000AY0075,,,23,30.78,,,,,,,,,1,2,Appartement,22,2,,,,,,2.349491,48.84063
2022-1675033,2022-06-10,000001,Vente,200000,7,,RUE LHOMOND,5648,75005,75105,Paris 5e Arrondissement,75,,,75105000AZ0004,,,51,27,,,,,,,,,1,2,Appartement,24,1,,,,,,2.345735,48.844427
2022-1675101,2022-06-28,000001,Vente,1400000,31,,RUE CENSIER,1642,75005,75105,Paris 5e Arrondissement,75,,,75105000AU0078,,,447,,448,,89,,90,,,,4,2,Appartement,103,4,,,,,,2.35264,48.839924
2022-1675101,2022-06-28,000001,Vente,1400000,31,,RUE CENSIER,1642,75005,75105,Paris 5e Arrondissement,75,,,75105000AU0078,,,447,,448,,89,,90,,,,4,3,Dépendance,,0,,,,,,2.35264,48.839924
2022-1675101,2022-06-28,000001,Vente,1400000,31,,RUE CENSIER,1642,75005,75105,Paris 5e Arrondissement,75,,,75105000AU0078,,,447,,448,,89,,90,,,,4,3,Dépendance,,0,,,,,,2.35264,48.839924
2022-1675101,2022-06-28,000001,Vente,1400000,31,,RUE CENSIER,1642,75005,75105,Paris 5e Arrondissement,75,,,75105000AU0078,,,447,,448,,89,,90,,,,4,3,Dépendance,,0,,,,,,2.35264,48.839924
2022-1675101,2022-06-28,000001,Vente,1400000,31,,RUE CENSIER,1642,75005,75105,Paris 5e Arrondissement,75,,,75105000AU0078,,,238,,,,,,,,,,1,3,Dépendance,,0,,,,,,2.35264,48.839924
2022-1675106,2022-07-01,000001,Vente,1395000,11,,RUE LINNE,5696,75005,75105,Paris 5e Arrondissement,75,,,75105000AG0017,,,12,,21,100.01,22,,23,,30,,8,2,Appartement,102,4,,,,,,2.354367,48.844396
2022-1675106,2022-07-01,000001,Vente,1395000,11,,RUE LINNE,5696,75005,75105,Paris 5e Arrondissement,75,,,75105000AG0017,,,12,,21,100.01,22,,23,,30,,8,3,Dépendance,,0,,,,,,2.354367,48.844396
2022-1675106,2022-07-01,000001,Vente,1395000,11,,RUE LINNE,5696,75005,75105,Paris 5e Arrondissement,75,,,75105000AG0017,,,12,,21,100.01,22,,23,,30,,8,3,Dépendance,,0,,,,,,2.354367,48.844396
2022-1675135,2022-06-30,000001,Vente,340000,11,,RUE THOUIN,9302,75005,75105,Paris 5e Arrondissement,75,,,75105000BK0013,,,14,,29,,,,,,,,2,3,Dépendance,,0,,,,,,2.348695,48.844704
2022-1675135,2022-06-30,000001,Vente,340000,11,,RUE THOUIN,9302,75005,75105,Paris 5e Arrondissement,75,,,75105000BK0013,,,14,,29,,,,,,,,2,2,Appartement,27,2,,,,,,2.348695,48.844704
2022-1675143,2022-06-27,000001,Vente,360000,90,,BD DE PORT-ROYAL,7740,75005,75105,Paris 5e Arrondissement,75,,,75105000BF0033,,,33,,35,,,,,,,,2,4,Local industriel. commercial ou assimilé,38,0,,,,,,2.338371,48.839524
2022-1675168,2022-06-23,000001,Vente,360000,40,,RUE DU FER A MOULIN,3573,75005,75105,Paris 5e Arrondissement,75,,,75105000AU0046,,,29,34.18,,,,,,,,,1,3,Dépendance,,0,,,,,,2.352405,48.83893
2022-1675168,2022-06-23,000001,Vente,360000,40,,RUE DU FER A MOULIN,3573,75005,75105,Paris 5e Arrondissement,75,,,75105000AU0046,,,29,34.18,,,,,,,,,1,2,Appartement,36,2,,,,,,2.352405,48.83893
2022-1675226,2022-05-30,000001,Vente,880000,29,,RUE DESCARTES,2724,75005,75105,Paris 5e Arrondissement,75,,,75105000AJ0004,,,6,59.14,,,,,,,,,1,3,Dépendance,,0,,,,,,2.349411,48.845829
2022-1675226,2022-05-30,000001,Vente,880000,29,,RUE DESCARTES,2724,75005,75105,Paris 5e Arrondissement,75,,,75105000AJ0004,,,6,59.14,,,,,,,,,1,2,Appartement,59,3,,,,,,2.349411,48.845829
2022-1675231,2022-06-15,000001,Vente,590000,187,,RUE SAINT JACQUES,8648,75005,75105,Paris 5e Arrondissement,75,,,75105000BI0062,,,214,,29,,,,,,,,2,3,Dépendance,,0,,,,,,2.343008,48.845165
2022-1675231,2022-06-15,000001,Vente,590000,187,,RUE SAINT JACQUES,8648,75005,75105,Paris 5e Arrondissement,75,,,75105000BI0062,,,214,,29,,,,,,,,2,2,Appartement,42,2,,,,,,2.343008,48.845165
2022-1675259,2022-06-21,000001,Vente,300000,13,,RUE GRACIEUSE,4259,75005,75105,Paris 5e Arrondissement,75,,,75105000AL0005,,,1187,,,,,,,,,,1,3,Dépendance,,0,,,,,,2.35072,48.842286
2022-1675259,2022-06-21,000001,Vente,300000,140,,RUE MOUFFETARD,6581,75005,75105,Paris 5e Arrondissement,75,,,75105000AX0071,,,2,22.46,,,,,,,,,1,2,Appartement,23,1,,,,,,2.34953,48.839528
2022-1675342,2022-06-30,000001,Vente,338000,7,,RUE DES BOULANGERS,1156,75005,75105,Paris 5e Arrondissement,75,,,75105000AJ0085,,,2,,,,,,,,,,1,2,Appartement,26,1,,,,,,2.354072,48.845828
2022-1675350,2022-06-08,000001,Vente,,69,,RUE CLAUDE BERNARD,2069,75005,75105,Paris 5e Arrondissement,75,,,75105000BD0051,,,251,,,,,,,,,,1,2,Appartement,28,1,,,,,,2.343855,48.840808
2022-1675350,2022-06-08,000001,Vente,,69,,RUE CLAUDE BERNARD,2069,75005,75105,Paris 5e Arrondissement,75,,,75105000BD0051,,,251,,,,,,,,,,1,3,Dépendance,,0,,,,,,2.343855,48.840808
2022-1675375,2022-07-04,000001,Vente,50000,6,B,RUE DE VALENCE,9546,75005,75105,Paris 5e Arrondissement,75,,,75105000AV0069,,,20,,,,,,,,,,1,3,Dépendance,,0,,,,,,2.349938,48.838122
2022-1675375,2022-07-04,000001,Vente,50000,6,B,RUE DE VALENCE,9546,75005,75105,Paris 5e Arrondissement,75,,,75105000AV0069,,,19,,,,,,,,,,1,3,Dépendance,,0,,,,,,2.349938,48.838122
2022-1675382,2022-06-20,000001,Vente,290000,64,,RUE MOUFFETARD,6581,75005,75105,Paris 5e Arrondissement,75,,,75105000AY0041,,,8,19.15,,,,,,,,,1,2,Appartement,26,1,,,,,,2.349442,48.842917
2022-1675384,2022-07-05,000001,Vente,352000,118,,RUE MONGE,6432,75005,75105,Paris 5e Arrondissement,75,,,75105000AU0073,,,35,23.42,,,,,,,,,1,2,Appartement,7,1,,,,,,2.350592,48.839035
2022-1675389,2022-06-15,000001,Vente,200000,19,,RUE PASCAL,7076,75005,75105,Paris 5e Arrondissement,75,,,75105000AV0071,,,5,,,,,,,,,,1,3,Dépendance,,0,,,,,,2.349543,48.837919
2022-1675389,2022-06-15,000001,Vente,200000,19,,RUE PASCAL,7076,75005,75105,Paris 5e Arrondissement,75,,,75105000AV0071,,,5,,,,,,,,,,1,2,Appartement,15,1,,,,,,2.349543,48.837919
2022-1675410,2022-06-20,000001,Vente,662000,27,,RUE GALANDE,3921,75005,75105,Paris 5e Arrondissement,75,,,75105000BQ0106,,,29,,30,,34,,7,,8,,6,3,Dépendance,,0,,,,,,2.347631,48.851096
2022-1675410,2022-06-20,000001,Vente,662000,27,,RUE GALANDE,3921,75005,75105,Paris 5e Arrondissement,75,,,75105000BQ0106,,,29,,30,,34,,7,,8,,6,3,Dépendance,,0,,,,,,2.347631,48.851096
2022-1675410,2022-06-20,000001,Vente,662000,27,,RUE GALANDE,3921,75005,75105,Paris 5e Arrondissement,75,,,75105000BQ0106,,,29,,30,,34,,7,,8,,6,2,Appartement,58,2,,,,,,2.347631,48.851096
2022-1675413,2022-06-22,000001,Vente,510000,25,,RUE DESCARTES,2724,75005,75105,Paris 5e Arrondissement,75,,,75105000AJ0001,,,16,,54,,,,,,,,2,3,Dépendance,,0,,,,,,2.349378,48.846007
2022-1675413,2022-06-22,000001,Vente,510000,25,,RUE DESCARTES,2724,75005,75105,Paris 5e Arrondissement,75,,,75105000AJ0001,,,16,,54,,,,,,,,2,2,Appartement,30,1,,,,,,2.349378,48.846007
2022-1675433,2022-06-30,000001,Vente,83360,51,,RUE GEOFFROY ST HILAIRE,4108,75005,75105,Paris 5e Arrondissement,75,,,75105000AK0109,,,64,7,,,,,,,,,1,3,Dépendance,,0,,,,,,2.35494,48.842842
2022-1675448,2022-06-10,000001,Vente,419500,32,,BD DE L HOPITAL,4649,75005,75105,Paris 5e Arrondissement,75,,,75105000AQ0039,,,42,36.09,,,,,,,,,1,2,Appartement,36,2,,,,,,2.361776,48.84103
2022-1675448,2022-06-10,000001,Vente,419500,32,,BD DE L HOPITAL,4649,75005,75105,Paris 5e Arrondissement,75,,,75105000AQ0039,,,42,36.09,,,,,,,,,1,3,Dépendance,,0,,,,,,2.361776,48.84103
2022-1675474,2022-06-27,000001,Vente,345865,8,,RUE COCHIN,2169,75005,75105,Paris 5e Arrondissement,75,,,75105000AB0131,,,30,,6,,,,,,,,2,3,Dépendance,,0,,,,,,2.3526,48.850297
2022-1675474,2022-06-27,000001,Vente,345865,8,,RUE COCHIN,2169,75005,75105,Paris 5e Arrondissement,75,,,75105000AB0131,,,30,,6,,,,,,,,2,2,Appartement,23,1,,,,,,2.3526,48.850297
2022-1675493,2022-06-23,000001,Vente,873000,12,,RUE DE QUATREFAGES,7911,75005,75105,Paris 5e Arrondissement,75,,,75105000AK0105,,,2,78.31,32,,,,,,,,2,2,Appartement,77,4,,,,,,2.354626,48.843192
2022-1675493,2022-06-23,000001,Vente,873000,12,,RUE DE QUATREFAGES,7911,75005,75105,Paris 5e Arrondissement,75,,,75105000AK0105,,,2,78.31,32,,,,,,,,2,3,Dépendance,,0,,,,,,2.354626,48.843192
2022-1675498,2022-04-01,000001,Vente,245634.83,17,,RUE PASCAL,7076,75005,75105,Paris 5e Arrondissement,75,,,75105000AV0070,,,36,,,,,,,,,,1,2,Appartement,16,2,,,,,,2.349656,48.838012
2022-1675524,2022-06-15,000001,Vente,482000,62,,RUE MONGE,6432,75005,75105,Paris 5e Arrondissement,75,,,75105000AJ0155,,,205,,214,,,,,,,,2,2,Appartement,40,3,,,,,,2.351964,48.844064
2022-1675524,2022-06-15,000001,Vente,482000,62,,RUE MONGE,6432,75005,75105,Paris 5e Arrondissement,75,,,75105000AJ0155,,,205,,214,,,,,,,,2,3,Dépendance,,0,,,,,,2.351964,48.844064
2022-1675533,2022-06-24,000001,Vente,157000,4,,RUE LAPLACE,5340,75005,75105,Paris 5e Arrondissement,75,,,75105000BL0051,,,15,13.77,,,,,,,,,1,2,Appartement,14,1,,,,,,2.34799,48.847303
2022-1675611,2022-06-17,000001,Vente,340000,13,,RUE POLIVEAU,7576,75005,75105,Paris 5e Arrondissement,75,,,75105000AR0028,,,34,29.8,,,,,,,,,1,2,Appartement,30,2,,,,,,2.3603,48.840064
2022-1675611,2022-06-17,000001,Vente,340000,13,,RUE POLIVEAU,7576,75005,75105,Paris 5e Arrondissement,75,,,75105000AR0028,,,13,,,,,,,,,,1,3,Dépendance,,0,,,,,,2.3603,48.840064
2022-1675621,2022-06-20,000001,Vente,1400000,25,,RUE DES FEUILLANTINES,3630,75005,75105,Paris 5e Arrondissement,75,,,75105000BG0045,,,20,,7,111.58,,,,,,,2,3,Dépendance,,0,,,,,,2.34097,48.842055
2022-1675621,2022-06-20,000001,Vente,1400000,25,,RUE DES FEUILLANTINES,3630,75005,75105,Paris 5e Arrondissement,75,,,75105000BG0045,,,11,,,,,,,,,,1,3,Dépendance,,0,,,,,,2.34097,48.842055
2022-1675621,2022-06-20,000001,Vente,1400000,25,,RUE DES FEUILLANTINES,3630,75005,75105,Paris 5e Arrondissement,75,,,75105000BG0045,,,20,,7,111.58,,,,,,,2,2,Appartement,112,4,,,,,,2.34097,48.842055
2022-1675631,2022-06-24,000001,Vente,1455000,28,,RUE DE LA MONTGN STE GENEVIEVE,6448,75005,75105,Paris 5e Arrondissement,75,,,75105000BL0019,,,12,,13,,14,,15,,16,,8,2,Appartement,115,4,,,,,,2.348224,48.848273
2022-1675680,2022-07-01,000001,Vente,365000,139,,BD SAINT MICHEL,8705,75005,75105,Paris 5e Arrondissement,75,,,75105000BF0014,,,41,27.51,,,,,,,,,1,2,Appartement,20,1,,,,,,2.338051,48.841444
2022-1675745,2022-06-16,000001,Vente,315000,22,B,BD SAINT MARCEL,8690,75005,75105,Paris 5e Arrondissement,75,,,75105000AR0119,,,26,24.91,,,,,,,,,1,2,Appartement,15,1,,,,,,2.359569,48.839659
2022-1675755,2022-06-13,000001,Vente,264000,7,,RUE FUSTEL DE COULANGES,3890,75005,75105,Paris 5e Arrondissement,75,,,75105000BF0065,,,41,,55,,,,,,,,2,2,Appartement,65,3,,,,,,2.339558,48.839661
2022-1675755,2022-06-13,000001,Vente,264000,7,,RUE FUSTEL DE COULANGES,3890,75005,75105,Paris 5e Arrondissement,75,,,75105000BF0065,,,41,,55,,,,,,,,2,3,Dépendance,,0,,,,,,2.339558,48.839661
2022-1675784,2022-06-28,000001,Vente,1040000,6,,RUE DE BIEVRE,0964,75005,75105,Paris 5e Arrondissement,75,,,75105000AB0055,,,16,,8,,,,,,,,2,2,Appartement,70,3,,,,,,2.350465,48.851019
2022-1675784,2022-06-28,000001,Vente,1040000,6,,RUE DE BIEVRE,0964,75005,75105,Paris 5e Arrondissement,75,,,75105000AB0055,,,16,,8,,,,,,,,2,3,Dépendance,,0,,,,,,2.350465,48.851019
2022-1675792,2022-06-28,000001,Vente,717000,33,,RUE MONGE,6432,75005,75105,Paris 5e Arrondissement,75,,,75105000AJ0062,,,12,53.03,40,,,,,,,,2,2,Appartement,51,3,,,,,,2.352102,48.846077
2022-1675792,2022-06-28,000001,Vente,717000,33,,RUE MONGE,6432,75005,75105,Paris 5e Arrondissement,75,,,75105000AJ0062,,,12,53.03,40,,,,,,,,2,3,Dépendance,,0,,,,,,2.352102,48.846077
2022-1675818,2022-07-11,000001,Echange,15000,19,,RUE DU SOMMERARD,3053,75005,75105,Paris 5e Arrondissement,75,,,75105000BO0074,,,49,,,,,,,,,,1,4,Local industriel. commercial ou assimilé,36,0,,,,,,2.34581,48.849968
2022-1675818,2022-07-11,000001,Echange,15000,19,,RUE DU SOMMERARD,3053,75005,75105,Paris 5e Arrondissement,75,,,75105000BO0074,,,54,,,,,,,,,,1,3,Dépendance,,0,,,,,,2.34581,48.849968
2022-1675818,2022-07-11,000001,Echange,15000,19,,RUE DU SOMMERARD,3053,75005,75105,Paris 5e Arrondissement,75,,,75105000BO0074,,,54,,,,,,,,,,1,3,Dépendance,,0,,,,,,2.34581,48.849968
2022-1675818,2022-07-11,000001,Echange,15000,19,,RUE DU SOMMERARD,3053,75005,75105,Paris 5e Arrondissement,75,,,75105000BO0074,,,54,,,,,,,,,,1,2,Appartement,85,4,,,,,,2.34581,48.849968
2022-1675818,2022-07-11,000001,Echange,15000,19,,RUE DU SOMMERARD,3053,75005,75105,Paris 5e Arrondissement,75,,,75105000BO0074,,,55,,,,,,,,,,1,4,Local industriel. commercial ou assimilé,100,0,,,,,,2.34581,48.849968
2022-1675820,2022-06-24,000001,Vente,285000,9,,RUE DE QUATREFAGES,7911,75005,75105,Paris 5e Arrondissement,75,,,75105000AK0096,,,30,,,,,,,,,,1,2,Appartement,24,1,,,,,,2.353944,48.843273
2022-1675882,2022-07-07,000001,Vente,732500,3,,RUE DOLOMIEU,2884,75005,75105,Paris 5e Arrondissement,75,,,75105000AK0047,,,7,57.81,,,,,,,,,1,2,Appartement,53,3,,,,,,2.352351,48.842577
2022-1675882,2022-07-07,000001,Vente,732500,3,,RUE DOLOMIEU,2884,75005,75105,Paris 5e Arrondissement,75,,,75105000AK0047,,,7,57.81,,,,,,,,,1,3,Dépendance,,0,,,,,,2.352351,48.842577
2022-1675901,2022-06-29,000001,Vente,931000,44,,RUE DE LA CLEF,2094,75005,75105,Paris 5e Arrondissement,75,,,75105000AK0060,,,81,68.8,,,,,,,,,1,2,Appartement,66,3,,,,,,2.352981,48.842472
2022-1675901,2022-06-29,000001,Vente,931000,44,,RUE DE LA CLEF,2094,75005,75105,Paris 5e Arrondissement,75,,,75105000AK0060,,,81,68.8,,,,,,,,,1,3,Dépendance,,0,,,,,,2.352981,48.842472
2022-1675903,2022-06-17,000001,Vente,640000,27,,RUE CLAUDE BERNARD,2069,75005,75105,Paris 5e Arrondissement,75,,,75105000AW0043,,,13,,16,53.81,,,,,,,2,2,Appartement,54,2,,,,,,2.347937,48.839324
2022-1675914,2022-07-07,000001,Vente,510000,17,,AV DES GOBELINS,4209,75005,75105,Paris 5e Arrondissement,75,,,75105000AV0023,,,30,35.02,44,,,,,,,,2,2,Appartement,32,2,,,,,,2.351824,48.837571
2022-1675927,2022-06-24,000001,Vente,557000,56,,RUE DE LA MONTGN STE GENEVIEVE,6448,75005,75105,Paris 5e Arrondissement,75,,,75105000BL0049,,,17,39.29,,,,,,,,,1,2,Appartement,46,2,,,,,,2.34805,48.847338
2022-1675928,2022-07-08,000001,Vente,165000,48,,RUE DES ECOLES,3098,75005,75105,Paris 5e Arrondissement,75,,,75105000BO0077,,,24,10.14,,,,,,,,,1,2,Appartement,10,1,,,,,,2.345482,48.849631
2022-1675932,2022-07-01,000001,Vente,800000,1,,RUE DE L ABBE DE L EPEE,0006,75005,75105,Paris 5e Arrondissement,75,,,75105000BD0013,,,2,61.1,,,,,,,,,1,3,Dépendance,,0,,,,,,2.342395,48.842915
2022-1675932,2022-07-01,000001,Vente,800000,1,,RUE DE L ABBE DE L EPEE,0006,75005,75105,Paris 5e Arrondissement,75,,,75105000BD0013,,,2,61.1,,,,,,,,,1,2,Appartement,52,2,,,,,,2.342395,48.842915
2022-1675951,2022-06-28,000001,Vente,313540,26,,RUE DES BOULANGERS,1156,75005,75105,Paris 5e Arrondissement,75,,,75105000AH0029,,,100,,120,,,,,,,,2,3,Dépendance,,0,,,,,,2.353339,48.846271
2022-1675951,2022-06-28,000001,Vente,313540,26,,RUE DES BOULANGERS,1156,75005,75105,Paris 5e Arrondissement,75,,,75105000AH0029,,,100,,120,,,,,,,,2,2,Appartement,24,1,,,,,,2.353339,48.846271
2022-1675960,2022-06-21,000001,Vente,445000,6,,RUE D ARRAS,0467,75005,75105,Paris 5e Arrondissement,75,,,75105000AI0023,,,8,35.56,,,,,,,,,1,2,Appartement,35,2,,,,,,2.351443,48.847531
2022-1675960,2022-06-21,000001,Vente,445000,6,,RUE D ARRAS,0467,75005,75105,Paris 5e Arrondissement,75,,,75105000AI0023,,,8,35.56,,,,,,,,,1,3,Dépendance,,0,,,,,,2.351443,48.847531
2022-1676006,2022-06-28,000001,Vente,162000,10,,RUE DE L ECOLE POLYTECHNIQUE,3095,75005,75105,Paris 5e Arrondissement,75,,,75105000BL0034,,,57,,,,,,,,,,1,2,Appartement,20,2,,,,,,2.347957,48.847773
2022-1676061,2022-06-30,000001,Vente,622750,15,,RUE GUY DE LA BROSSE,4434,75005,75105,Paris 5e Arrondissement,75,,,75105000AG0049,,,24,43.27,36,,,,,,,,2,2,Appartement,45,3,,,,,,2.355226,48.844725
2022-1676061,2022-06-30,000001,Vente,622750,15,,RUE GUY DE LA BROSSE,4434,75005,75105,Paris 5e Arrondissement,75,,,75105000AG0049,,,24,43.27,36,,,,,,,,2,3,Dépendance,,0,,,,,,2.355226,48.844725
2022-1676098,2022-06-30,000001,Vente,50000,73,,RUE DU CARDINAL LEMOINE,1545,75005,75105,Paris 5e Arrondissement,75,,,75105000AJ0033,,,53,,,,,,,,,,1,3,Dépendance,,0,,,,,,2.350389,48.845329
2022-1676128,2022-07-11,000001,Vente,350000,8,,RUE GUY DE LA BROSSE,4434,75005,75105,Paris 5e Arrondissement,75,,,75105000AG0034,,,129,30.41,,,,,,,,,1,2,Appartement,30,2,,,,,,2.355332,48.845392
2022-1676136,2022-07-12,000001,Vente,269700,4,,RUE DU FER A MOULIN,3573,75005,75105,Paris 5e Arrondissement,75,,,75105000AT0030,,,45,16.44,,,,,,,,,1,2,Appartement,20,1,,,,,,2.355906,48.839686
2022-1676172,2022-06-23,000001,Vente,2853200,24,,RUE GAY-LUSSAC,3998,75005,75105,Paris 5e Arrondissement,75,,,75105000BH0038,,,26,,29,,4,174.03,,,,,3,3,Dépendance,,0,,,,,,2.341376,48.844894
2022-1676172,2022-06-23,000001,Vente,2853200,24,,RUE GAY-LUSSAC,3998,75005,75105,Paris 5e Arrondissement,75,,,75105000BH0038,,,26,,29,,4,174.03,,,,,3,3,Dépendance,,0,,,,,,2.341376,48.844894
2022-1676172,2022-06-23,000001,Vente,2853200,24,,RUE GAY-LUSSAC,3998,75005,75105,Paris 5e Arrondissement,75,,,75105000BH0038,,,26,,29,,4,174.03,,,,,3,2,Appartement,177,7,,,,,,2.341376,48.844894
2022-1676198,2022-06-21,000001,Vente,94000,6,B,RUE DES ECOLES,3098,75005,75105,Paris 5e Arrondissement,75,,,75105000AC0069,,,3,11.49,,,,,,,,,1,4,Local industriel. commercial ou assimilé,13,0,,,,,,2.350825,48.848177
2022-1676201,2022-07-11,000001,Vente,2020000,6,,RUE DES CHANTIERS,1754,75005,75105,Paris 5e Arrondissement,75,,,75105000AD0018,,,5,,,,,,,,,,1,2,Appartement,80,2,,,,,,2.354699,48.84914
2022-1676201,2022-07-11,000001,Vente,2020000,6,,RUE DES CHANTIERS,1754,75005,75105,Paris 5e Arrondissement,75,,,75105000AD0018,,,3,,,,,,,,,,1,2,Appartement,40,2,,,,,,2.354699,48.84914
2022-1676231,2022-07-05,000001,Vente,517000,47,,RUE HENRI BARBUSSE,4535,75005,75105,Paris 5e Arrondissement,75,,,75105000BF0035,,,15,,2,,,,,,,,2,3,Dépendance,,0,,,,,,2.338308,48.839762
2022-1676231,2022-07-05,000001,Vente,517000,47,,RUE HENRI BARBUSSE,4535,75005,75105,Paris 5e Arrondissement,75,,,75105000BF0035,,,15,,2,,,,,,,,2,2,Appartement,52,2,,,,,,2.338308,48.839762
2022-1676244,2022-07-08,000001,Vente,1862700,38,,RUE DES ECOLES,3098,75005,75105,Paris 5e Arrondissement,75,,,75105000BO0058,,,14,134.32,8,,,,,,,,2,2,Appartement,134,5,,,,,,2.346589,48.849403
2022-1676244,2022-07-08,000001,Vente,1862700,38,,RUE DES ECOLES,3098,75005,75105,Paris 5e Arrondissement,75,,,75105000BO0058,,,14,134.32,8,,,,,,,,2,3,Dépendance,,0,,,,,,2.346589,48.849403
2022-1676257,2022-07-01,000001,Vente,1000000,16,,RUE PESTALOZZI,7301,75005,75105,Paris 5e Arrondissement,75,,,75105000AL0018,,,13,,28,,,,,,,,2,3,Dépendance,,0,,,,,,2.350826,48.841911
2022-1676257,2022-07-01,000001,Vente,1000000,16,,RUE PESTALOZZI,7301,75005,75105,Paris 5e Arrondissement,75,,,75105000AL0018,,,11,,26,,,,,,,,2,3,Dépendance,,0,,,,,,2.350826,48.841911
2022-1676257,2022-07-01,000001,Vente,1000000,16,,RUE PESTALOZZI,7301,75005,75105,Paris 5e Arrondissement,75,,,75105000AL0018,,,16,,31,,,,,,,,2,3,Dépendance,,0,,,,,,2.350826,48.841911
2022-1676257,2022-07-01,000001,Vente,1000000,16,,RUE PESTALOZZI,7301,75005,75105,Paris 5e Arrondissement,75,,,75105000AL0018,,,15,,30,,,,,,,,2,3,Dépendance,,0,,,,,,2.350826,48.841911
2022-1676257,2022-07-01,000001,Vente,1000000,16,,RUE PESTALOZZI,7301,75005,75105,Paris 5e Arrondissement,75,,,75105000AL0018,,,20,,5,,,,,,,,2,3,Dépendance,,0,,,,,,2.350826,48.841911
2022-1676257,2022-07-01,000001,Vente,1000000,16,,RUE PESTALOZZI,7301,75005,75105,Paris 5e Arrondissement,75,,,75105000AL0018,,,10,,25,,,,,,,,2,2,Appartement,39,3,,,,,,2.350826,48.841911
2022-1676257,2022-07-01,000001,Vente,1000000,16,,RUE PESTALOZZI,7301,75005,75105,Paris 5e Arrondissement,75,,,75105000AL0018,,,24,,9,,,,,,,,2,2,Appartement,39,2,,,,,,2.350826,48.841911
2022-1676257,2022-07-01,000001,Vente,1000000,16,,RUE PESTALOZZI,7301,75005,75105,Paris 5e Arrondissement,75,,,75105000AL0018,,,23,,8,,,,,,,,2,2,Appartement,42,4,,,,,,2.350826,48.841911
2022-1676257,2022-07-01,000001,Vente,1000000,16,,RUE PESTALOZZI,7301,75005,75105,Paris 5e Arrondissement,75,,,75105000AL0018,,,22,,7,,,,,,,,2,2,Appartement,41,2,,,,,,2.350826,48.841911
2022-1676257,2022-07-01,000001,Vente,1000000,16,,RUE PESTALOZZI,7301,75005,75105,Paris 5e Arrondissement,75,,,75105000AL0018,,,21,,6,,,,,,,,2,2,Appartement,48,3,,,,,,2.350826,48.841911
2022-1676257,2022-07-01,000001,Vente,1000000,16,,RUE PESTALOZZI,7301,75005,75105,Paris 5e Arrondissement,75,,,75105000AL0018,,,20,,5,,,,,,,,2,2,Appartement,48,3,,,,,,2.350826,48.841911
2022-1676257,2022-07-01,000001,Vente,1000000,16,,RUE PESTALOZZI,7301,75005,75105,Paris 5e Arrondissement,75,,,75105000AL0018,,,19,,4,,,,,,,,2,2,Appartement,15,1,,,,,,2.350826,48.841911
2022-1676257,2022-07-01,000001,Vente,1000000,16,,RUE PESTALOZZI,7301,75005,75105,Paris 5e Arrondissement,75,,,75105000AL0018,,,16,,31,,,,,,,,2,2,Appartement,48,2,,,,,,2.350826,48.841911
2022-1676257,2022-07-01,000001,Vente,1000000,16,,RUE PESTALOZZI,7301,75005,75105,Paris 5e Arrondissement,75,,,75105000AL0018,,,1,,17,,18,,,,,,3,4,Local industriel. commercial ou assimilé,25,0,,,,,,2.350826,48.841911
2022-1676257,2022-07-01,000001,Vente,1000000,16,,RUE PESTALOZZI,7301,75005,75105,Paris 5e Arrondissement,75,,,75105000AL0018,,,10,,25,,,,,,,,2,3,Dépendance,,0,,,,,,2.350826,48.841911
2022-1676257,2022-07-01,000001,Vente,1000000,16,,RUE PESTALOZZI,7301,75005,75105,Paris 5e Arrondissement,75,,,75105000AL0018,,,21,,6,,,,,,,,2,3,Dépendance,,0,,,,,,2.350826,48.841911
2022-1676257,2022-07-01,000001,Vente,1000000,16,,RUE PESTALOZZI,7301,75005,75105,Paris 5e Arrondissement,75,,,75105000AL0018,,,19,,4,,,,,,,,2,3,Dépendance,,0,,,,,,2.350826,48.841911
2022-1676257,2022-07-01,000001,Vente,1000000,16,,RUE PESTALOZZI,7301,75005,75105,Paris 5e Arrondissement,75,,,75105000AL0018,,,22,,7,,,,,,,,2,3,Dépendance,,0,,,,,,2.350826,48.841911
2022-1676257,2022-07-01,000001,Vente,1000000,16,,RUE PESTALOZZI,7301,75005,75105,Paris 5e Arrondissement,75,,,75105000AL0018,,,23,,8,,,,,,,,2,3,Dépendance,,0,,,,,,2.350826,48.841911
2022-1676257,2022-07-01,000001,Vente,1000000,16,,RUE PESTALOZZI,7301,75005,75105,Paris 5e Arrondissement,75,,,75105000AL0018,,,14,,29,,,,,,,,2,3,Dépendance,,0,,,,,,2.350826,48.841911
2022-1676257,2022-07-01,000001,Vente,1000000,16,,RUE PESTALOZZI,7301,75005,75105,Paris 5e Arrondissement,75,,,75105000AL0018,,,13,,28,,,,,,,,2,2,Appartement,48,3,,,,,,2.350826,48.841911
2022-1676257,2022-07-01,000001,Vente,1000000,16,,RUE PESTALOZZI,7301,75005,75105,Paris 5e Arrondissement,75,,,75105000AL0018,,,12,,27,,,,,,,,2,2,Appartement,54,2,,,,,,2.350826,48.841911
2022-1676257,2022-07-01,000001,Vente,1000000,16,,RUE PESTALOZZI,7301,75005,75105,Paris 5e Arrondissement,75,,,75105000AL0018,,,14,,29,,,,,,,,2,2,Appartement,38,2,,,,,,2.350826,48.841911
2022-1676257,2022-07-01,000001,Vente,1000000,16,,RUE PESTALOZZI,7301,75005,75105,Paris 5e Arrondissement,75,,,75105000AL0018,,,15,,30,,,,,,,,2,2,Appartement,38,3,,,,,,2.350826,48.841911
2022-1676257,2022-07-01,000001,Vente,1000000,16,,RUE PESTALOZZI,7301,75005,75105,Paris 5e Arrondissement,75,,,75105000AL0018,,,11,,26,,,,,,,,2,2,Appartement,39,3,,,,,,2.350826,48.841911
2022-1676282,2022-06-28,000001,Vente,7500000,153,,RUE SAINT JACQUES,8648,75005,75105,Paris 5e Arrondissement,75,,,75105000BJ0045,,,,,,,,,,,,,0,4,Local industriel. commercial ou assimilé,68,0,S,sols,,,208,2.343562,48.846348
2022-1676282,2022-06-28,000001,Vente,7500000,153,,RUE SAINT JACQUES,8648,75005,75105,Paris 5e Arrondissement,75,,,75105000BJ0045,,,,,,,,,,,,,0,2,Appartement,48,3,S,sols,,,208,2.343562,48.846348
2022-1676282,2022-06-28,000001,Vente,7500000,153,,RUE SAINT JACQUES,8648,75005,75105,Paris 5e Arrondissement,75,,,75105000BJ0045,,,,,,,,,,,,,0,2,Appartement,63,2,S,sols,,,208,2.343562,48.846348
2022-1676282,2022-06-28,000001,Vente,7500000,153,,RUE SAINT JACQUES,8648,75005,75105,Paris 5e Arrondissement,75,,,75105000BJ0045,,,,,,,,,,,,,0,2,Appartement,97,3,S,sols,,,208,2.343562,48.846348
2022-1676282,2022-06-28,000001,Vente,7500000,153,,RUE SAINT JACQUES,8648,75005,75105,Paris 5e Arrondissement,75,,,75105000BJ0045,,,,,,,,,,,,,0,2,Appartement,63,3,S,sols,,,208,2.343562,48.846348
2022-1676282,2022-06-28,000001,Vente,7500000,153,,RUE SAINT JACQUES,8648,75005,75105,Paris 5e Arrondissement,75,,,75105000BJ0045,,,,,,,,,,,,,0,3,Dépendance,,0,S,sols,,,208,2.343562,48.846348
2022-1676282,2022-06-28,000001,Vente,7500000,153,,RUE SAINT JACQUES,8648,75005,75105,Paris 5e Arrondissement,75,,,75105000BJ0045,,,,,,,,,,,,,0,3,Dépendance,,0,S,sols,,,208,2.343562,48.846348
2022-1676282,2022-06-28,000001,Vente,7500000,153,,RUE SAINT JACQUES,8648,75005,75105,Paris 5e Arrondissement,75,,,75105000BJ0045,,,,,,,,,,,,,0,2,Appartement,97,5,S,sols,,,208,2.343562,48.846348
2022-1676282,2022-06-28,000001,Vente,7500000,153,,RUE SAINT JACQUES,8648,75005,75105,Paris 5e Arrondissement,75,,,75105000BJ0045,,,,,,,,,,,,,0,2,Appartement,98,3,S,sols,,,208,2.343562,48.846348
2022-1676282,2022-06-28,000001,Vente,7500000,153,,RUE SAINT JACQUES,8648,75005,75105,Paris 5e Arrondissement,75,,,75105000BJ0045,,,,,,,,,,,,,0,3,Dépendance,,0,S,sols,,,208,2.343562,48.846348
2022-1676282,2022-06-28,000001,Vente,7500000,153,,RUE SAINT JACQUES,8648,75005,75105,Paris 5e Arrondissement,75,,,75105000BJ0045,,,,,,,,,,,,,0,3,Dépendance,,0,S,sols,,,208,2.343562,48.846348
2022-1676282,2022-06-28,000001,Vente,7500000,153,,RUE SAINT JACQUES,8648,75005,75105,Paris 5e Arrondissement,75,,,75105000BJ0045,,,,,,,,,,,,,0,2,Appartement,30,1,S,sols,,,208,2.343562,48.846348
2022-1676282,2022-06-28,000001,Vente,7500000,153,,RUE SAINT JACQUES,8648,75005,75105,Paris 5e Arrondissement,75,,,75105000BJ0045,,,,,,,,,,,,,0,2,Appartement,31,1,S,sols,,,208,2.343562,48.846348
2022-1676282,2022-06-28,000001,Vente,7500000,153,,RUE SAINT JACQUES,8648,75005,75105,Paris 5e Arrondissement,75,,,75105000BJ0045,,,,,,,,,,,,,0,2,Appartement,62,3,S,sols,,,208,2.343562,48.846348
2022-1676282,2022-06-28,000001,Vente,7500000,153,,RUE SAINT JACQUES,8648,75005,75105,Paris 5e Arrondissement,75,,,75105000BJ0045,,,,,,,,,,,,,0,3,Dépendance,,0,S,sols,,,208,2.343562,48.846348
2022-1676282,2022-06-28,000001,Vente,7500000,153,,RUE SAINT JACQUES,8648,75005,75105,Paris 5e Arrondissement,75,,,75105000BJ0045,,,,,,,,,,,,,0,3,Dépendance,,0,S,sols,,,208,2.343562,48.846348
2022-1676282,2022-06-28,000001,Vente,7500000,153,,RUE SAINT JACQUES,8648,75005,75105,Paris 5e Arrondissement,75,,,75105000BJ0045,,,,,,,,,,,,,0,3,Dépendance,,0,S,sols,,,208,2.343562,48.846348
2022-1676287,2022-06-27,000001,Vente,834725,7,,IMP ROYER-COLLARD,8420,75005,75105,Paris 5e Arrondissement,75,,,75105000BH0043,,,20,49.06,21,,41,,47,,49,,5,3,Dépendance,,0,,,,,,2.340953,48.845422
2022-1676287,2022-06-27,000001,Vente,834725,7,,IMP ROYER-COLLARD,8420,75005,75105,Paris 5e Arrondissement,75,,,75105000BH0043,,,20,49.06,21,,41,,47,,49,,5,2,Appartement,53,3,,,,,,2.340953,48.845422
2022-1676288,2022-07-11,000001,Vente,290000,32,,RUE DAUBENTON,2580,75005,75105,Paris 5e Arrondissement,75,,,75105000AL0088,,,18,,,,,,,,,,1,2,Appartement,25,1,,,,,,2.35277,48.841278
2022-1676316,2022-06-29,000001,Vente,1980677,23,,RUE DAUBENTON,2580,75005,75105,Paris 5e Arrondissement,75,,,75105000AT0033,,,44,,,,,,,,,,1,4,Local industriel. commercial ou assimilé,330,0,,,,,,2.353192,48.840956
2022-1676316,2022-06-29,000001,Vente,1980677,23,,RUE DAUBENTON,2580,75005,75105,Paris 5e Arrondissement,75,,,75105000AT0033,,,18,,,,,,,,,,1,3,Dépendance,,0,,,,,,2.353192,48.840956
2022-1676316,2022-06-29,000001,Vente,1980677,23,,RUE DAUBENTON,2580,75005,75105,Paris 5e Arrondissement,75,,,75105000AT0033,,,19,,,,,,,,,,1,3,Dépendance,,0,,,,,,2.353192,48.840956
2022-1676351,2022-07-07,000001,Vente,150000,36,,RUE DE LA MONTGN STE GENEVIEVE,6448,75005,75105,Paris 5e Arrondissement,75,,,75105000BL0022,,,27,,79,,87,,,,,,3,2,Appartement,21,1,,,,,,2.348193,48.848011
2022-1676351,2022-07-07,000001,Vente,150000,36,,RUE DE LA MONTGN STE GENEVIEVE,6448,75005,75105,Paris 5e Arrondissement,75,,,75105000BL0022,,,27,,79,,87,,,,,,3,3,Dépendance,,0,,,,,,2.348193,48.848011
2022-1676373,2022-06-27,000001,Vente,846000,10,,RUE LINNE,5696,75005,75105,Paris 5e Arrondissement,75,,,75105000AG0052,,,21,,6,,,,,,,,2,3,Dépendance,,0,,,,,,2.35524,48.844542
2022-1676373,2022-06-27,000001,Vente,846000,10,,RUE LINNE,5696,75005,75105,Paris 5e Arrondissement,75,,,75105000AG0052,,,21,,6,,,,,,,,2,2,Appartement,77,4,,,,,,2.35524,48.844542
2022-1676387,2022-07-04,000001,Vente,235000,8,,RUE LAPLACE,5340,75005,75105,Paris 5e Arrondissement,75,,,75105000BL0053,,,14,,,,,,,,,,1,2,Appartement,20,1,,,,,,2.347814,48.847373
2022-1676388,2022-06-28,000001,Vente,330000,1,,RUE DE MIRBEL,6383,75005,75105,Paris 5e Arrondissement,75,,,75105000AU0035,,,45,24.01,,,,,,,,,1,2,Appartement,22,2,,,,,,2.352396,48.840521
2022-1676400,2022-07-08,000001,Vente,80000,55,,RUE CLAUDE BERNARD,2069,75005,75105,Paris 5e Arrondissement,75,,,75105000BE0020,,,60,,,,,,,,,,1,3,Dépendance,,0,,,,,,2.344875,48.840249
2022-1676413,2022-07-08,000001,Vente,366000,2,,RUE DES LYONNAIS,5868,75005,75105,Paris 5e Arrondissement,75,,,75105000AW0030,,,121,30.51,,,,,,,,,1,2,Appartement,28,2,,,,,,2.347476,48.83807
2022-1676417,2022-06-30,000001,Vente,1100000,16,,RUE SAINT SEVERIN,8760,75005,75105,Paris 5e Arrondissement,75,,,75105000BP0049,,,1,93.66,14,93.66,2,,23,,3,,8,4,Local industriel. commercial ou assimilé,99,0,,,,,,2.345548,48.852546
2022-1676435,2022-06-28,000001,Vente,1762000,8,,RUE PIERRE ET MARIE CURIE,7424,75005,75105,Paris 5e Arrondissement,75,,,75105000BI0073,,,8,,,,,,,,,,1,3,Dépendance,,0,,,,,,2.344488,48.844651
2022-1676435,2022-06-28,000001,Vente,1762000,8,,RUE PIERRE ET MARIE CURIE,7424,75005,75105,Paris 5e Arrondissement,75,,,75105000BI0073,,,6,109.2,,,,,,,,,1,2,Appartement,110,4,,,,,,2.344488,48.844651
2022-1676474,2022-07-05,000001,Vente,1538000,7,,RUE DAUBENTON,2580,75005,75105,Paris 5e Arrondissement,75,,,75105000AT0023,,,35,,6,114.92,,,,,,,2,2,Appartement,103,5,,,,,,2.355076,48.841284
2022-1676474,2022-07-05,000001,Vente,1538000,7,,RUE DAUBENTON,2580,75005,75105,Paris 5e Arrondissement,75,,,75105000AT0023,,,35,,6,114.92,,,,,,,2,3,Dépendance,,0,,,,,,2.355076,48.841284
2022-1676481,2022-07-19,000001,Vente,565000,4,,RUE DES CARMES,1554,75005,75105,Paris 5e Arrondissement,75,,,75105000BO0027,,,13,33.35,,,,,,,,,1,3,Dépendance,,0,,,,,,2.347685,48.849925
2022-1676481,2022-07-19,000001,Vente,565000,4,,RUE DES CARMES,1554,75005,75105,Paris 5e Arrondissement,75,,,75105000BO0027,,,11,33.05,31,,,,,,,,2,2,Appartement,27,2,,,,,,2.347685,48.849925
2022-1676505,2022-06-30,000001,Vente,220000,8,,RUE DU PUITS DE L ERMITE,7887,75005,75105,Paris 5e Arrondissement,75,,,75105000AK0055,,,2,20.23,32,,,,,,,,2,4,Local industriel. commercial ou assimilé,25,0,,,,,,2.352894,48.842374
2022-1676517,2022-07-19,000001,Vente,198500,17,,RUE DES ECOLES,3098,75005,75105,Paris 5e Arrondissement,75,,,75105000AI0016,,,21,14.56,,,,,,,,,1,2,Appartement,20,2,,,,,,2.351098,48.84775
2022-1676524,2022-06-22,000001,Echange,2000,36,,RUE GAY-LUSSAC,3998,75005,75105,Paris 5e Arrondissement,75,,,75105000BH0031,,,41,,,,,,,,,,1,3,Dépendance,,0,,,,,,2.341695,48.844333
2022-1676524,2022-06-22,000001,Echange,2000,36,,RUE GAY-LUSSAC,3998,75005,75105,Paris 5e Arrondissement,75,,,75105000BH0031,,,41,,,,,,,,,,1,2,Appartement,18,1,,,,,,2.341695,48.844333
2022-1676524,2022-06-22,000002,Echange,2000,36,,RUE GAY-LUSSAC,3998,75005,75105,Paris 5e Arrondissement,75,,,75105000BH0031,,,40,,,,,,,,,,1,3,Dépendance,,0,,,,,,2.341695,48.844333
2022-1676524,2022-06-22,000002,Echange,2000,36,,RUE GAY-LUSSAC,3998,75005,75105,Paris 5e Arrondissement,75,,,75105000BH0031,,,40,,,,,,,,,,1,2,Appartement,110,5,,,,,,2.341695,48.844333
2022-1676569,2022-06-22,000001,Vente,1400000,14,,RUE MONGE,6432,75005,75105,Paris 5e Arrondissement,75,,,75105000AC0081,,,32,153.02,33,,,,,,,,2,4,Local industriel. commercial ou assimilé,191,0,,,,,,2.349563,48.848897
2022-1676569,2022-06-22,000001,Vente,1400000,14,,RUE MONGE,6432,75005,75105,Paris 5e Arrondissement,75,,,75105000AC0081,,,34,,36,,37,51.14,,,,,3,4,Local industriel. commercial ou assimilé,40,0,,,,,,2.349563,48.848897
2022-1676575,2022-07-12,000001,Vente,207000,17,,RUE CLAUDE BERNARD,2069,75005,75105,Paris 5e Arrondissement,75,,,75105000AW0048,,,46,,,,,,,,,,1,3,Dépendance,,0,,,,,,2.34876,48.839005
2022-1676575,2022-07-12,000001,Vente,207000,17,,RUE CLAUDE BERNARD,2069,75005,75105,Paris 5e Arrondissement,75,,,75105000AW0048,,,54,,,,,,,,,,1,3,Dépendance,,0,,,,,,2.34876,48.839005
2022-1676575,2022-07-12,000001,Vente,207000,17,,RUE CLAUDE BERNARD,2069,75005,75105,Paris 5e Arrondissement,75,,,75105000AW0048,,,19,13.63,,,,,,,,,1,2,Appartement,14,1,,,,,,2.34876,48.839005
2022-1676577,2022-07-13,000001,Vente,1168000,25,,QUAI DE LA TOURNELLE,9380,75005,75105,Paris 5e Arrondissement,75,,,75105000AB0151,,,11,66.26,12,,13,,16,,48,,6,2,Appartement,65,2,,,,,,2.354113,48.85005
2022-1676577,2022-07-13,000001,Vente,1168000,25,,QUAI DE LA TOURNELLE,9380,75005,75105,Paris 5e Arrondissement,75,,,75105000AB0151,,,11,66.26,12,,13,,16,,48,,6,3,Dépendance,,0,,,,,,2.354113,48.85005
2022-1676578,2022-07-12,000001,Vente,22000,27,,RUE SAINT JACQUES,8648,75005,75105,Paris 5e Arrondissement,75,,,75105000BQ0004,,,59,,,,,,,,,,1,3,Dépendance,,0,,,,,,2.346131,48.851338
2022-1676582,2022-06-30,000001,Vente,2300000,2,,RUE PIERRE ET MARIE CURIE,7424,75005,75105,Paris 5e Arrondissement,75,,,75105000BI0079,,,20,,,,,,,,,,1,2,Appartement,140,6,,,,,,2.345034,48.84456
2022-1676582,2022-06-30,000001,Vente,2300000,2,,RUE PIERRE ET MARIE CURIE,7424,75005,75105,Paris 5e Arrondissement,75,,,75105000BI0079,,,20,,,,,,,,,,1,3,Dépendance,,0,,,,,,2.345034,48.84456
2022-1676602,2022-06-23,000001,Vente,475000,22,,RUE DE PONTOISE,7621,75005,75105,Paris 5e Arrondissement,75,,,75105000AC0015,,,14,,15,,,,,,,,2,2,Appartement,40,2,,,,,,2.351371,48.849286
2022-1676659,2022-07-04,000001,Vente,1137500,24,B,RUE TOURNEFORT,9376,75005,75105,Paris 5e Arrondissement,75,,,75105000AY0030,,,55,87.06,56,,,,,,,,2,2,Appartement,82,3,,,,,,2.347855,48.842494
2022-1676660,2022-06-28,000001,Vente,155000,40,,RUE DE LA MONTGN STE GENEVIEVE,6448,75005,75105,Paris 5e Arrondissement,75,,,75105000BL0023,,,155,13.02,,,,,,,,,1,2,Appartement,13,1,,,,,,2.348094,48.847862
2022-1676663,2022-07-22,000001,Vente,197000,15,,RUE BERTHOLLET,0916,75005,75105,Paris 5e Arrondissement,75,,,75105000AW0017,,,14,16.85,,,,,,,,,1,2,Appartement,12,1,,,,,,2.345998,48.839016
2022-1676686,2022-07-22,000001,Vente,35000,35,,RUE DE LA HARPE,4475,75005,75105,Paris 5e Arrondissement,75,,,75105000BP0099,,,2,,,,,,,,,,1,3,Dépendance,,0,,,,,,2.344633,48.85197
2022-1676699,2022-07-18,000001,Vente,890000,33,,RUE SAINT JACQUES,8648,75005,75105,Paris 5e Arrondissement,75,,,75105000BQ0001,,,28,65.3,,,,,,,,,1,2,Appartement,25,1,,,,,,2.345901,48.851117
2022-1676699,2022-07-18,000001,Vente,890000,33,,RUE SAINT JACQUES,8648,75005,75105,Paris 5e Arrondissement,75,,,75105000BQ0001,,,29,65.3,,,,,,,,,1,2,Appartement,23,1,,,,,,2.345901,48.851117
2022-1676740,2022-07-07,000001,Vente,8000,3,,RUE DE LA MONTGN STE GENEVIEVE,6448,75005,75105,Paris 5e Arrondissement,75,,,75105000AC0097,,,36,,,,,,,,,,1,2,Appartement,47,3,,,,,,2.349063,48.849371
2022-1676754,2022-07-15,000001,Vente,410000,7,,RUE PIERRE NICOLE,7467,75005,75105,Paris 5e Arrondissement,75,,,75105000BG0046,,,3,30.87,,,,,,,,,1,2,Appartement,32,1,,,,,,2.340806,48.842065
2022-1676786,2022-07-06,000001,Vente,1210000,4,,RUE DU POT DE FER,7752,75005,75105,Paris 5e Arrondissement,75,,,75105000AZ0064,,,10,,7,,,,,,,,2,2,Appartement,118,3,,,,,,2.349237,48.843153
2022-1676788,2022-07-05,000001,Vente,885000,13,,RUE VAUQUELIN,9626,75005,75105,Paris 5e Arrondissement,75,,,75105000AX0030,,,16,69.26,,,,,,,,,1,2,Appartement,60,1,,,,,,2.347244,48.840552
2022-1676788,2022-07-05,000001,Vente,885000,13,,RUE VAUQUELIN,9626,75005,75105,Paris 5e Arrondissement,75,,,75105000AX0030,,,16,69.26,,,,,,,,,1,3,Dépendance,,0,,,,,,2.347244,48.840552
2022-1676788,2022-07-05,000001,Vente,885000,13,,RUE VAUQUELIN,9626,75005,75105,Paris 5e Arrondissement,75,,,75105000AX0030,,,16,69.26,,,,,,,,,1,4,Local industriel. commercial ou assimilé,10,0,,,,,,2.347244,48.840552
2022-1676843,2022-07-22,000001,Vente,1500000,5,,RUE MONGE,6432,75005,75105,Paris 5e Arrondissement,75,,,75105000AC0005,,,13,103.37,,,,,,,,,1,2,Appartement,113,5,,,,,,2.34972,48.849426
2022-1676871,2022-07-22,000001,Vente,34580,40,,RUE LACEPEDE,5220,75005,75105,Paris 5e Arrondissement,75,,,75105000AJ0138,,,202,,,,,,,,,,1,3,Dépendance,,0,,,,,,2.350514,48.844496
2022-1676880,2022-07-05,000001,Vente,4000,4,,RUE DE LANNEAU,5325,75005,75105,Paris 5e Arrondissement,75,,,75105000BM0022,,,36,,,,,,,,,,1,2,Appartement,20,1,,,,,,2.346887,48.848348
2022-1676892,2022-07-05,000001,Vente,421000,32,,RUE DAUBENTON,2580,75005,75105,Paris 5e Arrondissement,75,,,75105000AL0088,,,13,43.6,14,,15,,,,,,3,2,Appartement,42,3,,,,,,2.35277,48.841278
2022-1676896,2022-07-07,000001,Vente,121500,47,,RUE HENRI BARBUSSE,4535,75005,75105,Paris 5e Arrondissement,75,,,75105000BF0035,,,10,9.02,,,,,,,,,1,3,Dépendance,,0,,,,,,2.338308,48.839762
2022-1676948,2022-07-22,000001,Vente,570000,1,,RUE DES FOSSES ST MARCEL,3751,75005,75105,Paris 5e Arrondissement,75,,,75105000AR0089,,,31,50.05,,,,,,,,,1,2,Appartement,51,2,,,,,,2.356467,48.839477
2022-1676948,2022-07-22,000001,Vente,570000,1,,RUE DES FOSSES ST MARCEL,3751,75005,75105,Paris 5e Arrondissement,75,,,75105000AR0089,,,31,50.05,,,,,,,,,1,3,Dépendance,,0,,,,,,2.356467,48.839477
2022-1676963,2022-07-21,000001,Vente,1825000,3,,RUE DE LA MONTGN STE GENEVIEVE,6448,75005,75105,Paris 5e Arrondissement,75,,,75105000AC0097,,,15,,,,,,,,,,1,2,Appartement,22,1,,,,,,2.349063,48.849371
2022-1676963,2022-07-21,000001,Vente,1825000,3,,RUE DE LA MONTGN STE GENEVIEVE,6448,75005,75105,Paris 5e Arrondissement,75,,,75105000AC0097,,,10,,27,,31,,9,,,,4,3,Dépendance,,0,,,,,,2.349063,48.849371
2022-1676963,2022-07-21,000001,Vente,1825000,3,,RUE DE LA MONTGN STE GENEVIEVE,6448,75005,75105,Paris 5e Arrondissement,75,,,75105000AC0097,,,10,,27,,31,,9,,,,4,3,Dépendance,,0,,,,,,2.349063,48.849371
2022-1676963,2022-07-21,000001,Vente,1825000,3,,RUE DE LA MONTGN STE GENEVIEVE,6448,75005,75105,Paris 5e Arrondissement,75,,,75105000AC0097,,,10,,27,,31,,9,,,,4,2,Appartement,115,5,,,,,,2.349063,48.849371
2022-1676964,2022-07-12,000001,Vente,1550000,4,,RUE SCIPION,8884,75005,75105,Paris 5e Arrondissement,75,,,75105000AS0012,,,304,90.32,53,,,,,,,,2,3,Dépendance,,0,,,,,,2.354445,48.838115
2022-1676964,2022-07-12,000001,Vente,1550000,4,,RUE SCIPION,8884,75005,75105,Paris 5e Arrondissement,75,,,75105000AS0012,,,304,90.32,53,,,,,,,,2,2,Appartement,98,3,,,,,,2.354445,48.838115
2022-1676975,2022-07-25,000001,Vente,450000,11,B,RUE DU VAL DE GRACE,9544,75005,75105,Paris 5e Arrondissement,75,,,75105000BF0051,,,36,35.98,,,,,,,,,1,2,Appartement,32,2,,,,,,2.339129,48.841041
2022-1676975,2022-07-25,000001,Vente,450000,11,B,RUE DU VAL DE GRACE,9544,75005,75105,Paris 5e Arrondissement,75,,,75105000BF0051,,,36,35.98,,,,,,,,,1,3,Dépendance,,0,,,,,,2.339129,48.841041
2022-1677004,2022-07-04,000001,Vente,1430000,70,,BD SAINT MARCEL,8690,75005,75105,Paris 5e Arrondissement,75,,,75105000AS0013,,,30,115.77,4,,,,,,,,2,3,Dépendance,,0,,,,,,2.354017,48.837773
2022-1677004,2022-07-04,000001,Vente,1430000,70,,BD SAINT MARCEL,8690,75005,75105,Paris 5e Arrondissement,75,,,75105000AS0013,,,30,115.77,4,,,,,,,,2,2,Appartement,105,3,,,,,,2.354017,48.837773
2022-1677005,2022-07-19,000001,Vente,395000,7,,RUE DE L ESSAI,3368,75005,75105,Paris 5e Arrondissement,75,,,75105000AR0057,,,14,37.37,,,,,,,,,1,2,Appartement,33,2,,,,,,2.357956,48.839705
2022-1677008,2022-07-20,000001,Vente,1200000,1,,RUE LAPLACE,5340,75005,75105,Paris 5e Arrondissement,75,,,75105000BL0073,,,4,91.01,9,,,,,,,,2,2,Appartement,86,3,,,,,,2.347904,48.847124
2022-1677008,2022-07-20,000001,Vente,1200000,1,,RUE LAPLACE,5340,75005,75105,Paris 5e Arrondissement,75,,,75105000BL0073,,,4,91.01,9,,,,,,,,2,3,Dépendance,,0,,,,,,2.347904,48.847124
2022-1677025,2022-06-30,000001,Vente,200000,22,,RUE POLIVEAU,7576,75005,75105,Paris 5e Arrondissement,75,,,75105000AQ0064,,,7,19.28,,,,,,,,,1,2,Appartement,19,1,,,,,,2.359304,48.84047
2022-1677045,2022-06-30,000001,Vente,1287600,11,,RUE PASCAL,7076,75005,75105,Paris 5e Arrondissement,75,,,75105000AV0074,,,33,,52,87.02,,,,,,,2,3,Dépendance,,0,,,,,,2.34995,48.838373
2022-1677045,2022-06-30,000001,Vente,1287600,11,,RUE PASCAL,7076,75005,75105,Paris 5e Arrondissement,75,,,75105000AV0074,,,33,,52,87.02,,,,,,,2,2,Appartement,86,4,,,,,,2.34995,48.838373
2022-1677072,2022-07-21,000001,Vente,480000,62,,RUE DES ECOLES,3098,75005,75105,Paris 5e Arrondissement,75,,,75105000BO0098,,,68,,77,33.05,,,,,,,2,2,Appartement,32,2,,,,,,2.343074,48.850348
2022-1677072,2022-07-21,000001,Vente,480000,62,,RUE DES ECOLES,3098,75005,75105,Paris 5e Arrondissement,75,,,75105000BO0098,,,68,,77,33.05,,,,,,,2,3,Dépendance,,0,,,,,,2.343074,48.850348
2022-1677072,2022-07-21,000001,Vente,480000,62,,RUE DES ECOLES,3098,75005,75105,Paris 5e Arrondissement,75,,,75105000BO0098,,,68,,77,33.05,,,,,,,2,3,Dépendance,,0,,,,,,2.343074,48.850348
2022-1677086,2022-06-27,000001,Vente,149500,175,,RUE SAINT JACQUES,8648,75005,75105,Paris 5e Arrondissement,75,,,75105000BI0053,,,122,,123,,,,,,,,2,2,Appartement,50,2,,,,,,2.343244,48.845503
2022-1677097,2022-07-08,000001,Vente,328600,9,,RUE DE PONTOISE,7621,75005,75105,Paris 5e Arrondissement,75,,,75105000AB0135,,,16,,,,,,,,,,1,2,Appartement,22,2,,,,,,2.352204,48.849858
2022-1677123,2022-07-04,000001,Vente,262370,22,,RUE DAUBENTON,2580,75005,75105,Paris 5e Arrondissement,75,,,75105000AL0093,,,9,17.63,,,,,,,,,1,2,Appartement,17,1,,,,,,2.353576,48.841396
2022-1677152,2022-07-19,000001,Vente,1027600,13,,RUE DES FOSSES ST MARCEL,3751,75005,75105,Paris 5e Arrondissement,75,,,75105000AR0083,,,22,66.16,,,,,,,,,1,2,Appartement,64,3,,,,,,2.356329,48.838856
2022-1677166,2022-07-22,000001,Vente,1019400,22,,RUE POLIVEAU,7576,75005,75105,Paris 5e Arrondissement,75,,,75105000AQ0064,,,23,90.09,72,,,,,,,,2,3,Dépendance,,0,,,,,,2.359304,48.84047
2022-1677166,2022-07-22,000001,Vente,1019400,22,,RUE POLIVEAU,7576,75005,75105,Paris 5e Arrondissement,75,,,75105000AQ0064,,,23,90.09,72,,,,,,,,2,2,Appartement,89,4,,,,,,2.359304,48.84047
2022-1677181,2022-07-07,000001,Vente,330000,8,,RUE COCHIN,2169,75005,75105,Paris 5e Arrondissement,75,,,75105000AB0131,,,4,,,,,,,,,,1,2,Appartement,26,1,,,,,,2.3526,48.850297
2022-1677208,2022-07-20,000001,Vente,474000,15,,RUE DE LA COLLEGIALE,2187,75005,75105,Paris 5e Arrondissement,75,,,75105000AV0019,,,28,40.04,,,,,,,,,1,2,Appartement,39,2,,,,,,2.351899,48.837885
2022-1677219,2022-07-12,000001,Vente,445000,1,,RUE VESALE,9719,75005,75105,Paris 5e Arrondissement,75,,,75105000AS0017,,,25,,49,,,,,,,,2,3,Dépendance,,0,,,,,,2.353613,48.838191
2022-1677219,2022-07-12,000001,Vente,445000,1,,RUE VESALE,9719,75005,75105,Paris 5e Arrondissement,75,,,75105000AS0017,,,25,,49,,,,,,,,2,2,Appartement,34,2,,,,,,2.353613,48.838191
2022-1677261,2022-07-11,000001,Vente,1494000,82,,BD DE PORT-ROYAL,7740,75005,75105,Paris 5e Arrondissement,75,,,75105000BE0011,,,73,,82,91.65,,,,,,,2,2,Appartement,96,4,,,,,,2.340202,48.839123
2022-1677261,2022-07-11,000001,Vente,1494000,82,,BD DE PORT-ROYAL,7740,75005,75105,Paris 5e Arrondissement,75,,,75105000BE0011,,,73,,82,91.65,,,,,,,2,3,Dépendance,,0,,,,,,2.340202,48.839123
2022-1677288,2022-07-20,000001,Vente,329000,47,,RUE DESCARTES,2724,75005,75105,Paris 5e Arrondissement,75,,,75105000AJ0012,,,14,23.52,,,,,,,,,1,2,Appartement,24,1,,,,,,2.349467,48.845423
2022-1677289,2022-07-06,000001,Vente,478000,94,,BD DE PORT-ROYAL,7740,75005,75105,Paris 5e Arrondissement,75,,,75105000BF0031,,,14,39.24,,,,,,,,,1,2,Appartement,38,2,,,,,,2.33803,48.839615
2022-1677289,2022-07-06,000001,Vente,478000,94,,BD DE PORT-ROYAL,7740,75005,75105,Paris 5e Arrondissement,75,,,75105000BF0031,,,14,39.24,,,,,,,,,1,3,Dépendance,,0,,,,,,2.33803,48.839615
2022-1677312,2022-07-05,000001,Vente,383000,31,,RUE TOURNEFORT,9376,75005,75105,Paris 5e Arrondissement,75,,,75105000AY0033,,,127,,28,27.05,,,,,,,2,3,Dépendance,,0,,,,,,2.348414,48.842672
2022-1677312,2022-07-05,000001,Vente,383000,31,,RUE TOURNEFORT,9376,75005,75105,Paris 5e Arrondissement,75,,,75105000AY0033,,,127,,28,27.05,,,,,,,2,2,Appartement,28,2,,,,,,2.348414,48.842672
2022-1677340,2022-07-26,000001,Vente,762500,82,,BD DE PORT-ROYAL,7740,75005,75105,Paris 5e Arrondissement,75,,,75105000BE0011,,,10,,27,58.29,,,,,,,2,2,Appartement,60,3,,,,,,2.340202,48.839123
2022-1677340,2022-07-26,000001,Vente,762500,82,,BD DE PORT-ROYAL,7740,75005,75105,Paris 5e Arrondissement,75,,,75105000BE0011,,,10,,27,58.29,,,,,,,2,3,Dépendance,,0,,,,,,2.340202,48.839123
2022-1677362,2022-07-27,000001,Vente,355086,29,B,RUE MONGE,6432,75005,75105,Paris 5e Arrondissement,75,,,75105000AH0037,,,20,34.95,,,,,,,,,1,4,Local industriel. commercial ou assimilé,34,0,,,,,,2.351999,48.846595
2022-1677362,2022-07-27,000001,Vente,355086,29,B,RUE MONGE,6432,75005,75105,Paris 5e Arrondissement,75,,,75105000AH0037,,,13,,,,,,,,,,1,4,Local industriel. commercial ou assimilé,80,0,,,,,,2.351999,48.846595
2022-1677363,2022-07-15,000001,Vente,125250,24,,RUE LINNE,5696,75005,75105,Paris 5e Arrondissement,75,,,75105000AG0025,,,15,10.52,,,,,,,,,1,2,Appartement,12,1,,,,,,2.354872,48.845569
2022-1677408,2022-07-19,000001,Vente,285000,7,,RUE BERTHOLLET,0916,75005,75105,Paris 5e Arrondissement,75,,,75105000AX0004,,,24,28.13,35,,,,,,,,2,3,Dépendance,,0,,,,,,2.346183,48.839641
2022-1677408,2022-07-19,000001,Vente,285000,7,,RUE BERTHOLLET,0916,75005,75105,Paris 5e Arrondissement,75,,,75105000AX0004,,,24,28.13,35,,,,,,,,2,2,Appartement,30,2,,,,,,2.346183,48.839641
2022-1677409,2022-07-21,000001,Vente,159855,95,,BD SAINT MICHEL,8705,75005,75105,Paris 5e Arrondissement,75,,,75105000BH0015,,,76,9.02,,,,,,,,,1,3,Dépendance,,0,,,,,,2.340169,48.844431
2022-1677417,2022-06-17,000001,Vente,240000,15,,RUE BERTHOLLET,0916,75005,75105,Paris 5e Arrondissement,75,,,75105000AW0017,,,5,23.3,,,,,,,,,1,2,Appartement,28,1,,,,,,2.345998,48.839016
2022-1677419,2022-07-04,000001,Vente,800345,212,,RUE SAINT JACQUES,8648,75005,75105,Paris 5e Arrondissement,75,,,75105000BH0055,,,14,60.91,52,,,,,,,,2,2,Appartement,57,3,,,,,,2.342187,48.845483
2022-1677419,2022-07-04,000001,Vente,800345,212,,RUE SAINT JACQUES,8648,75005,75105,Paris 5e Arrondissement,75,,,75105000BH0055,,,14,60.91,52,,,,,,,,2,3,Dépendance,,0,,,,,,2.342187,48.845483
2022-1677455,2022-07-12,000001,Vente,428300,18,,RUE CUVIER,2498,75005,75105,Paris 5e Arrondissement,75,,,75105000AG0064,,,84,40.4,,,,,,,,,1,2,Appartement,110,4,,,,,,2.355213,48.844154
2022-1677455,2022-07-12,000001,Vente,428300,18,,RUE CUVIER,2498,75005,75105,Paris 5e Arrondissement,75,,,75105000AG0064,,,84,40.4,,,,,,,,,1,3,Dépendance,,0,,,,,,2.355213,48.844154
2022-1677477,2022-07-13,000001,Vente,1250000,26,,RUE PIERRE ET MARIE CURIE,7424,75005,75105,Paris 5e Arrondissement,75,,,75105000BI0063,,,42,88.2,,,,,,,,,1,4,Local industriel. commercial ou assimilé,151,0,,,,,,2.342689,48.845069
2022-1677512,2022-07-20,000001,Vente,557000,8,,RUE LINNE,5696,75005,75105,Paris 5e Arrondissement,75,,,75105000AG0053,,,43,,44,,74,,,,,,3,3,Dépendance,,0,,,,,,2.355282,48.844459
2022-1677512,2022-07-20,000001,Vente,557000,8,,RUE LINNE,5696,75005,75105,Paris 5e Arrondissement,75,,,75105000AG0053,,,43,,44,,74,,,,,,3,2,Appartement,48,3,,,,,,2.355282,48.844459
2022-1677517,2022-07-26,000001,Vente,336000,7,,RUE SCIPION,8884,75005,75105,Paris 5e Arrondissement,75,,,75105000AS0016,,,17,29.76,,,,,,,,,1,3,Dépendance,,0,,,,,,2.353665,48.838097
2022-1677517,2022-07-26,000001,Vente,336000,7,,RUE SCIPION,8884,75005,75105,Paris 5e Arrondissement,75,,,75105000AS0016,,,17,29.76,,,,,,,,,1,2,Appartement,32,2,,,,,,2.353665,48.838097
2022-1677546,2022-07-26,000001,Vente,161500,8,,RUE DE QUATREFAGES,7911,75005,75105,Paris 5e Arrondissement,75,,,75105000AK0107,,,26,12.6,27,,40,,,,,,3,3,Dépendance,,0,,,,,,2.354666,48.84292
2022-1677546,2022-07-26,000001,Vente,161500,8,,RUE DE QUATREFAGES,7911,75005,75105,Paris 5e Arrondissement,75,,,75105000AK0107,,,27,,40,,,,,,,,2,3,Dépendance,,0,,,,,,2.354666,48.84292
2022-1677548,2022-07-19,000001,Vente,366000,25,,RUE GALANDE,3921,75005,75105,Paris 5e Arrondissement,75,,,75105000BQ0105,,,32,50.3,,,,,,,,,1,2,Appartement,55,3,,,,,,2.347716,48.851056
2022-1677586,2022-07-18,000001,Vente,450000,36,,RUE DE LA MONTGN STE GENEVIEVE,6448,75005,75105,Paris 5e Arrondissement,75,,,75105000BL0022,,,1,,,,,,,,,,1,4,Local industriel. commercial ou assimilé,36,0,,,,,,2.348193,48.848011
2022-1677587,2022-07-27,000001,Vente,410980,7,,RUE DE VALENCE,9546,75005,75105,Paris 5e Arrondissement,75,,,75105000AV0060,,,18,,64,,,,,,,,2,3,Dépendance,,0,,,,,,2.349992,48.837804
2022-1677587,2022-07-27,000001,Vente,410980,7,,RUE DE VALENCE,9546,75005,75105,Paris 5e Arrondissement,75,,,75105000AV0060,,,18,,64,,,,,,,,2,2,Appartement,28,2,,,,,,2.349992,48.837804
2022-1677600,2022-07-22,000001,Vente,682500,4,,RUE COCHIN,2169,75005,75105,Paris 5e Arrondissement,75,,,75105000AB0173,,,10,47.35,16,,,,,,,,2,3,Dépendance,,0,,,,,,2.352932,48.850156
2022-1677600,2022-07-22,000001,Vente,682500,4,,RUE COCHIN,2169,75005,75105,Paris 5e Arrondissement,75,,,75105000AB0173,,,10,47.35,16,,,,,,,,2,2,Appartement,65,3,,,,,,2.352932,48.850156
2022-1677652,2022-07-25,000001,Vente,285000,137,,RUE MOUFFETARD,6581,75005,75105,Paris 5e Arrondissement,75,,,75105000AU0014,,,5,26.39,,,,,,,,,1,2,Appartement,28,1,,,,,,2.349995,48.839883
2022-1677701,2022-07-11,000001,Vente,640000,60,,RUE MONGE,6432,75005,75105,Paris 5e Arrondissement,75,,,75105000AJ0123,,,15,,57,50.56,,,,,,,2,2,Appartement,51,2,,,,,,2.352002,48.844269
2022-1677701,2022-07-11,000001,Vente,640000,60,,RUE MONGE,6432,75005,75105,Paris 5e Arrondissement,75,,,75105000AJ0123,,,15,,57,50.56,,,,,,,2,3,Dépendance,,0,,,,,,2.352002,48.844269
2022-1677704,2022-07-21,000001,Vente,2225000,28,,RUE DE LA MONTGN STE GENEVIEVE,6448,75005,75105,Paris 5e Arrondissement,75,,,75105000BL0019,,,1,,2,,61,,,,,,3,4,Local industriel. commercial ou assimilé,30,0,,,,,,2.348224,48.848273
2022-1677704,2022-07-21,000001,Vente,2225000,28,,RUE DE LA MONTGN STE GENEVIEVE,6448,75005,75105,Paris 5e Arrondissement,75,,,75105000BL0019,,,10,,3,,4,,5,,51,,12,4,Local industriel. commercial ou assimilé,190,0,,,,,,2.348224,48.848273
2022-1677714,2022-07-26,000001,Vente,581000,42,,RUE HENRI BARBUSSE,4535,75005,75105,Paris 5e Arrondissement,75,,,75105000BF0022,,,1,,83,48.1,,,,,,,2,2,Appartement,48,3,,,,,,2.338235,48.840986
2022-1677714,2022-07-26,000001,Vente,581000,42,,RUE HENRI BARBUSSE,4535,75005,75105,Paris 5e Arrondissement,75,,,75105000BF0022,,,1,,83,48.1,,,,,,,2,3,Dépendance,,0,,,,,,2.338235,48.840986
2022-1677758,2022-07-18,000001,Vente,265000,69,,RUE CLAUDE BERNARD,2069,75005,75105,Paris 5e Arrondissement,75,,,75105000BD0051,,,251,,,,,,,,,,1,3,Dépendance,,0,,,,,,2.343855,48.840808
2022-1677758,2022-07-18,000001,Vente,265000,69,,RUE CLAUDE BERNARD,2069,75005,75105,Paris 5e Arrondissement,75,,,75105000BD0051,,,251,,,,,,,,,,1,2,Appartement,28,1,,,,,,2.343855,48.840808
2022-1677780,2022-07-20,000001,Vente,1600000,4,,RUE DE MIRBEL,6383,75005,75105,Paris 5e Arrondissement,75,,,75105000AT0001,,,13,,14,,26,,,,,,3,2,Appartement,105,4,,,,,,2.352448,48.840858
2022-1677780,2022-07-20,000001,Vente,1600000,4,,RUE DE MIRBEL,6383,75005,75105,Paris 5e Arrondissement,75,,,75105000AT0001,,,13,,14,,26,,,,,,3,3,Dépendance,,0,,,,,,2.352448,48.840858
2022-1677788,2022-07-21,000001,Vente,320000,21,,RUE ROLLIN,8329,75005,75105,Paris 5e Arrondissement,75,,,75105000AJ0143,,,14,22.93,,,,,,,,,1,3,Dépendance,,0,,,,,,2.349996,48.844627
2022-1677788,2022-07-21,000001,Vente,320000,21,,RUE ROLLIN,8329,75005,75105,Paris 5e Arrondissement,75,,,75105000AJ0143,,,14,22.93,,,,,,,,,1,2,Appartement,24,1,,,,,,2.349996,48.844627
2022-1677820,2022-07-26,000001,Vente,865600,6,,RUE BERTHOLLET,0916,75005,75105,Paris 5e Arrondissement,75,,,75105000BE0028,,,28,58.79,,,,,,,,,1,2,Appartement,50,3,,,,,,2.345521,48.839836
2022-1677820,2022-07-26,000001,Vente,865600,6,,RUE BERTHOLLET,0916,75005,75105,Paris 5e Arrondissement,75,,,75105000BE0028,,,28,58.79,,,,,,,,,1,3,Dépendance,,0,,,,,,2.345521,48.839836
2022-1677831,2022-08-02,000001,Vente,260000,34,,RUE DU FER A MOULIN,3573,75005,75105,Paris 5e Arrondissement,75,,,75105000AU0043,,,312,17.31,,,,,,,,,1,3,Dépendance,,0,,,,,,2.352864,48.839309
2022-1677831,2022-08-02,000001,Vente,260000,34,,RUE DU FER A MOULIN,3573,75005,75105,Paris 5e Arrondissement,75,,,75105000AU0043,,,312,17.31,,,,,,,,,1,2,Appartement,15,1,,,,,,2.352864,48.839309
2022-1677833,2022-07-12,000001,Vente,476000,34,,BD DE L HOPITAL,4649,75005,75105,Paris 5e Arrondissement,75,,,75105000AQ0041,,,173,,8,42.46,,,,,,,2,2,Appartement,30,1,,,,,,2.361722,48.840699
2022-1677833,2022-07-12,000001,Vente,476000,34,,BD DE L HOPITAL,4649,75005,75105,Paris 5e Arrondissement,75,,,75105000AQ0041,,,211,,,,,,,,,,1,3,Dépendance,,0,,,,,,2.361722,48.840699
2022-1677851,2022-07-28,000001,Vente,407350,69,,RUE CLAUDE BERNARD,2069,75005,75105,Paris 5e Arrondissement,75,,,75105000BD0051,,,258,31.03,,,,,,,,,1,2,Appartement,32,1,,,,,,2.343855,48.840808
2022-1677861,2022-07-28,000001,Vente,1100000,33,,RUE CLAUDE BERNARD,2069,75005,75105,Paris 5e Arrondissement,75,,,75105000AW0040,,,23,,9,,,,,,,,2,3,Dépendance,,0,,,,,,2.347395,48.839538
2022-1677861,2022-07-28,000001,Vente,1100000,33,,RUE CLAUDE BERNARD,2069,75005,75105,Paris 5e Arrondissement,75,,,75105000AW0040,,,23,,9,,,,,,,,2,2,Appartement,77,4,,,,,,2.347395,48.839538
2022-1677892,2022-08-01,000001,Vente,8000,3,,RUE DU PETIT PONT,7344,75005,75105,Paris 5e Arrondissement,75,,,75105000BQ0038,,,38,,,,,,,,,,1,3,Dépendance,,0,,,,,,2.346871,48.85257
2022-1677903,2022-07-27,000001,Vente,1412000,25,,RUE PIERRE NICOLE,7467,75005,75105,Paris 5e Arrondissement,75,,,75105000BF0057,,,10,131.42,,,,,,,,,1,3,Dépendance,,0,,,,,,2.339696,48.840599
2022-1677903,2022-07-27,000001,Vente,1412000,25,,RUE PIERRE NICOLE,7467,75005,75105,Paris 5e Arrondissement,75,,,75105000BF0057,,,10,131.42,,,,,,,,,1,2,Appartement,125,5,,,,,,2.339696,48.840599
2022-1677903,2022-07-27,000001,Vente,1412000,25,,RUE PIERRE NICOLE,7467,75005,75105,Paris 5e Arrondissement,75,,,75105000BF0057,,,10,131.42,,,,,,,,,1,3,Dépendance,,0,,,,,,2.339696,48.840599
2022-1677903,2022-07-27,000001,Vente,1412000,25,,RUE PIERRE NICOLE,7467,75005,75105,Paris 5e Arrondissement,75,,,75105000BF0057,,,10,131.42,,,,,,,,,1,3,Dépendance,,0,,,,,,2.339696,48.840599
2022-1677903,2022-07-27,000001,Vente,1412000,25,,RUE PIERRE NICOLE,7467,75005,75105,Paris 5e Arrondissement,75,,,75105000BF0057,,,10,131.42,,,,,,,,,1,3,Dépendance,,0,,,,,,2.339696,48.840599
2022-1677945,2022-07-21,000001,Vente,339900,30,,RUE GEOFFROY ST HILAIRE,4108,75005,75105,Paris 5e Arrondissement,75,,,75105000AM0004,,,20,30.08,33,,34,,35,,36,,6,3,Dépendance,,0,,,,,,2.356391,48.840682
2022-1677945,2022-07-21,000001,Vente,339900,30,,RUE GEOFFROY ST HILAIRE,4108,75005,75105,Paris 5e Arrondissement,75,,,75105000AM0004,,,20,30.08,33,,34,,35,,36,,6,3,Dépendance,,0,,,,,,2.356391,48.840682
2022-1677945,2022-07-21,000001,Vente,339900,30,,RUE GEOFFROY ST HILAIRE,4108,75005,75105,Paris 5e Arrondissement,75,,,75105000AM0004,,,20,30.08,33,,34,,35,,36,,6,2,Appartement,26,2,,,,,,2.356391,48.840682
2022-1677975,2022-07-26,000001,Vente,227000,4,,RUE DES LYONNAIS,5868,75005,75105,Paris 5e Arrondissement,75,,,75105000AW0027,,,30,18.27,7,,,,,,,,2,3,Dépendance,,0,,,,,,2.347235,48.838296
2022-1677975,2022-07-26,000001,Vente,227000,4,,RUE DES LYONNAIS,5868,75005,75105,Paris 5e Arrondissement,75,,,75105000AW0027,,,30,18.27,7,,,,,,,,2,2,Appartement,20,1,,,,,,2.347235,48.838296
2022-1677980,2022-07-22,000001,Vente,463500,348,,RUE SAINT JACQUES,8648,75005,75105,Paris 5e Arrondissement,75,,,75105000BF0081,,,3,,67,,,,,,,,2,2,Appartement,40,2,,,,,,2.339662,48.83922
2022-1677980,2022-07-22,000001,Vente,463500,348,,RUE SAINT JACQUES,8648,75005,75105,Paris 5e Arrondissement,75,,,75105000BF0081,,,3,,67,,,,,,,,2,3,Dépendance,,0,,,,,,2.339662,48.83922
2022-1677994,2022-07-29,000001,Vente,20000,12,B,AV DES GOBELINS,4209,75005,75105,Paris 5e Arrondissement,75,,,75105000AV0054,,,408,,,,,,,,,,1,4,Local industriel. commercial ou assimilé,20,0,,,,,,2.350221,48.837514
2022-1677994,2022-07-29,000001,Vente,20000,12,B,AV DES GOBELINS,4209,75005,75105,Paris 5e Arrondissement,75,,,75105000AV0054,,,408,,,,,,,,,,1,2,Appartement,140,4,,,,,,2.350221,48.837514
2022-1677994,2022-07-29,000001,Vente,20000,12,B,AV DES GOBELINS,4209,75005,75105,Paris 5e Arrondissement,75,,,75105000AV0054,,,408,,,,,,,,,,1,3,Dépendance,,0,,,,,,2.350221,48.837514
2022-1678035,2022-07-21,000001,Vente,485000,26,,RUE DAUBENTON,2580,75005,75105,Paris 5e Arrondissement,75,,,75105000AL0091,,,36,39.8,,,,,,,,,1,3,Dépendance,,0,,,,,,2.353248,48.841523
2022-1678035,2022-07-21,000001,Vente,485000,26,,RUE DAUBENTON,2580,75005,75105,Paris 5e Arrondissement,75,,,75105000AL0091,,,36,39.8,,,,,,,,,1,2,Appartement,34,3,,,,,,2.353248,48.841523
2022-1678035,2022-07-21,000001,Vente,485000,26,,RUE DAUBENTON,2580,75005,75105,Paris 5e Arrondissement,75,,,75105000AL0091,,,12,,,,,,,,,,1,2,Appartement,30,2,,,,,,2.353248,48.841523
2022-1678035,2022-07-21,000001,Vente,485000,26,,RUE DAUBENTON,2580,75005,75105,Paris 5e Arrondissement,75,,,75105000AL0091,,,12,,,,,,,,,,1,3,Dépendance,,0,,,,,,2.353248,48.841523
2022-1678066,2022-07-07,000001,Vente,519450,4,,RUE DU FER A MOULIN,3573,75005,75105,Paris 5e Arrondissement,75,,,75105000AT0030,,,21,42.03,36,,,,,,,,2,3,Dépendance,,0,,,,,,2.355906,48.839686
2022-1678066,2022-07-07,000001,Vente,519450,4,,RUE DU FER A MOULIN,3573,75005,75105,Paris 5e Arrondissement,75,,,75105000AT0030,,,21,42.03,36,,,,,,,,2,2,Appartement,43,2,,,,,,2.355906,48.839686
2022-1678071,2022-07-25,000001,Vente,21850,3,,RUE DU FER A MOULIN,3573,75005,75105,Paris 5e Arrondissement,75,,,75105000AS0005,,,18,,,,,,,,,,1,2,Appartement,43,2,,,,,,2.355849,48.839347
2022-1678071,2022-07-25,000001,Vente,21850,3,,RUE DU FER A MOULIN,3573,75005,75105,Paris 5e Arrondissement,75,,,75105000AS0005,,,18,,,,,,,,,,1,3,Dépendance,,0,,,,,,2.355849,48.839347
2022-1678073,2022-07-22,000001,Vente,148000,15,,RUE DE LA HUCHETTE,4678,75005,75105,Paris 5e Arrondissement,75,,,75105000BP0051,,,9,,,,,,,,,,1,2,Appartement,35,1,,,,,,2.345702,48.852768
2022-1678104,2022-07-20,000001,Vente,613525,24,,RUE MOUFFETARD,6581,75005,75105,Paris 5e Arrondissement,75,,,75105000AZ0043,,,10,44.2,11,44.2,,,,,,,2,2,Appartement,97,4,,,,,,2.349005,48.844179
2022-1678104,2022-07-20,000002,Vente,613525,24,,RUE MOUFFETARD,6581,75005,75105,Paris 5e Arrondissement,75,,,75105000AZ0043,,,9,45.9,,,,,,,,,1,2,Appartement,97,4,,,,,,2.349005,48.844179
2022-1678104,2022-07-20,000002,Vente,613525,24,,RUE MOUFFETARD,6581,75005,75105,Paris 5e Arrondissement,75,,,75105000AZ0043,,,5,,,,,,,,,,1,3,Dépendance,,0,,,,,,2.349005,48.844179
2022-1678107,2022-07-07,000001,Vente,485000,40,,RUE GAY-LUSSAC,3998,75005,75105,Paris 5e Arrondissement,75,,,75105000BC0011,,,20,38.97,9,,,,,,,,2,4,Local industriel. commercial ou assimilé,27,0,,,,,,2.342067,48.843687
2022-1678113,2022-07-22,000001,Vente,340000,28,,RUE BROCA,1313,75005,75105,Paris 5e Arrondissement,75,,,75105000AW0035,,,5,23.12,,,,,,,,,1,2,Appartement,26,1,,,,,,2.34774,48.838467
2022-1678113,2022-07-22,000001,Vente,340000,28,,RUE BROCA,1313,75005,75105,Paris 5e Arrondissement,75,,,75105000AW0035,,,5,23.12,,,,,,,,,1,3,Dépendance,,0,,,,,,2.34774,48.838467
2022-1678149,2022-07-25,000001,Vente,162000,10,,RUE DE LA HUCHETTE,4678,75005,75105,Paris 5e Arrondissement,75,,,75105000BP0017,,,5,9.92,,,,,,,,,1,2,Appartement,11,1,,,,,,2.346194,48.852968
2022-1678197,2022-07-27,000001,Vente,515345,27,,RUE LACEPEDE,5220,75005,75105,Paris 5e Arrondissement,75,,,75105000AK0032,,,12,,,,,,,,,,1,2,Appartement,45,3,,,,,,2.351755,48.843753
2022-1678197,2022-07-27,000001,Vente,515345,27,,RUE LACEPEDE,5220,75005,75105,Paris 5e Arrondissement,75,,,75105000AK0032,,,12,,,,,,,,,,1,3,Dépendance,,0,,,,,,2.351755,48.843753
2022-1678209,2022-08-02,000001,Vente,242900,8,,RUE DE LA SORBONNE,9033,75005,75105,Paris 5e Arrondissement,75,,,75105000BN0029,,,13,15.89,,,,,,,,,1,2,Appartement,15,1,,,,,,2.3432,48.84961
2022-1678214,2022-07-18,000001,Vente,1407000,31,,RUE CENSIER,1642,75005,75105,Paris 5e Arrondissement,75,,,75105000AU0078,,,16,,339,,,,,,,,2,2,Appartement,90,4,,,,,,2.35264,48.839924
2022-1678214,2022-07-18,000001,Vente,1407000,31,,RUE CENSIER,1642,75005,75105,Paris 5e Arrondissement,75,,,75105000AU0078,,,224,90,,,,,,,,,1,3,Dépendance,,0,,,,,,2.35264,48.839924
2022-1678214,2022-07-18,000001,Vente,1407000,31,,RUE CENSIER,1642,75005,75105,Paris 5e Arrondissement,75,,,75105000AU0078,,,16,,339,,,,,,,,2,3,Dépendance,,0,,,,,,2.35264,48.839924
2022-1678214,2022-07-18,000001,Vente,1407000,31,,RUE CENSIER,1642,75005,75105,Paris 5e Arrondissement,75,,,75105000AU0078,,,16,,339,,,,,,,,2,3,Dépendance,,0,,,,,,2.35264,48.839924
2022-1678214,2022-07-18,000001,Vente,1407000,31,,RUE CENSIER,1642,75005,75105,Paris 5e Arrondissement,75,,,75105000AU0078,,,16,,339,,,,,,,,2,3,Dépendance,,0,,,,,,2.35264,48.839924
2022-1678219,2022-07-27,000001,Vente,800000,112,,RUE MOUFFETARD,6581,75005,75105,Paris 5e Arrondissement,75,,,75105000AY0075,,,21,,,,,,,,,,1,2,Appartement,62,2,,,,,,2.349491,48.84063
2022-1678227,2022-07-13,000001,Vente,880000,34,,RUE DE LA CLEF,2094,75005,75105,Paris 5e Arrondissement,75,,,75105000AL0085,,,12,,,,,,,,,,1,2,Appartement,15,1,,,,,,2.352883,48.841775
2022-1678227,2022-07-13,000001,Vente,880000,34,,RUE DE LA CLEF,2094,75005,75105,Paris 5e Arrondissement,75,,,75105000AL0085,,,11,72.23,,,,,,,,,1,3,Dépendance,,0,,,,,,2.352883,48.841775
2022-1678227,2022-07-13,000001,Vente,880000,34,,RUE DE LA CLEF,2094,75005,75105,Paris 5e Arrondissement,75,,,75105000AL0085,,,11,72.23,,,,,,,,,1,2,Appartement,57,3,,,,,,2.352883,48.841775
2022-1678227,2022-07-13,000001,Vente,880000,34,,RUE DE LA CLEF,2094,75005,75105,Paris 5e Arrondissement,75,,,75105000AL0085,,,12,,,,,,,,,,1,3,Dépendance,,0,,,,,,2.352883,48.841775
2022-1678265,2022-07-21,000001,Vente,2040000,15,,RUE LACEPEDE,5220,75005,75105,Paris 5e Arrondissement,75,,,75105000AK0079,,,8,,,,,,,,,,1,2,Appartement,134,5,,,,,,2.352984,48.843488
2022-1678265,2022-07-21,000001,Vente,2040000,15,,RUE LACEPEDE,5220,75005,75105,Paris 5e Arrondissement,75,,,75105000AK0079,,,8,,,,,,,,,,1,3,Dépendance,,0,,,,,,2.352984,48.843488
2022-1678265,2022-07-21,000001,Vente,2040000,15,,RUE LACEPEDE,5220,75005,75105,Paris 5e Arrondissement,75,,,75105000AK0079,,,8,,,,,,,,,,1,3,Dépendance,,0,,,,,,2.352984,48.843488
2022-1678311,2022-07-12,000001,Vente,375000,22,,RUE LARREY,5362,75005,75105,Paris 5e Arrondissement,75,,,75105000AK0082,,,17,29.28,2,,3,,,,,,3,4,Local industriel. commercial ou assimilé,30,0,,,,,,2.352903,48.843065
2022-1678320,2022-07-19,000001,Vente,200000,33,,RUE LACEPEDE,5220,75005,75105,Paris 5e Arrondissement,75,,,75105000AK0114,,,216,,256,,,,,,,,2,2,Appartement,48,2,,,,,,2.351349,48.843731
2022-1678320,2022-07-19,000001,Vente,200000,33,,RUE LACEPEDE,5220,75005,75105,Paris 5e Arrondissement,75,,,75105000AK0114,,,216,,256,,,,,,,,2,3,Dépendance,,0,,,,,,2.351349,48.843731
2022-1678324,2022-07-27,000001,Vente,1410000,15,,RUE DU VAL DE GRACE,9544,75005,75105,Paris 5e Arrondissement,75,,,75105000BF0050,,,27,102.3,5,,,,,,,,2,3,Dépendance,,0,,,,,,2.339095,48.841266
2022-1678324,2022-07-27,000001,Vente,1410000,15,,RUE DU VAL DE GRACE,9544,75005,75105,Paris 5e Arrondissement,75,,,75105000BF0050,,,27,102.3,5,,,,,,,,2,2,Appartement,100,3,,,,,,2.339095,48.841266
2022-1678325,2022-07-08,000002,Vente,32000,20,,RUE PASCAL,7076,75005,75105,Paris 5e Arrondissement,75,,,75105000AW0125,,,46,,,,,,,,,,1,4,Local industriel. commercial ou assimilé,180,0,,,,,,,
2022-1678325,2022-07-08,000002,Vente,32000,20,,RUE PASCAL,7076,75005,75105,Paris 5e Arrondissement,75,,,75105000AW0125,,,46,,,,,,,,,,1,3,Dépendance,,0,,,,,,,
2022-1678325,2022-07-08,000002,Vente,32000,20,,RUE PASCAL,7076,75005,75105,Paris 5e Arrondissement,75,,,75105000AW0125,,,46,,,,,,,,,,1,2,Appartement,141,5,,,,,,,
2022-1678339,2022-07-20,000001,Vente,421000,32,,RUE DE L ARBALETE,0405,75005,75105,Paris 5e Arrondissement,75,,,75105000AX0012,,,14,31.66,,,,,,,,,1,2,Appartement,31,2,,,,,,2.346625,48.839701
2022-1678339,2022-07-20,000001,Vente,421000,32,,RUE DE L ARBALETE,0405,75005,75105,Paris 5e Arrondissement,75,,,75105000AX0012,,,14,31.66,,,,,,,,,1,3,Dépendance,,0,,,,,,2.346625,48.839701
2022-1678347,2022-07-13,000001,Vente,495000,3,,PL JUSSIEU,5129,75005,75105,Paris 5e Arrondissement,75,,,75105000AG0037,,,2,53.6,32,,,,,,,,2,3,Dépendance,,0,,,,,,2.355189,48.8457
2022-1678347,2022-07-13,000001,Vente,495000,3,,PL JUSSIEU,5129,75005,75105,Paris 5e Arrondissement,75,,,75105000AG0037,,,2,53.6,32,,,,,,,,2,2,Appartement,55,2,,,,,,2.355189,48.8457
2022-1678348,2022-07-19,000001,Vente,533333,12,,RUE FREDERIC SAUTON,3848,75005,75105,Paris 5e Arrondissement,75,,,75105000BQ0089,,,11,42.7,31,,,,,,,,2,2,Appartement,42,2,,,,,,2.348819,48.850825
2022-1678348,2022-07-19,000001,Vente,533333,12,,RUE FREDERIC SAUTON,3848,75005,75105,Paris 5e Arrondissement,75,,,75105000BQ0089,,,11,42.7,31,,,,,,,,2,3,Dépendance,,0,,,,,,2.348819,48.850825
2022-1678355,2022-07-11,000001,Vente,400000,1,B,RUE DE QUATREFAGES,7911,75005,75105,Paris 5e Arrondissement,75,,,75105000AK0093,,,144,,,,,,,,,,1,2,Appartement,35,2,,,,,,2.354072,48.842697
2022-1678398,2022-07-22,000001,Vente,165000,4,,PL MONGE,6431,75005,75105,Paris 5e Arrondissement,75,,,75105000AK0029,,,11,11.32,,,,,,,,,1,3,Dépendance,,0,,,,,,2.35176,48.843366
2022-1678402,2022-07-29,000001,Vente,795300,3,,RUE DOLOMIEU,2884,75005,75105,Paris 5e Arrondissement,75,,,75105000AK0047,,,9,59.36,,,,,,,,,1,2,Appartement,56,3,,,,,,2.352351,48.842577
2022-1678402,2022-07-29,000001,Vente,795300,3,,RUE DOLOMIEU,2884,75005,75105,Paris 5e Arrondissement,75,,,75105000AK0047,,,9,59.36,,,,,,,,,1,3,Dépendance,,0,,,,,,2.352351,48.842577
2022-1678421,2022-07-13,000001,Vente,1810850,16,,RUE ROYER-COLLARD,8421,75005,75105,Paris 5e Arrondissement,75,,,75105000BI0024,,,21,,3,116.95,,,,,,,2,3,Dépendance,,0,,,,,,2.341618,48.846072
2022-1678421,2022-07-13,000001,Vente,1810850,16,,RUE ROYER-COLLARD,8421,75005,75105,Paris 5e Arrondissement,75,,,75105000BI0024,,,21,,3,116.95,,,,,,,2,2,Appartement,116,5,,,,,,2.341618,48.846072
2022-1678429,2022-07-29,000001,Vente,420000,17,,RUE MAITRE ALBERT,5937,75005,75105,Paris 5e Arrondissement,75,,,75105000AB0043,,,1,31.66,,,,,,,,,1,2,Appartement,30,2,,,,,,2.349591,48.850347
2022-1678429,2022-07-29,000001,Vente,420000,17,,RUE MAITRE ALBERT,5937,75005,75105,Paris 5e Arrondissement,75,,,75105000AB0043,,,1,31.66,,,,,,,,,1,3,Dépendance,,0,,,,,,2.349591,48.850347
2022-1678466,2022-07-29,000001,Vente,755000,19,,RUE LHOMOND,5648,75005,75105,Paris 5e Arrondissement,75,,,75105000AZ0014,,,24,48.05,25,,,,,,,,2,3,Dépendance,,0,,,,,,2.346479,48.843647
2022-1678466,2022-07-29,000001,Vente,755000,19,,RUE LHOMOND,5648,75005,75105,Paris 5e Arrondissement,75,,,75105000AZ0014,,,24,48.05,25,,,,,,,,2,2,Appartement,47,2,,,,,,2.346479,48.843647
2022-1678483,2022-08-08,000001,Vente,568000,12,,RUE D ULM,9517,75005,75105,Paris 5e Arrondissement,75,,,75105000BI0080,,,8,,,,,,,,,,1,3,Dépendance,,0,,,,,,2.345223,48.844814
2022-1678483,2022-08-08,000001,Vente,568000,12,,RUE D ULM,9517,75005,75105,Paris 5e Arrondissement,75,,,75105000BI0080,,,18,43.91,,,,,,,,,1,3,Dépendance,,0,,,,,,2.345223,48.844814
2022-1678483,2022-08-08,000001,Vente,568000,12,,RUE D ULM,9517,75005,75105,Paris 5e Arrondissement,75,,,75105000BI0080,,,8,,,,,,,,,,1,2,Appartement,56,4,,,,,,2.345223,48.844814
2022-1678483,2022-08-08,000001,Vente,568000,12,,RUE D ULM,9517,75005,75105,Paris 5e Arrondissement,75,,,75105000BI0080,,,18,43.91,,,,,,,,,1,2,Appartement,35,3,,,,,,2.345223,48.844814
2022-1678506,2022-07-25,000001,Vente,380100,6,,RUE THOUIN,9302,75005,75105,Paris 5e Arrondissement,75,,,75105000AJ0013,,,20,,,,,,,,,,1,2,Appartement,25,1,,,,,,2.349342,48.845197
2022-1678506,2022-07-25,000001,Vente,380100,6,,RUE THOUIN,9302,75005,75105,Paris 5e Arrondissement,75,,,75105000AJ0013,,,20,,,,,,,,,,1,3,Dépendance,,0,,,,,,2.349342,48.845197
2022-1678527,2022-07-25,000001,Vente,1120000,1,,PL PAUL PAINLEVE,7174,75005,75105,Paris 5e Arrondissement,75,,,75105000BO0101,,,52,90.28,66,,74,,,,,,3,3,Dépendance,,0,,,,,,2.344809,48.850088
2022-1678527,2022-07-25,000001,Vente,1120000,1,,PL PAUL PAINLEVE,7174,75005,75105,Paris 5e Arrondissement,75,,,75105000BO0101,,,52,90.28,66,,74,,,,,,3,2,Appartement,88,4,,,,,,2.344809,48.850088
2022-1678549,2022-07-26,000001,Vente,25000,2,,SQ ADANSON,0052,75005,75105,Paris 5e Arrondissement,75,,,75105000AU0053,,,331,,,,,,,,,,1,3,Dépendance,,0,,,,,,2.351482,48.839027
2022-1678567,2022-08-04,000001,Vente,370000,40,,RUE DE LA MONTGN STE GENEVIEVE,6448,75005,75105,Paris 5e Arrondissement,75,,,75105000BL0023,,,325,28.31,326,,,,,,,,2,2,Appartement,28,2,,,,,,2.348094,48.847862
2022-1678592,2022-07-26,000001,Vente,30000,14,B,BD DE L HOPITAL,4649,75005,75105,Paris 5e Arrondissement,75,,,75105000AQ0027,,,947,,,,,,,,,,1,3,Dépendance,,0,,,,,,2.362951,48.84247
2022-1678594,2022-07-13,000001,Vente,488800,1,,RUE DE L ABBE DE L EPEE,0006,75005,75105,Paris 5e Arrondissement,75,,,75105000BD0013,,,13,35,,,,,,,,,1,2,Appartement,34,2,,,,,,2.342395,48.842915
2022-1678614,2022-06-21,000001,Vente,970000,,,RUE DE L ESTRAPADE,3377,75005,75105,Paris 5e Arrondissement,75,,,75105000BI0082,,,17,56.2,,,,,,,,,1,2,Appartement,56,3,,,,,,2.345281,48.84498
2022-1678614,2022-06-21,000001,Vente,970000,,,RUE DE L ESTRAPADE,3377,75005,75105,Paris 5e Arrondissement,75,,,75105000BI0082,,,32,,,,,,,,,,1,3,Dépendance,,0,,,,,,2.345281,48.84498
2022-1678665,2022-08-05,000001,Vente,1097000,17,,BD SAINT MICHEL,8705,75005,75105,Paris 5e Arrondissement,75,,,75105000BP0145,,,25,,7,89.45,,,,,,,2,3,Dépendance,,0,,,,,,2.343686,48.851717
2022-1678665,2022-08-05,000001,Vente,1097000,17,,BD SAINT MICHEL,8705,75005,75105,Paris 5e Arrondissement,75,,,75105000BP0145,,,25,,7,89.45,,,,,,,2,2,Appartement,94,3,,,,,,2.343686,48.851717
2022-1678670,2022-07-28,000001,Vente,255000,12,,RUE DE LA SORBONNE,9033,75005,75105,Paris 5e Arrondissement,75,,,75105000BN0025,,,10,17.66,,,,,,,,,1,2,Appartement,15,1,,,,,,2.343126,48.849413
2022-1678671,2022-08-05,000001,Vente,292000,22,,RUE DAUBENTON,2580,75005,75105,Paris 5e Arrondissement,75,,,75105000AL0093,,,11,24.07,,,,,,,,,1,2,Appartement,24,1,,,,,,2.353576,48.841396
2022-1678686,2022-07-26,000001,Vente,19000,14,B,BD DE L HOPITAL,4649,75005,75105,Paris 5e Arrondissement,75,,,75105000AQ0027,,,962,,,,,,,,,,1,3,Dépendance,,0,,,,,,2.362951,48.84247
2022-1678696,2022-07-21,000001,Vente,301500,15,,RUE DES FEUILLANTINES,3630,75005,75105,Paris 5e Arrondissement,75,,,75105000BD0070,,,8,,9,,,,,,,,2,2,Appartement,22,1,,,,,,2.342051,48.841683
2022-1678738,2022-08-05,000001,Vente,242857,11,,RUE DU SOMMERARD,3053,75005,75105,Paris 5e Arrondissement,75,,,75105000BO0067,,,2,,,,,,,,,,1,4,Local industriel. commercial ou assimilé,39,0,,,,,,2.346623,48.849783
2022-1678744,2022-07-29,000001,Vente,3900000,9,,RUE SAINT JACQUES,8648,75005,75105,Paris 5e Arrondissement,75,,,75105000BQ0020,,,,,,,,,,,,,0,4,Local industriel. commercial ou assimilé,697,0,S,sols,,,142,2.346376,48.851863
2022-1678769,2022-07-20,000001,Vente,415000,10,,RUE DU FOUARRE,3753,75005,75105,Paris 5e Arrondissement,75,,,75105000BQ0055,,,12,29.79,14,,,,,,,,2,2,Appartement,27,2,,,,,,2.347232,48.851614
2022-1678802,2022-08-04,000001,Vente,1202736,257,,RUE SAINT JACQUES,8648,75005,75105,Paris 5e Arrondissement,75,,,75105000BD0024,,,225,,489,,,,,,,,2,2,Appartement,92,3,,,,,,2.341764,48.842168
2022-1678802,2022-08-04,000001,Vente,1202736,257,,RUE SAINT JACQUES,8648,75005,75105,Paris 5e Arrondissement,75,,,75105000BD0024,,,225,,489,,,,,,,,2,3,Dépendance,,0,,,,,,2.341764,48.842168
2022-1678802,2022-08-04,000001,Vente,1202736,253,,RUE SAINT JACQUES,8648,75005,75105,Paris 5e Arrondissement,75,,,75105000BD0024,,,476,,,,,,,,,,1,3,Dépendance,,0,,,,,,2.341764,48.842168
2022-1678813,2022-08-02,000001,Vente,65800,9,,RUE POLIVEAU,7576,75005,75105,Paris 5e Arrondissement,75,,,75105000AR0029,,,47,11.45,,,,,,,,,1,3,Dépendance,,0,,,,,,2.360502,48.840103
2022-1678829,2022-07-25,000001,Vente,400000,68,,RUE GAY-LUSSAC,3998,75005,75105,Paris 5e Arrondissement,75,,,75105000BD0032,,,16,31.47,32,,,,,,,,2,2,Appartement,33,2,,,,,,2.342866,48.841914
2022-1678829,2022-07-25,000001,Vente,400000,68,,RUE GAY-LUSSAC,3998,75005,75105,Paris 5e Arrondissement,75,,,75105000BD0032,,,16,31.47,32,,,,,,,,2,3,Dépendance,,0,,,,,,2.342866,48.841914
2022-1678831,2022-08-05,000001,Vente,800900,38,,RUE MONGE,6432,75005,75105,Paris 5e Arrondissement,75,,,75105000AJ0059,,,31,,7,65.09,,,,,,,2,3,Dépendance,,0,,,,,,2.351576,48.845795
2022-1678831,2022-08-05,000001,Vente,800900,38,,RUE MONGE,6432,75005,75105,Paris 5e Arrondissement,75,,,75105000AJ0059,,,31,,7,65.09,,,,,,,2,2,Appartement,62,4,,,,,,2.351576,48.845795
2022-1678835,2022-08-18,000001,Vente,234000,28,,RUE DES CARMES,1554,75005,75105,Paris 5e Arrondissement,75,,,75105000BM0024,,,5,21.01,,,,,,,,,1,2,Appartement,23,1,,,,,,2.346956,48.848432
2022-1678839,2022-08-05,000001,Vente,515000,72,,RUE MONGE,6432,75005,75105,Paris 5e Arrondissement,75,,,75105000AK0037,,,36,,8,,,,,,,,2,3,Dépendance,,0,,,,,,2.35194,48.843369
2022-1678839,2022-08-05,000001,Vente,515000,72,,RUE MONGE,6432,75005,75105,Paris 5e Arrondissement,75,,,75105000AK0037,,,36,,8,,,,,,,,2,2,Appartement,40,2,,,,,,2.35194,48.843369
2022-1678841,2022-07-28,000001,Vente,1000480,7,,RUE LARREY,5362,75005,75105,Paris 5e Arrondissement,75,,,75105000AL0125,,,14,,,,,,,,,,1,3,Dépendance,,0,,,,,,2.353305,48.841809
2022-1678841,2022-07-28,000001,Vente,1000480,7,,RUE LARREY,5362,75005,75105,Paris 5e Arrondissement,75,,,75105000AL0125,,,14,,,,,,,,,,1,2,Appartement,86,5,,,,,,2.353305,48.841809
2022-1678848,2022-07-29,000001,Vente,23447330,22,,RUE LINNE,5696,75005,75105,Paris 5e Arrondissement,75,,,75105000AG0027,,,16,58.92,20,,,,,,,,2,4,Local industriel. commercial ou assimilé,80,0,,,,,,2.354949,48.845454
2022-1678857,2022-08-08,000001,Vente,353000,83,,RUE DU CARDINAL LEMOINE,1545,75005,75105,Paris 5e Arrondissement,75,,,75105000AJ0144,,,27,,3,28.25,,,,,,,2,2,Appartement,30,1,,,,,,2.349803,48.844652
2022-1678877,2022-07-25,000001,Vente,784904.94,22,,BD DE L HOPITAL,4649,75005,75105,Paris 5e Arrondissement,75,,,75105000AQ0060,,,3,,,,,,,,,,1,4,Local industriel. commercial ou assimilé,20,0,,,,,,2.362449,48.841631
2022-1678877,2022-07-25,000001,Vente,784904.94,22,,BD DE L HOPITAL,4649,75005,75105,Paris 5e Arrondissement,75,,,75105000AQ0060,,,133,,4,,,,,,,,2,4,Local industriel. commercial ou assimilé,60,0,,,,,,2.362449,48.841631
2022-1678877,2022-07-25,000001,Vente,784904.94,20,,BD DE L HOPITAL,4649,75005,75105,Paris 5e Arrondissement,75,,,75105000AQ0061,,,2,,28,,84,,86,,,,4,4,Local industriel. commercial ou assimilé,60,0,,,,,,2.362586,48.841796
2022-1678903,2022-07-26,000002,Echange,9000,2,,BD SAINT GERMAIN,8619,75005,75105,Paris 5e Arrondissement,75,,,75105000AD0009,,,24,,7,,,,,,,,2,4,Local industriel. commercial ou assimilé,224,0,,,,,,2.355663,48.849586
2022-1678917,2022-07-29,000001,Vente,320000,6,,RUE THOUIN,9302,75005,75105,Paris 5e Arrondissement,75,,,75105000AJ0013,,,17,28.1,,,,,,,,,1,2,Appartement,24,2,,,,,,2.349342,48.845197
2022-1678934,2022-08-04,000001,Vente,585000,9,,RUE DE L HOTEL COLBERT,4661,75005,75105,Paris 5e Arrondissement,75,,,75105000BQ0081,,,6,44.9,,,,,,,,,1,2,Appartement,45,2,,,,,,2.348482,48.851411
2022-1678944,2022-08-08,000001,Vente,434600,95,,BD SAINT MICHEL,8705,75005,75105,Paris 5e Arrondissement,75,,,75105000BH0015,,,179,31.52,,,,,,,,,1,2,Appartement,31,2,,,,,,2.340169,48.844431
2022-1678950,2022-07-25,000001,Vente,60000,69,,RUE CLAUDE BERNARD,2069,75005,75105,Paris 5e Arrondissement,75,,,75105000BD0051,,,151,,,,,,,,,,1,3,Dépendance,,0,,,,,,2.343855,48.840808
2022-1678989,2022-08-05,000001,Vente,63792976,7,,RUE LACEPEDE,5220,75005,75105,Paris 5e Arrondissement,75,,,75105000AK0087,,,,,,,,,,,,,0,3,Dépendance,,0,S,sols,,,1989,2.353522,48.843354
2022-1678989,2022-08-05,000001,Vente,63792976,7,,RUE LACEPEDE,5220,75005,75105,Paris 5e Arrondissement,75,,,75105000AK0087,,,,,,,,,,,,,0,4,Local industriel. commercial ou assimilé,3287,0,S,sols,,,1989,2.353522,48.843354
2022-1678989,2022-08-05,000001,Vente,63792976,7,,RUE LACEPEDE,5220,75005,75105,Paris 5e Arrondissement,75,,,75105000AK0087,,,,,,,,,,,,,0,2,Appartement,58,3,S,sols,,,1989,2.353522,48.843354
2022-1678989,2022-08-05,000001,Vente,63792976,7,,RUE LACEPEDE,5220,75005,75105,Paris 5e Arrondissement,75,,,75105000AK0087,,,,,,,,,,,,,0,2,Appartement,19,1,S,sols,,,1989,2.353522,48.843354
2022-1678989,2022-08-05,000001,Vente,63792976,7,,RUE LACEPEDE,5220,75005,75105,Paris 5e Arrondissement,75,,,75105000AK0087,,,,,,,,,,,,,0,2,Appartement,55,2,S,sols,,,1989,2.353522,48.843354
2022-1678989,2022-08-05,000001,Vente,63792976,7,,RUE LACEPEDE,5220,75005,75105,Paris 5e Arrondissement,75,,,75105000AK0087,,,,,,,,,,,,,0,2,Appartement,69,4,S,sols,,,1989,2.353522,48.843354
2022-1678989,2022-08-05,000001,Vente,63792976,7,,RUE LACEPEDE,5220,75005,75105,Paris 5e Arrondissement,75,,,75105000AK0087,,,,,,,,,,,,,0,3,Dépendance,,0,S,sols,,,1989,2.353522,48.843354
2022-1678989,2022-08-05,000001,Vente,63792976,7,,RUE LACEPEDE,5220,75005,75105,Paris 5e Arrondissement,75,,,75105000AK0087,,,,,,,,,,,,,0,3,Dépendance,,0,S,sols,,,1989,2.353522,48.843354
2022-1678989,2022-08-05,000001,Vente,63792976,7,,RUE LACEPEDE,5220,75005,75105,Paris 5e Arrondissement,75,,,75105000AK0087,,,,,,,,,,,,,0,3,Dépendance,,0,S,sols,,,1989,2.353522,48.843354
2022-1678989,2022-08-05,000001,Vente,63792976,7,,RUE LACEPEDE,5220,75005,75105,Paris 5e Arrondissement,75,,,75105000AK0087,,,,,,,,,,,,,0,3,Dépendance,,0,S,sols,,,1989,2.353522,48.843354
2022-1678989,2022-08-05,000001,Vente,63792976,7,,RUE LACEPEDE,5220,75005,75105,Paris 5e Arrondissement,75,,,75105000AK0087,,,,,,,,,,,,,0,2,Appartement,51,2,S,sols,,,1989,2.353522,48.843354
2022-1678989,2022-08-05,000001,Vente,63792976,7,,RUE LACEPEDE,5220,75005,75105,Paris 5e Arrondissement,75,,,75105000AK0087,,,,,,,,,,,,,0,3,Dépendance,,0,S,sols,,,1989,2.353522,48.843354
2022-1679002,2022-07-28,000001,Vente,218000,26,,RUE MOUFFETARD,6581,75005,75105,Paris 5e Arrondissement,75,,,75105000AZ0044,,,6,14.29,,,,,,,,,1,2,Appartement,20,1,,,,,,2.348996,48.844129
2022-1679006,2022-08-10,000001,Vente,800000,15,,RUE DAUBENTON,2580,75005,75105,Paris 5e Arrondissement,75,,,75105000AT0020,,,35,,65,,,,,,,,2,2,Appartement,56,3,,,,,,2.354056,48.841102
2022-1679006,2022-08-10,000001,Vente,800000,15,,RUE DAUBENTON,2580,75005,75105,Paris 5e Arrondissement,75,,,75105000AT0020,,,35,,65,,,,,,,,2,3,Dépendance,,0,,,,,,2.354056,48.841102
2022-1679011,2022-08-18,000001,Vente,30000,26,,RUE DES LYONNAIS,5868,75005,75105,Paris 5e Arrondissement,75,,,75105000AW0121,,,117,,,,,,,,,,1,3,Dépendance,,0,,,,,,2.346381,48.838717
2022-1679011,2022-08-18,000001,Vente,30000,26,,RUE DES LYONNAIS,5868,75005,75105,Paris 5e Arrondissement,75,,,75105000AW0121,,,117,,,,,,,,,,1,2,Appartement,60,1,,,,,,2.346381,48.838717
2022-1679028,2022-08-03,000001,Vente,40000,16,,RUE DE L ECOLE POLYTECHNIQUE,3095,75005,75105,Paris 5e Arrondissement,75,,,75105000BL0107,,,58,,,,,,,,,,1,3,Dépendance,,0,,,,,,2.347628,48.848038
2022-1679041,2022-07-29,000001,Vente,1013000,1,,RUE BASSE DES CARMES,0705,75005,75105,Paris 5e Arrondissement,75,,,75105000BO0035,,,1,,16,,,,,,,,2,4,Local industriel. commercial ou assimilé,80,0,,,,,,2.348422,48.849116
2022-1679042,2022-07-29,000001,Vente,197000,17,,RUE MALEBRANCHE,5949,75005,75105,Paris 5e Arrondissement,75,,,75105000BI0029,,,1,49.13,,,,,,,,,1,3,Dépendance,,0,,,,,,2.341857,48.846404
2022-1679042,2022-07-29,000001,Vente,197000,17,,RUE MALEBRANCHE,5949,75005,75105,Paris 5e Arrondissement,75,,,75105000BI0029,,,1,49.13,,,,,,,,,1,2,Appartement,47,3,,,,,,2.341857,48.846404
2022-1679078,2022-08-11,000001,Vente,652850,79,B,RUE MONGE,6432,75005,75105,Paris 5e Arrondissement,75,,,75105000AK0050,,,16,46.14,17,,,,,,,,2,2,Appartement,46,2,,,,,,2.352376,48.842485
2022-1679078,2022-08-11,000001,Vente,652850,79,B,RUE MONGE,6432,75005,75105,Paris 5e Arrondissement,75,,,75105000AK0050,,,16,46.14,17,,,,,,,,2,3,Dépendance,,0,,,,,,2.352376,48.842485
2022-1679078,2022-08-11,000001,Vente,652850,79,B,RUE MONGE,6432,75005,75105,Paris 5e Arrondissement,75,,,75105000AK0050,,,16,46.14,17,,,,,,,,2,3,Dépendance,,0,,,,,,2.352376,48.842485
2022-1679085,2022-08-19,000001,Vente,610000,24,,RUE MOUFFETARD,6581,75005,75105,Paris 5e Arrondissement,75,,,75105000AZ0043,,,18,,,,,,,,,,1,2,Appartement,86,3,,,,,,2.349005,48.844179
2022-1679095,2022-07-19,000001,Vente,391550,7,,RUE DE LA COLLEGIALE,2187,75005,75105,Paris 5e Arrondissement,75,,,75105000AV0025,,,30,,6,,,,,,,,2,2,Appartement,13,1,,,,,,2.352066,48.837565
2022-1679095,2022-07-19,000001,Vente,391550,7,,RUE DE LA COLLEGIALE,2187,75005,75105,Paris 5e Arrondissement,75,,,75105000AV0025,,,7,,,,,,,,,,1,2,Appartement,27,2,,,,,,2.352066,48.837565
2022-1679095,2022-07-19,000001,Vente,391550,7,,RUE DE LA COLLEGIALE,2187,75005,75105,Paris 5e Arrondissement,75,,,75105000AV0025,,,7,,,,,,,,,,1,3,Dépendance,,0,,,,,,2.352066,48.837565
2022-1679105,2022-08-26,000001,Vente,1170600,44,,RUE DE LA CLEF,2094,75005,75105,Paris 5e Arrondissement,75,,,75105000AK0060,,,76,89.23,,,,,,,,,1,2,Appartement,88,4,,,,,,2.352981,48.842472
2022-1679115,2022-08-11,000001,Vente,1155000,17,,BD SAINT MICHEL,8705,75005,75105,Paris 5e Arrondissement,75,,,75105000BP0145,,,29,,9,88.66,,,,,,,2,3,Dépendance,,0,,,,,,2.343686,48.851717
2022-1679115,2022-08-11,000001,Vente,1155000,17,,BD SAINT MICHEL,8705,75005,75105,Paris 5e Arrondissement,75,,,75105000BP0145,,,29,,9,88.66,,,,,,,2,2,Appartement,85,3,,,,,,2.343686,48.851717
2022-1679120,2022-07-01,000001,Vente,1298000,69,,RUE DU CARDINAL LEMOINE,1545,75005,75105,Paris 5e Arrondissement,75,,,75105000AJ0031,,,26,12,,,,,,,,,1,2,Appartement,11,1,,,,,,2.350664,48.845481
2022-1679124,2022-08-03,000001,Vente,325000,22,,RUE DU POT DE FER,7752,75005,75105,Paris 5e Arrondissement,75,,,75105000AZ0071,,,11,25.08,,,,,,,,,1,2,Appartement,24,1,,,,,,2.348339,48.842962
2022-1679131,2022-08-03,000001,Vente,40000,10,,SQ ADANSON,0052,75005,75105,Paris 5e Arrondissement,75,,,75105000AU0096,,,33,,,,,,,,,,1,3,Dépendance,,0,,,,,,2.351929,48.839099
2022-1679132,2022-08-03,000001,Vente,532000,1,,RUE DOLOMIEU,2884,75005,75105,Paris 5e Arrondissement,75,,,75105000AK0048,,,10,,23,,,,,,,,2,3,Dépendance,,0,,,,,,2.352501,48.842586
2022-1679132,2022-08-03,000001,Vente,532000,1,,RUE DOLOMIEU,2884,75005,75105,Paris 5e Arrondissement,75,,,75105000AK0048,,,10,,23,,,,,,,,2,2,Appartement,39,2,,,,,,2.352501,48.842586
2022-1679154,2022-08-09,000001,Vente,600000,43,,BD SAINT GERMAIN,8619,75005,75105,Paris 5e Arrondissement,75,,,75105000AC0006,,,9,,,,,,,,,,1,2,Appartement,55,3,,,,,,2.349841,48.849458
2022-1679154,2022-08-09,000001,Vente,600000,43,,BD SAINT GERMAIN,8619,75005,75105,Paris 5e Arrondissement,75,,,75105000AC0006,,,47,,,,,,,,,,1,3,Dépendance,,0,,,,,,2.349841,48.849458
2022-1679164,2022-08-12,000001,Vente,307500,35,,RUE DE LA CLEF,2094,75005,75105,Paris 5e Arrondissement,75,,,75105000AL0080,,,5,25.33,,,,,,,,,1,2,Appartement,30,2,,,,,,2.352567,48.842112
2022-1679164,2022-08-12,000001,Vente,307500,35,,RUE DE LA CLEF,2094,75005,75105,Paris 5e Arrondissement,75,,,75105000AL0080,,,5,25.33,,,,,,,,,1,3,Dépendance,,0,,,,,,2.352567,48.842112
2022-1679173,2022-08-17,000001,Vente,787000,24,,RUE DES BOULANGERS,1156,75005,75105,Paris 5e Arrondissement,75,,,75105000AH0028,,,21,65.14,22,,,,,,,,2,2,Appartement,66,3,,,,,,2.353162,48.846033
2022-1679173,2022-08-17,000001,Vente,787000,24,,RUE DES BOULANGERS,1156,75005,75105,Paris 5e Arrondissement,75,,,75105000AH0028,,,21,65.14,22,,,,,,,,2,3,Dépendance,,0,,,,,,2.353162,48.846033
2022-1679186,2022-07-29,000001,Vente,277000,9,,RUE DES BOULANGERS,1156,75005,75105,Paris 5e Arrondissement,75,,,75105000AJ0084,,,64,23.48,,,,,,,,,1,2,Appartement,24,1,,,,,,2.354023,48.84571
2022-1679206,2022-08-22,000001,Vente,281691,6,,RUE THOUIN,9302,75005,75105,Paris 5e Arrondissement,75,,,75105000AJ0013,,,16,24.86,,,,,,,,,1,4,Local industriel. commercial ou assimilé,30,0,,,,,,2.349342,48.845197
2022-1679214,2022-08-23,000001,Vente,163000,14,,RUE DOMAT,2886,75005,75105,Paris 5e Arrondissement,75,,,75105000BQ0117,,,22,13.15,,,,,,,,,1,2,Appartement,15,1,,,,,,2.34708,48.851077
2022-1679217,2022-08-29,000001,Vente,550012,14,,RUE SAINT SEVERIN,8760,75005,75105,Paris 5e Arrondissement,75,,,75105000BP0042,,,48,33.75,,,,,,,,,1,2,Appartement,33,1,,,,,,2.345689,48.852502
2022-1679223,2022-08-29,000001,Vente,500000,9,B,RUE DE VALENCE,9546,75005,75105,Paris 5e Arrondissement,75,,,75105000AV0053,,,32,44.5,58,,,,,,,,2,3,Dépendance,,0,,,,,,2.349713,48.837577
2022-1679223,2022-08-29,000001,Vente,500000,9,B,RUE DE VALENCE,9546,75005,75105,Paris 5e Arrondissement,75,,,75105000AV0053,,,32,44.5,58,,,,,,,,2,2,Appartement,48,2,,,,,,2.349713,48.837577
2022-1679232,2022-08-29,000001,Vente,408000,11,,RUE DE LA MONTGN STE GENEVIEVE,6448,75005,75105,Paris 5e Arrondissement,75,,,75105000AC0088,,,53,23.51,,,,,,,,,1,2,Appartement,91,4,,,,,,2.348912,48.848968
2022-1679232,2022-08-29,000001,Vente,408000,11,,RUE DE LA MONTGN STE GENEVIEVE,6448,75005,75105,Paris 5e Arrondissement,75,,,75105000AC0088,,,53,23.51,,,,,,,,,1,3,Dépendance,,0,,,,,,2.348912,48.848968
2022-1679240,2022-08-02,000001,Vente,500000,23,,RUE DE BIEVRE,0964,75005,75105,Paris 5e Arrondissement,75,,,75105000AB0074,,,1,,,,,,,,,,1,4,Local industriel. commercial ou assimilé,88,0,,,,,,2.350163,48.850283
2022-1679245,2022-08-24,000001,Vente,670000,5,,RUE BUFFON,1371,75005,75105,Paris 5e Arrondissement,75,,,75105000AQ0016,,,1016,,,,,,,,,,1,4,Local industriel. commercial ou assimilé,37,0,,,,,,2.363348,48.84298
2022-1679245,2022-08-24,000001,Vente,670000,5,,RUE BUFFON,1371,75005,75105,Paris 5e Arrondissement,75,,,75105000AQ0016,,,1012,25.02,,,,,,,,,1,4,Local industriel. commercial ou assimilé,25,0,,,,,,2.363348,48.84298
2022-1679253,2022-08-10,000001,Vente,50000,24,,RUE DES BOULANGERS,1156,75005,75105,Paris 5e Arrondissement,75,,,75105000AH0028,,,6,,,,,,,,,,1,2,Appartement,61,2,,,,,,2.353162,48.846033
2022-1679253,2022-08-10,000001,Vente,50000,24,,RUE DES BOULANGERS,1156,75005,75105,Paris 5e Arrondissement,75,,,75105000AH0028,,,6,,,,,,,,,,1,3,Dépendance,,0,,,,,,2.353162,48.846033
2022-1679282,2022-08-02,000001,Vente,650000,86,,BD SAINT MARCEL,8690,75005,75105,Paris 5e Arrondissement,75,,,75105000AS0028,,,17,52.14,,,,,,,,,1,2,Appartement,53,2,,,,,,2.352742,48.83737
2022-1679282,2022-08-02,000001,Vente,650000,86,,BD SAINT MARCEL,8690,75005,75105,Paris 5e Arrondissement,75,,,75105000AS0028,,,17,52.14,,,,,,,,,1,3,Dépendance,,0,,,,,,2.352742,48.83737
2022-1679290,2022-08-29,000001,Vente,550000,61,,RUE DU CARDINAL LEMOINE,1545,75005,75105,Paris 5e Arrondissement,75,,,75105000AJ0026,,,66,36.07,67,,,,,,,,2,2,Appartement,35,3,,,,,,2.351289,48.846029
2022-1679304,2022-08-18,000001,Vente,50000,73,,RUE DU CARDINAL LEMOINE,1545,75005,75105,Paris 5e Arrondissement,75,,,75105000AJ0033,,,53,,,,,,,,,,1,3,Dépendance,,0,,,,,,2.350389,48.845329
2022-1679304,2022-08-18,000001,Vente,50000,73,,RUE DU CARDINAL LEMOINE,1545,75005,75105,Paris 5e Arrondissement,75,,,75105000AJ0033,,,52,,,,,,,,,,1,3,Dépendance,,0,,,,,,2.350389,48.845329
2022-1679315,2022-08-04,000001,Vente,470000,28,,RUE DAUBENTON,2580,75005,75105,Paris 5e Arrondissement,75,,,75105000AL0090,,,21,,42,33.55,,,,,,,2,3,Dépendance,,0,,,,,,2.35305,48.841406
2022-1679315,2022-08-04,000001,Vente,470000,28,,RUE DAUBENTON,2580,75005,75105,Paris 5e Arrondissement,75,,,75105000AL0090,,,21,,42,33.55,,,,,,,2,2,Appartement,33,2,,,,,,2.35305,48.841406
2022-1679318,2022-08-05,000001,Vente,630000,54,,RUE DE LA CLEF,2094,75005,75105,Paris 5e Arrondissement,75,,,75105000AK0080,,,26,44.19,,,,,,,,,1,2,Appartement,51,2,,,,,,2.352954,48.843385
2022-1679319,2022-08-05,000001,Vente,45000,253,,RUE SAINT JACQUES,8648,75005,75105,Paris 5e Arrondissement,75,,,75105000BD0024,,,473,,,,,,,,,,1,3,Dépendance,,0,,,,,,2.341764,48.842168
2022-1679323,2022-08-30,000002,Vente,1000,32,,RUE MOUFFETARD,6581,75005,75105,Paris 5e Arrondissement,75,,,75105000AZ0047,,,47,,,,,,,,,,1,2,Appartement,12,1,,,,,,2.349039,48.843997
2022-1679324,2022-08-25,000001,Vente,635000,9,,RUE DE L ESSAI,3368,75005,75105,Paris 5e Arrondissement,75,,,75105000AR0056,,,33,53.46,52,,,,,,,,2,2,Appartement,54,3,,,,,,2.35793,48.839826
2022-1679324,2022-08-25,000001,Vente,635000,9,,RUE DE L ESSAI,3368,75005,75105,Paris 5e Arrondissement,75,,,75105000AR0056,,,33,53.46,52,,,,,,,,2,3,Dépendance,,0,,,,,,2.35793,48.839826
2022-1679326,2022-08-29,000001,Vente,130000,17,,RUE DES BERNARDINS,0896,75005,75105,Paris 5e Arrondissement,75,,,75105000AB0108,,,27,,28,,,,,,,,2,2,Appartement,14,1,,,,,,2.350963,48.850017
2022-1679335,2022-08-19,000001,Vente,1434600,3,,RUE LINNE,5696,75005,75105,Paris 5e Arrondissement,75,,,75105000AG0008,,,230,107.5,,,,,,,,,1,2,Appartement,110,5,,,,,,2.354444,48.843893
2022-1679354,2022-08-12,000001,Vente,1321500,95,,BD SAINT MICHEL,8705,75005,75105,Paris 5e Arrondissement,75,,,75105000BH0015,,,79,6.07,,,,,,,,,1,3,Dépendance,,0,,,,,,2.340169,48.844431
2022-1679354,2022-08-12,000001,Vente,1321500,95,,BD SAINT MICHEL,8705,75005,75105,Paris 5e Arrondissement,75,,,75105000BH0015,,,56,87.24,,,,,,,,,1,3,Dépendance,,0,,,,,,2.340169,48.844431
2022-1679354,2022-08-12,000001,Vente,1321500,95,,BD SAINT MICHEL,8705,75005,75105,Paris 5e Arrondissement,75,,,75105000BH0015,,,56,87.24,,,,,,,,,1,2,Appartement,86,4,,,,,,2.340169,48.844431
2022-1679360,2022-08-29,000001,Vente,515000,3,,RUE DES ECOLES,3098,75005,75105,Paris 5e Arrondissement,75,,,75105000AI0030,,,7,43.49,,,,,,,,,1,2,Appartement,43,2,,,,,,2.352235,48.847396
2022-1679360,2022-08-29,000001,Vente,515000,3,,RUE DES ECOLES,3098,75005,75105,Paris 5e Arrondissement,75,,,75105000AI0030,,,117,,,,,,,,,,1,3,Dépendance,,0,,,,,,2.352235,48.847396
2022-1679366,2022-08-25,000001,Vente,218000,15,,RUE LINNE,5696,75005,75105,Paris 5e Arrondissement,75,,,75105000AG0019,,,244,10.58,302,,,,,,,,2,2,Appartement,8,1,,,,,,2.354342,48.844678
2022-1679385,2022-08-31,000001,Vente,2900000,24,,RUE HENRI BARBUSSE,4535,75005,75105,Paris 5e Arrondissement,75,,,75105000BG0025,,,101,,107,,111,206.2,,,,,3,3,Dépendance,,0,,,,,,2.338861,48.841988
2022-1679385,2022-08-31,000001,Vente,2900000,24,,RUE HENRI BARBUSSE,4535,75005,75105,Paris 5e Arrondissement,75,,,75105000BG0025,,,101,,107,,111,206.2,,,,,3,2,Appartement,197,6,,,,,,2.338861,48.841988
2022-1679385,2022-08-31,000001,Vente,2900000,24,,RUE HENRI BARBUSSE,4535,75005,75105,Paris 5e Arrondissement,75,,,75105000BG0025,,,101,,107,,111,206.2,,,,,3,3,Dépendance,,0,,,,,,2.338861,48.841988
2022-1679419,2022-08-12,000001,Vente,99990,42,,RUE GAY-LUSSAC,3998,75005,75105,Paris 5e Arrondissement,75,,,75105000BC0010,,,20,,8,,,,,,,,2,3,Dépendance,,0,,,,,,2.342144,48.84352
2022-1679419,2022-08-12,000001,Vente,99990,42,,RUE GAY-LUSSAC,3998,75005,75105,Paris 5e Arrondissement,75,,,75105000BC0010,,,20,,8,,,,,,,,2,2,Appartement,75,4,,,,,,2.342144,48.84352
2022-1679439,2022-08-31,000001,Vente,480000,1,,RUE CLAUDE BERNARD,2069,75005,75105,Paris 5e Arrondissement,75,,,75105000AV0075,,,24,45.47,46,,,,,,,,2,2,Appartement,47,3,,,,,,2.350138,48.838425
2022-1679439,2022-08-31,000001,Vente,480000,1,,RUE CLAUDE BERNARD,2069,75005,75105,Paris 5e Arrondissement,75,,,75105000AV0075,,,24,45.47,46,,,,,,,,2,3,Dépendance,,0,,,,,,2.350138,48.838425
2022-1679457,2022-08-26,000001,Vente,500000,55,,RUE SAINT JACQUES,8648,75005,75105,Paris 5e Arrondissement,75,,,75105000BO0012,,,18,36.69,44,,,,,,,,2,2,Appartement,34,2,,,,,,2.345788,48.850406
2022-1679458,2022-08-18,000001,Vente,1520000,18,,PL MAUBERT,6181,75005,75105,Paris 5e Arrondissement,75,,,75105000BQ0091,,,69,85.23,,,,,,,,,1,2,Appartement,90,4,,,,,,2.348308,48.850378
2022-1679471,2022-09-02,000001,Vente,335839,1,,RUE DES FOSSES ST MARCEL,3751,75005,75105,Paris 5e Arrondissement,75,,,75105000AR0089,,,16,28.01,,,,,,,,,1,2,Appartement,27,2,,,,,,2.356467,48.839477
2022-1679485,2022-08-31,000001,Vente,28500,13,,RUE GRACIEUSE,4259,75005,75105,Paris 5e Arrondissement,75,,,75105000AL0005,,,1168,,,,,,,,,,1,3,Dépendance,,0,,,,,,2.35072,48.842286
2022-1679506,2022-08-30,000001,Vente,188000,32,,RUE MOUFFETARD,6581,75005,75105,Paris 5e Arrondissement,75,,,75105000AZ0047,,,48,,,,,,,,,,1,2,Appartement,16,1,,,,,,2.349039,48.843997
2022-1679506,2022-08-30,000001,Vente,188000,32,,RUE MOUFFETARD,6581,75005,75105,Paris 5e Arrondissement,75,,,75105000AZ0047,,,48,,,,,,,,,,1,2,Appartement,12,1,,,,,,2.349039,48.843997
2022-1679507,2022-08-31,000001,Vente,1232900,3,,RUE DES ARENES,0429,75005,75105,Paris 5e Arrondissement,75,,,75105000AG0001,,,9,79.07,,,,,,,,,1,2,Appartement,79,3,,,,,,2.35417,48.844948
2022-1679507,2022-08-31,000001,Vente,1232900,3,,RUE DES ARENES,0429,75005,75105,Paris 5e Arrondissement,75,,,75105000AG0001,,,9,79.07,,,,,,,,,1,3,Dépendance,,0,,,,,,2.35417,48.844948
2022-1679510,2022-08-10,000001,Vente,475000,284,,RUE SAINT JACQUES,8648,75005,75105,Paris 5e Arrondissement,75,,,75105000BG0071,,,16,,,,,,,,,,1,2,Appartement,29,1,,,,,,2.340867,48.841429
2022-1679510,2022-08-10,000001,Vente,475000,284,,RUE SAINT JACQUES,8648,75005,75105,Paris 5e Arrondissement,75,,,75105000BG0071,,,49,,,,,,,,,,1,3,Dépendance,,0,,,,,,2.340867,48.841429
2022-1679510,2022-08-10,000001,Vente,475000,284,,RUE SAINT JACQUES,8648,75005,75105,Paris 5e Arrondissement,75,,,75105000BG0071,,,16,,,,,,,,,,1,3,Dépendance,,0,,,,,,2.340867,48.841429
2022-1679523,2022-08-19,000001,Vente,2054871,137,,BD SAINT MICHEL,8705,75005,75105,Paris 5e Arrondissement,75,,,75105000BG0022,,,13,165.05,54,,,,,,,,2,2,Appartement,160,6,,,,,,2.338201,48.841803
2022-1679523,2022-08-19,000001,Vente,2054871,137,,BD SAINT MICHEL,8705,75005,75105,Paris 5e Arrondissement,75,,,75105000BG0022,,,30,,,,,,,,,,1,3,Dépendance,,0,,,,,,2.338201,48.841803
2022-1679523,2022-08-19,000001,Vente,2054871,137,,BD SAINT MICHEL,8705,75005,75105,Paris 5e Arrondissement,75,,,75105000BG0022,,,13,165.05,54,,,,,,,,2,3,Dépendance,,0,,,,,,2.338201,48.841803
2022-1679524,2022-08-31,000001,Vente,410000,14,B,RUE DE L ARBALETE,0405,75005,75105,Paris 5e Arrondissement,75,,,75105000AX0057,,,104,42.5,105,42.5,,,,,,,2,4,Local industriel. commercial ou assimilé,49,0,,,,,,2.348358,48.840336
2022-1679542,2022-08-26,000001,Vente,225000,13,,RUE GUY DE LA BROSSE,4434,75005,75105,Paris 5e Arrondissement,75,,,75105000AG0048,,,6,74.4,,,,,,,,,1,3,Dépendance,,0,,,,,,2.355319,48.84478
2022-1679542,2022-08-26,000001,Vente,225000,13,,RUE GUY DE LA BROSSE,4434,75005,75105,Paris 5e Arrondissement,75,,,75105000AG0048,,,6,74.4,,,,,,,,,1,2,Appartement,68,4,,,,,,2.355319,48.84478
2022-1679542,2022-08-26,000001,Vente,225000,13,,RUE GUY DE LA BROSSE,4434,75005,75105,Paris 5e Arrondissement,75,,,75105000AG0048,,,6,74.4,,,,,,,,,1,3,Dépendance,,0,,,,,,2.355319,48.84478
2022-1679547,2022-08-25,000001,Vente,132500,10,,BD SAINT GERMAIN,8619,75005,75105,Paris 5e Arrondissement,75,,,75105000AD0002,,,22,9.47,,,,,,,,,1,2,Appartement,11,1,,,,,,2.354871,48.849634
2022-1679552,2022-08-26,000001,Vente,200000,12,B,RUE DOMAT,2886,75005,75105,Paris 5e Arrondissement,75,,,75105000BQ0118,,,13,22.64,,,,,,,,,1,2,Appartement,23,1,,,,,,2.347026,48.850948
2022-1679557,2022-09-05,000001,Vente,311000,57,,RUE LACEPEDE,5220,75005,75105,Paris 5e Arrondissement,75,,,75105000AK0001,,,14,,,,,,,,,,1,2,Appartement,18,1,,,,,,2.349469,48.844268
2022-1679579,2022-08-30,000001,Vente,329000,28,,RUE DES FOSSES ST BERNARD,3747,75005,75105,Paris 5e Arrondissement,75,,,75105000AD0037,,,4010,29.19,,,,,,,,,1,2,Appartement,29,2,,,,,,2.353963,48.848397
2022-1679607,2022-08-17,000001,Vente,440000,65,,RUE MONGE,6432,75005,75105,Paris 5e Arrondissement,75,,,75105000AJ0116,,,12,,39,,,,,,,,2,2,Appartement,36,2,,,,,,2.352672,48.844036
2022-1679607,2022-08-17,000001,Vente,440000,65,,RUE MONGE,6432,75005,75105,Paris 5e Arrondissement,75,,,75105000AJ0116,,,12,,39,,,,,,,,2,3,Dépendance,,0,,,,,,2.352672,48.844036
2022-1679615,2022-09-06,000001,Vente,2100000,15,,RUE ROYER-COLLARD,8421,75005,75105,Paris 5e Arrondissement,75,,,75105000BH0002,,,15,140.34,6,,,,,,,,2,3,Dépendance,,0,,,,,,2.340861,48.845971
2022-1679615,2022-09-06,000001,Vente,2100000,15,,RUE ROYER-COLLARD,8421,75005,75105,Paris 5e Arrondissement,75,,,75105000BH0002,,,23,3.88,,,,,,,,,1,3,Dépendance,,0,,,,,,2.340861,48.845971
2022-1679615,2022-09-06,000001,Vente,2100000,15,,RUE ROYER-COLLARD,8421,75005,75105,Paris 5e Arrondissement,75,,,75105000BH0002,,,15,140.34,6,,,,,,,,2,2,Appartement,140,6,,,,,,2.340861,48.845971
2022-1679646,2022-08-29,000001,Vente,2725900,262,,RUE SAINT JACQUES,8648,75005,75105,Paris 5e Arrondissement,75,,,75105000BG0063,,,14,,50,135.71,,,,,,,2,2,Appartement,135,4,,,,,,2.341017,48.842487
2022-1679646,2022-08-29,000001,Vente,2725900,262,,RUE SAINT JACQUES,8648,75005,75105,Paris 5e Arrondissement,75,,,75105000BG0063,,,14,,50,135.71,,,,,,,2,3,Dépendance,,0,,,,,,2.341017,48.842487
2022-1679646,2022-08-29,000001,Vente,2725900,262,,RUE SAINT JACQUES,8648,75005,75105,Paris 5e Arrondissement,75,,,75105000BG0063,,,21,,,,,,,,,,1,3,Dépendance,,0,,,,,,2.341017,48.842487
2022-1679670,2022-08-29,000001,Vente,750000,13,,AV DES GOBELINS,4209,75005,75105,Paris 5e Arrondissement,75,,,75105000AV0018,,,37,68.74,,,,,,,,,1,2,Appartement,56,4,,,,,,2.351868,48.837755
2022-1679671,2022-08-31,000001,Vente,780000,4,,RUE DE POISSY,7566,75005,75105,Paris 5e Arrondissement,75,,,75105000AB0128,,,10,,23,53.53,,,,,,,2,3,Dépendance,,0,,,,,,2.353121,48.850144
2022-1679671,2022-08-31,000001,Vente,780000,4,,RUE DE POISSY,7566,75005,75105,Paris 5e Arrondissement,75,,,75105000AB0128,,,10,,23,53.53,,,,,,,2,2,Appartement,50,2,,,,,,2.353121,48.850144
2022-1679694,2022-08-31,000001,Vente,1270000,66,,RUE CLAUDE BERNARD,2069,75005,75105,Paris 5e Arrondissement,75,,,75105000AX0023,,,1,,16,90.05,,,,,,,2,2,Appartement,90,4,,,,,,2.346716,48.840218
2022-1679694,2022-08-31,000001,Vente,1270000,66,,RUE CLAUDE BERNARD,2069,75005,75105,Paris 5e Arrondissement,75,,,75105000AX0023,,,1,,16,90.05,,,,,,,2,3,Dépendance,,0,,,,,,2.346716,48.840218
2022-1679694,2022-08-31,000001,Vente,1270000,66,,RUE CLAUDE BERNARD,2069,75005,75105,Paris 5e Arrondissement,75,,,75105000AX0023,,,1,,16,90.05,,,,,,,2,3,Dépendance,,0,,,,,,2.346716,48.840218
2022-1679701,2022-09-02,000001,Vente,199000,86,,BD SAINT MARCEL,8690,75005,75105,Paris 5e Arrondissement,75,,,75105000AS0028,,,27,14.01,,,,,,,,,1,2,Appartement,15,1,,,,,,2.352742,48.83737
2022-1679704,2022-08-24,000001,Vente,487000,90,,BD SAINT MARCEL,8690,75005,75105,Paris 5e Arrondissement,75,,,75105000AV0028,,,55,43.13,56,,,,,,,,2,2,Appartement,44,2,,,,,,2.352265,48.837253
2022-1679704,2022-08-24,000001,Vente,487000,90,,BD SAINT MARCEL,8690,75005,75105,Paris 5e Arrondissement,75,,,75105000AV0028,,,55,43.13,56,,,,,,,,2,3,Dépendance,,0,,,,,,2.352265,48.837253
2022-1679738,2022-08-31,000001,Vente,313640,8,,RUE LINNE,5696,75005,75105,Paris 5e Arrondissement,75,,,75105000AG0053,,,24,,67,,,,,,,,2,2,Appartement,24,1,,,,,,2.355282,48.844459
2022-1679738,2022-08-31,000001,Vente,313640,8,,RUE LINNE,5696,75005,75105,Paris 5e Arrondissement,75,,,75105000AG0053,,,24,,67,,,,,,,,2,3,Dépendance,,0,,,,,,2.355282,48.844459
2022-1679744,2022-09-09,000001,Vente,255000,2,,RUE DES LYONNAIS,5868,75005,75105,Paris 5e Arrondissement,75,,,75105000AW0030,,,179,18.66,,,,,,,,,1,2,Appartement,19,1,,,,,,2.347476,48.83807
2022-1679765,2022-09-07,000001,Vente,205000,34,,RUE DU FER A MOULIN,3573,75005,75105,Paris 5e Arrondissement,75,,,75105000AU0043,,,3,20.27,,,,,,,,,1,3,Dépendance,,0,,,,,,2.352864,48.839309
2022-1679765,2022-09-07,000001,Vente,205000,34,,RUE DU FER A MOULIN,3573,75005,75105,Paris 5e Arrondissement,75,,,75105000AU0043,,,3,20.27,,,,,,,,,1,2,Appartement,23,1,,,,,,2.352864,48.839309
2022-1679782,2022-08-30,000001,Vente,800000,10,,RUE BERTHOLLET,0916,75005,75105,Paris 5e Arrondissement,75,,,75105000AW0016,,,4,,,,,,,,,,1,2,Appartement,70,2,,,,,,2.3457,48.839557
2022-1679796,2022-09-12,000001,Vente,1350000,26,,RUE PIERRE ET MARIE CURIE,7424,75005,75105,Paris 5e Arrondissement,75,,,75105000BI0063,,,38,,,,,,,,,,1,2,Appartement,110,2,,,,,,2.342689,48.845069
2022-1679797,2022-08-23,000001,Vente,350920,98,,RUE MONGE,6432,75005,75105,Paris 5e Arrondissement,75,,,75105000AL0067,,,38,,,,,,,,,,1,2,Appartement,27,2,,,,,,2.351362,48.840682
2022-1679797,2022-08-23,000001,Vente,350920,98,,RUE MONGE,6432,75005,75105,Paris 5e Arrondissement,75,,,75105000AL0067,,,38,,,,,,,,,,1,3,Dépendance,,0,,,,,,2.351362,48.840682
2022-1679799,2022-09-09,000001,Vente,1984900,11,B,RUE VAUQUELIN,9626,75005,75105,Paris 5e Arrondissement,75,,,75105000AX0034,,,5,133.46,,,,,,,,,1,3,Dépendance,,0,,,,,,2.347139,48.840742
2022-1679799,2022-09-09,000001,Vente,1984900,11,B,RUE VAUQUELIN,9626,75005,75105,Paris 5e Arrondissement,75,,,75105000AX0034,,,5,133.46,,,,,,,,,1,2,Appartement,135,5,,,,,,2.347139,48.840742
2022-1679810,2022-09-12,000001,Vente,230000,11,,RUE D ULM,9517,75005,75105,Paris 5e Arrondissement,75,,,75105000AZ0003,,,57,17,,,,,,,,,1,3,Dépendance,,0,,,,,,2.345625,48.844625
2022-1679870,2022-08-31,000001,Vente,890000,50,,BD DE PORT-ROYAL,7740,75005,75105,Paris 5e Arrondissement,75,,,75105000AW0102,,,38,,,,,,,,,,1,2,Appartement,78,4,,,,,,2.346666,48.837657
2022-1679878,2022-07-04,000001,Vente,310000,7,,RUE DE VALENCE,9546,75005,75105,Paris 5e Arrondissement,75,,,75105000AV0060,,,1,29.15,85,,,,,,,,2,3,Dépendance,,0,,,,,,2.349992,48.837804
2022-1679878,2022-07-04,000001,Vente,310000,7,,RUE DE VALENCE,9546,75005,75105,Paris 5e Arrondissement,75,,,75105000AV0060,,,1,29.15,85,,,,,,,,2,2,Appartement,43,2,,,,,,2.349992,48.837804
2022-1679880,2022-08-31,000001,Vente,892200,16,,RUE DES FOSSES ST BERNARD,3747,75005,75105,Paris 5e Arrondissement,75,,,75105000AD0028,,,38,58.91,,,,,,,,,1,2,Appartement,59,2,,,,,,2.354753,48.848666
2022-1679882,2022-09-01,000001,Vente,505000,36,,RUE BROCA,1313,75005,75105,Paris 5e Arrondissement,75,,,75105000AW0032,,,48,39.27,66,,80,,,,,,3,3,Dépendance,,0,,,,,,2.347702,48.838269
2022-1679882,2022-09-01,000001,Vente,505000,36,,RUE BROCA,1313,75005,75105,Paris 5e Arrondissement,75,,,75105000AW0032,,,48,39.27,66,,80,,,,,,3,3,Dépendance,,0,,,,,,2.347702,48.838269
2022-1679882,2022-09-01,000001,Vente,505000,36,,RUE BROCA,1313,75005,75105,Paris 5e Arrondissement,75,,,75105000AW0032,,,48,39.27,66,,80,,,,,,3,2,Appartement,40,2,,,,,,2.347702,48.838269
2022-1679903,2022-08-25,000001,Vente,250000,3,,RUE DE MIRBEL,6383,75005,75105,Paris 5e Arrondissement,75,,,75105000AU0092,,,2,,,,,,,,,,1,2,Appartement,17,1,,,,,,2.352266,48.840552
2022-1679903,2022-08-25,000001,Vente,250000,3,,RUE DE MIRBEL,6383,75005,75105,Paris 5e Arrondissement,75,,,75105000AU0092,,,2,,,,,,,,,,1,3,Dépendance,,0,,,,,,2.352266,48.840552
2022-1679914,2022-08-31,000001,Vente,850000,44,,RUE DE LA CLEF,2094,75005,75105,Paris 5e Arrondissement,75,,,75105000AK0060,,,79,69.94,,,,,,,,,1,2,Appartement,72,3,,,,,,2.352981,48.842472
2022-1679940,2022-09-09,000001,Vente,29500,13,,RUE GRACIEUSE,4259,75005,75105,Paris 5e Arrondissement,75,,,75105000AL0005,,,1178,,,,,,,,,,1,3,Dépendance,,0,,,,,,2.35072,48.842286
2022-1679972,2022-09-06,000001,Vente,2325000,17,,RUE LAGRANGE,5268,75005,75105,Paris 5e Arrondissement,75,,,75105000BQ0088,,,11,179.42,50,,,,,,,,2,2,Appartement,184,6,,,,,,2.348611,48.850875
2022-1679983,2022-09-02,000001,Vente,534580,14,,RUE DU POT DE FER,7752,75005,75105,Paris 5e Arrondissement,75,,,75105000AZ0067,,,5,41.28,,,,,,,,,1,2,Appartement,41,2,,,,,,2.348743,48.843114
2022-1679999,2022-08-22,000001,Vente,1320000,3,,RUE LHOMOND,5648,75005,75105,Paris 5e Arrondissement,75,,,75105000BI0080,,,28,,33,108,,,,,,,2,4,Local industriel. commercial ou assimilé,131,0,,,,,,2.345223,48.844814
2022-1679999,2022-08-22,000001,Vente,1320000,12,,RUE D ULM,9517,75005,75105,Paris 5e Arrondissement,75,,,75105000BI0080,,,29,7.36,30,12.83,,,,,,,2,4,Local industriel. commercial ou assimilé,37,0,,,,,,2.345223,48.844814
2022-1680013,2022-09-09,000001,Vente,122000,18,,RUE PIERRE ET MARIE CURIE,7424,75005,75105,Paris 5e Arrondissement,75,,,75105000BI0067,,,37,9.5,,,,,,,,,1,3,Dépendance,,0,,,,,,2.343526,48.844921
2022-1680019,2022-09-12,000001,Vente,420000,4,,RUE EDOUARD QUENU,3154,75005,75105,Paris 5e Arrondissement,75,,,75105000AX0073,,,90,,,,,,,,,,1,3,Dépendance,,0,,,,,,2.349326,48.839412
2022-1680019,2022-09-12,000001,Vente,420000,4,,RUE EDOUARD QUENU,3154,75005,75105,Paris 5e Arrondissement,75,,,75105000AX0073,,,111,36.65,,,,,,,,,1,3,Dépendance,,0,,,,,,2.349326,48.839412
2022-1680019,2022-09-12,000001,Vente,420000,4,,RUE EDOUARD QUENU,3154,75005,75105,Paris 5e Arrondissement,75,,,75105000AX0073,,,90,,,,,,,,,,1,2,Appartement,42,2,,,,,,2.349326,48.839412
2022-1680019,2022-09-12,000001,Vente,420000,4,,RUE EDOUARD QUENU,3154,75005,75105,Paris 5e Arrondissement,75,,,75105000AX0073,,,111,36.65,,,,,,,,,1,2,Appartement,37,2,,,,,,2.349326,48.839412
2022-1680046,2022-08-31,000001,Vente,240000,32,,RUE DAUBENTON,2580,75005,75105,Paris 5e Arrondissement,75,,,75105000AL0088,,,12,19.4,,,,,,,,,1,2,Appartement,19,1,,,,,,2.35277,48.841278
2022-1680049,2022-09-09,000001,Vente,693000,42,,RUE MONGE,6432,75005,75105,Paris 5e Arrondissement,75,,,75105000AJ0056,,,27,,,,,,,,,,1,3,Dépendance,,0,,,,,,2.35177,48.845543
2022-1680049,2022-09-09,000001,Vente,693000,42,,RUE MONGE,6432,75005,75105,Paris 5e Arrondissement,75,,,75105000AJ0056,,,9,47.8,,,,,,,,,1,2,Appartement,48,3,,,,,,2.35177,48.845543
2022-1680051,2022-08-26,000001,Vente,261500,212,,RUE SAINT JACQUES,8648,75005,75105,Paris 5e Arrondissement,75,,,75105000BH0055,,,20,19.64,,,,,,,,,1,2,Appartement,22,1,,,,,,2.342187,48.845483
2022-1680057,2022-08-31,000001,Vente,390000,2,,RUE DE CANDOLLE,1484,75005,75105,Paris 5e Arrondissement,75,,,75105000AU0019,,,19,25.22,,,,,,,,,1,2,Appartement,35,2,,,,,,2.351231,48.84008
2022-1680065,2022-08-24,000001,Vente,820000,47,,RUE MONGE,6432,75005,75105,Paris 5e Arrondissement,75,,,75105000AJ0075,,,3,61.92,,,,,,,,,1,3,Dépendance,,0,,,,,,2.3524,48.845228
2022-1680065,2022-08-24,000001,Vente,820000,47,,RUE MONGE,6432,75005,75105,Paris 5e Arrondissement,75,,,75105000AJ0075,,,3,61.92,,,,,,,,,1,2,Appartement,60,3,,,,,,2.3524,48.845228
2022-1680077,2022-08-25,000001,Vente,115000,25,,RUE LACEPEDE,5220,75005,75105,Paris 5e Arrondissement,75,,,75105000AK0033,,,153,11.34,,,,,,,,,1,2,Appartement,10,1,,,,,,2.351876,48.843649
2022-1680112,2022-09-07,000001,Vente,315000,105,,RUE MOUFFETARD,6581,75005,75105,Paris 5e Arrondissement,75,,,75105000AL0050,,,34,,,,,,,,,,1,2,Appartement,30,2,,,,,,2.349974,48.840886
2022-1680135,2022-09-13,000001,Vente,270000,25,,RUE DE LA HARPE,4475,75005,75105,Paris 5e Arrondissement,75,,,75105000BP0095,,,10,20.02,,,,,,,,,1,2,Appartement,19,1,,,,,,2.34474,48.852194
2022-1680140,2022-09-14,000001,Vente,670000,4,,RUE DE CANDOLLE,1484,75005,75105,Paris 5e Arrondissement,75,,,75105000AU0020,,,8,52.55,,,,,,,,,1,2,Appartement,53,2,,,,,,2.351152,48.840173
2022-1680175,2022-09-07,000001,Vente,70000,253,,RUE SAINT JACQUES,8648,75005,75105,Paris 5e Arrondissement,75,,,75105000BD0024,,,371,,,,,,,,,,1,3,Dépendance,,0,,,,,,2.341764,48.842168
2022-1680175,2022-09-07,000001,Vente,70000,253,,RUE SAINT JACQUES,8648,75005,75105,Paris 5e Arrondissement,75,,,75105000BD0024,,,370,,,,,,,,,,1,3,Dépendance,,0,,,,,,2.341764,48.842168
2022-1680200,2022-08-31,000001,Vente,350000,216,,RUE SAINT JACQUES,8648,75005,75105,Paris 5e Arrondissement,75,,,75105000BH0061,,,57,30.17,,,,,,,,,1,2,Appartement,36,1,,,,,,2.342256,48.845215
2022-1680202,2022-08-08,000001,Vente,915000,348,,RUE SAINT JACQUES,8648,75005,75105,Paris 5e Arrondissement,75,,,75105000BF0081,,,23,,47,76.91,,,,,,,2,2,Appartement,74,4,,,,,,2.339662,48.83922
2022-1680202,2022-08-08,000001,Vente,915000,348,,RUE SAINT JACQUES,8648,75005,75105,Paris 5e Arrondissement,75,,,75105000BF0081,,,23,,47,76.91,,,,,,,2,3,Dépendance,,0,,,,,,2.339662,48.83922
2022-1680206,2022-08-25,000001,Vente,35000,28,,RUE VAUQUELIN,9626,75005,75105,Paris 5e Arrondissement,75,,,75105000AY0009,,,45,,64,,69,,,,,,3,3,Dépendance,,0,,,,,,2.346124,48.840731
2022-1680206,2022-08-25,000001,Vente,35000,28,,RUE VAUQUELIN,9626,75005,75105,Paris 5e Arrondissement,75,,,75105000AY0009,,,45,,64,,69,,,,,,3,2,Appartement,52,3,,,,,,2.346124,48.840731
2022-1680206,2022-08-25,000001,Vente,35000,28,,RUE VAUQUELIN,9626,75005,75105,Paris 5e Arrondissement,75,,,75105000AY0009,,,45,,64,,69,,,,,,3,3,Dépendance,,0,,,,,,2.346124,48.840731
2022-1680238,2022-09-15,000001,Vente,90000,2,,RUE EDOUARD QUENU,3154,75005,75105,Paris 5e Arrondissement,75,,,75105000AX0072,,,23,,6,,,,,,,,2,3,Dépendance,,0,,,,,,2.349645,48.839412
2022-1680238,2022-09-15,000001,Vente,90000,2,,RUE EDOUARD QUENU,3154,75005,75105,Paris 5e Arrondissement,75,,,75105000AX0072,,,23,,6,,,,,,,,2,3,Dépendance,,0,,,,,,2.349645,48.839412
2022-1680238,2022-09-15,000001,Vente,90000,2,,RUE EDOUARD QUENU,3154,75005,75105,Paris 5e Arrondissement,75,,,75105000AX0072,,,23,,6,,,,,,,,2,3,Dépendance,,0,,,,,,2.349645,48.839412
2022-1680238,2022-09-15,000001,Vente,90000,2,,RUE EDOUARD QUENU,3154,75005,75105,Paris 5e Arrondissement,75,,,75105000AX0072,,,23,,6,,,,,,,,2,3,Dépendance,,0,,,,,,2.349645,48.839412
2022-1680238,2022-09-15,000001,Vente,90000,2,,RUE EDOUARD QUENU,3154,75005,75105,Paris 5e Arrondissement,75,,,75105000AX0072,,,23,,6,,,,,,,,2,2,Appartement,40,3,,,,,,2.349645,48.839412
2022-1680256,2022-09-08,000001,Vente,720000,11,,RUE VICTOR COUSIN,9751,75005,75105,Paris 5e Arrondissement,75,,,75105000BJ0016,,,1,,3,,,,,,,,2,4,Local industriel. commercial ou assimilé,85,0,,,,,,2.342553,48.847538
2022-1680264,2022-08-31,000001,Vente,197000,15,,RUE BUFFON,1371,75005,75105,Paris 5e Arrondissement,75,,,75105000AQ0053,,,348,,,,,,,,,,1,2,Appartement,11,1,,,,,,2.362593,48.842209
2022-1680295,2022-09-06,000001,Vente,343000,30,,RUE GEOFFROY ST HILAIRE,4108,75005,75105,Paris 5e Arrondissement,75,,,75105000AM0004,,,21,28.65,38,,51,,,,,,3,2,Appartement,22,2,,,,,,2.356391,48.840682
2022-1680295,2022-09-06,000001,Vente,343000,30,,RUE GEOFFROY ST HILAIRE,4108,75005,75105,Paris 5e Arrondissement,75,,,75105000AM0004,,,21,28.65,38,,51,,,,,,3,3,Dépendance,,0,,,,,,2.356391,48.840682
2022-1680295,2022-09-06,000001,Vente,343000,30,,RUE GEOFFROY ST HILAIRE,4108,75005,75105,Paris 5e Arrondissement,75,,,75105000AM0004,,,21,28.65,38,,51,,,,,,3,3,Dépendance,,0,,,,,,2.356391,48.840682
2022-1680301,2022-09-09,000001,Vente,325000,50,,RUE DAUBENTON,2580,75005,75105,Paris 5e Arrondissement,75,,,75105000AU0007,,,3,23.21,,,,,,,,,1,4,Local industriel. commercial ou assimilé,21,0,,,,,,2.350017,48.840195
2022-1680302,2022-09-16,000001,Vente,575000,2,B,RUE DE MIRBEL,6383,75005,75105,Paris 5e Arrondissement,75,,,75105000AT0004,,,17,42.84,26,,,,,,,,2,3,Dépendance,,0,,,,,,2.352626,48.840816
2022-1680302,2022-09-16,000001,Vente,575000,2,B,RUE DE MIRBEL,6383,75005,75105,Paris 5e Arrondissement,75,,,75105000AT0004,,,17,42.84,26,,,,,,,,2,2,Appartement,42,1,,,,,,2.352626,48.840816
2022-1680330,2022-08-30,000001,Vente,280000,25,,RUE DE LA HARPE,4475,75005,75105,Paris 5e Arrondissement,75,,,75105000BP0095,,,13,,4,,,,,,,,2,2,Appartement,21,1,,,,,,2.34474,48.852194
2022-1680330,2022-08-30,000001,Vente,280000,25,,RUE DE LA HARPE,4475,75005,75105,Paris 5e Arrondissement,75,,,75105000BP0095,,,13,,4,,,,,,,,2,3,Dépendance,,0,,,,,,2.34474,48.852194
2022-1680353,2022-09-08,000001,Vente,962700,45,,RUE CENSIER,1642,75005,75105,Paris 5e Arrondissement,75,,,75105000AU0065,,,12,,6,65.02,,,,,,,2,3,Dépendance,,0,,,,,,2.350781,48.839485
2022-1680353,2022-09-08,000001,Vente,962700,45,,RUE CENSIER,1642,75005,75105,Paris 5e Arrondissement,75,,,75105000AU0065,,,12,,6,65.02,,,,,,,2,2,Appartement,65,3,,,,,,2.350781,48.839485
2022-1680377,2022-09-09,000001,Vente,632000,6,,RUE LINNE,5696,75005,75105,Paris 5e Arrondissement,75,,,75105000AG0054,,,35,,52,,,,,,,,2,2,Appartement,32,2,,,,,,2.35524,48.844369
2022-1680377,2022-09-09,000001,Vente,632000,6,,RUE LINNE,5696,75005,75105,Paris 5e Arrondissement,75,,,75105000AG0054,,,49,,51,46.29,,,,,,,2,3,Dépendance,,0,,,,,,2.35524,48.844369
2022-1680377,2022-09-09,000001,Vente,632000,6,,RUE LINNE,5696,75005,75105,Paris 5e Arrondissement,75,,,75105000AG0054,,,35,,52,,,,,,,,2,3,Dépendance,,0,,,,,,2.35524,48.844369
2022-1680377,2022-09-09,000001,Vente,632000,6,,RUE LINNE,5696,75005,75105,Paris 5e Arrondissement,75,,,75105000AG0054,,,49,,51,46.29,,,,,,,2,2,Appartement,22,2,,,,,,2.35524,48.844369
2022-1680401,2022-09-15,000001,Vente,1090000,5,,RUE DE LATRAN,5386,75005,75105,Paris 5e Arrondissement,75,,,75105000BO0063,,,9,72.51,,,,,,,,,1,2,Appartement,71,4,,,,,,2.346231,48.849574
2022-1680401,2022-09-15,000001,Vente,1090000,5,,RUE DE LATRAN,5386,75005,75105,Paris 5e Arrondissement,75,,,75105000BO0063,,,9,72.51,,,,,,,,,1,3,Dépendance,,0,,,,,,2.346231,48.849574
2022-1680427,2022-09-02,000001,Vente,1551150,179,,RUE SAINT JACQUES,8648,75005,75105,Paris 5e Arrondissement,75,,,75105000BI0089,,,30,125.13,44,,,,,,,,2,3,Dépendance,,0,,,,,,2.342915,48.845368
2022-1680427,2022-09-02,000001,Vente,1551150,179,,RUE SAINT JACQUES,8648,75005,75105,Paris 5e Arrondissement,75,,,75105000BI0089,,,30,125.13,44,,,,,,,,2,2,Appartement,123,4,,,,,,2.342915,48.845368
2022-1680428,2022-09-14,000001,Vente,589000,34,,RUE DE LA MONTGN STE GENEVIEVE,6448,75005,75105,Paris 5e Arrondissement,75,,,75105000BL0010,,,10,37.88,,,,,,,,,1,2,Appartement,40,2,,,,,,2.348023,48.848266
2022-1680434,2022-09-06,000001,Vente,800000,69,,RUE BUFFON,1371,75005,75105,Paris 5e Arrondissement,75,,,75105000AM0007,,,113,,114,,115,,117,,54,102.55,7,2,Appartement,108,5,,,,,,2.356842,48.841093
2022-1680434,2022-09-06,000001,Vente,800000,69,,RUE BUFFON,1371,75005,75105,Paris 5e Arrondissement,75,,,75105000AM0007,,,113,,114,,115,,117,,54,102.55,7,3,Dépendance,,0,,,,,,2.356842,48.841093
2022-1680434,2022-09-06,000001,Vente,800000,15,,RUE BUFFON,1371,75005,75105,Paris 5e Arrondissement,75,,,75105000AQ0053,,,129,,,,,,,,,,1,3,Dépendance,,0,,,,,,2.362593,48.842209
2022-1680467,2022-09-01,000001,Vente,499000,30,,RUE DU FER A MOULIN,3573,75005,75105,Paris 5e Arrondissement,75,,,75105000AU0042,,,126,42.53,177,,,,,,,,2,2,Appartement,45,2,,,,,,2.353139,48.839112
2022-1680467,2022-09-01,000001,Vente,499000,30,,RUE DU FER A MOULIN,3573,75005,75105,Paris 5e Arrondissement,75,,,75105000AU0042,,,126,42.53,177,,,,,,,,2,3,Dépendance,,0,,,,,,2.353139,48.839112
2022-1680479,2022-09-13,000001,Vente,718000,11,,RUE DES FEUILLANTINES,3630,75005,75105,Paris 5e Arrondissement,75,,,75105000BD0062,,,16,57.35,6,,,,,,,,2,2,Appartement,65,3,,,,,,2.342364,48.841491
2022-1680479,2022-09-13,000001,Vente,718000,11,,RUE DES FEUILLANTINES,3630,75005,75105,Paris 5e Arrondissement,75,,,75105000BD0062,,,16,57.35,6,,,,,,,,2,3,Dépendance,,0,,,,,,2.342364,48.841491
2022-1680483,2022-09-14,000001,Vente,387230,92,,BD SAINT MARCEL,8690,75005,75105,Paris 5e Arrondissement,75,,,75105000AV0029,,,18,30.04,20,,40,,,,,,3,2,Appartement,30,1,,,,,,2.352106,48.83719
2022-1680483,2022-09-14,000001,Vente,387230,92,,BD SAINT MARCEL,8690,75005,75105,Paris 5e Arrondissement,75,,,75105000AV0029,,,18,30.04,20,,40,,,,,,3,3,Dépendance,,0,,,,,,2.352106,48.83719
2022-1680488,2022-09-14,000001,Vente,236700,326,,RUE SAINT JACQUES,8648,75005,75105,Paris 5e Arrondissement,75,,,75105000BF0072,,,2,20.76,,,,,,,,,1,2,Appartement,20,1,,,,,,2.34003,48.84024
2022-1680514,2022-09-20,000001,Vente,700000,2,,RUE LAROMIGUIERE,5360,75005,75105,Paris 5e Arrondissement,75,,,75105000AZ0097,,,210,50.59,,,,,,,,,1,2,Appartement,49,2,,,,,,2.347002,48.844375
2022-1680514,2022-09-20,000001,Vente,700000,2,,RUE LAROMIGUIERE,5360,75005,75105,Paris 5e Arrondissement,75,,,75105000AZ0097,,,226,,,,,,,,,,1,3,Dépendance,,0,,,,,,2.347002,48.844375
2022-1680514,2022-09-20,000001,Vente,700000,2,,RUE LAROMIGUIERE,5360,75005,75105,Paris 5e Arrondissement,75,,,75105000AZ0097,,,215,,,,,,,,,,1,3,Dépendance,,0,,,,,,2.347002,48.844375
2022-1680524,2022-09-15,000001,Vente,183550,12,,RUE DES CARMES,1554,75005,75105,Paris 5e Arrondissement,75,,,75105000BO0049,,,17,,,,,,,,,,1,2,Appartement,14,1,,,,,,2.347468,48.849404
2022-1680551,2022-09-20,000001,Vente,600000,52,,RUE MOUFFETARD,6581,75005,75105,Paris 5e Arrondissement,75,,,75105000AZ0087,,,73,,,,,,,,,,1,3,Dépendance,,0,,,,,,2.349199,48.843337
2022-1680551,2022-09-20,000001,Vente,600000,52,,RUE MOUFFETARD,6581,75005,75105,Paris 5e Arrondissement,75,,,75105000AZ0087,,,73,,,,,,,,,,1,2,Appartement,18,1,,,,,,2.349199,48.843337
2022-1680551,2022-09-20,000001,Vente,600000,52,,RUE MOUFFETARD,6581,75005,75105,Paris 5e Arrondissement,75,,,75105000AZ0087,,,70,,75,,,,,,,,2,2,Appartement,14,1,,,,,,2.349199,48.843337
2022-1680574,2022-09-08,000001,Vente,780000,11,,RUE CUJAS,2487,75005,75105,Paris 5e Arrondissement,75,,,75105000BJ0027,,,7,56.64,,,,,,,,,1,2,Appartement,56,3,,,,,,2.342928,48.847472
2022-1680576,2022-09-07,000001,Vente,2600000,8,,RUE BERTHOLLET,0916,75005,75105,Paris 5e Arrondissement,75,,,75105000BE0029,,,18,170.03,22,,29,,,,,,3,3,Dépendance,,0,,,,,,2.345619,48.839722
2022-1680576,2022-09-07,000001,Vente,2600000,8,,RUE BERTHOLLET,0916,75005,75105,Paris 5e Arrondissement,75,,,75105000BE0029,,,18,170.03,22,,29,,,,,,3,2,Appartement,200,5,,,,,,2.345619,48.839722
2022-1680591,2022-09-20,000001,Vente,644000,59,,RUE DU CARDINAL LEMOINE,1545,75005,75105,Paris 5e Arrondissement,75,,,75105000AJ0023,,,30,,,,,,,,,,1,2,Appartement,47,2,,,,,,2.351396,48.846156
2022-1680648,2022-09-13,000001,Vente,620000,25,,RUE JUSSIEU,5130,75005,75105,Paris 5e Arrondissement,75,,,75105000AH0012,,,11,55.98,,,,,,,,,1,2,Appartement,47,3,,,,,,2.353959,48.846467
2022-1680648,2022-09-13,000001,Vente,620000,25,,RUE JUSSIEU,5130,75005,75105,Paris 5e Arrondissement,75,,,75105000AH0012,,,11,55.98,,,,,,,,,1,3,Dépendance,,0,,,,,,2.353959,48.846467
2022-1680654,2022-09-19,000001,Vente,570000,11,,RUE DE VALENCE,9546,75005,75105,Paris 5e Arrondissement,75,,,75105000AV0052,,,10,,24,,,,,,,,2,2,Appartement,47,3,,,,,,2.349555,48.83752
2022-1680654,2022-09-19,000001,Vente,570000,11,,RUE DE VALENCE,9546,75005,75105,Paris 5e Arrondissement,75,,,75105000AV0052,,,10,,24,,,,,,,,2,3,Dépendance,,0,,,,,,2.349555,48.83752
2022-1680708,2022-09-09,000001,Vente,515000,4,,RUE EDOUARD QUENU,3154,75005,75105,Paris 5e Arrondissement,75,,,75105000AX0073,,,113,34.4,99,,,,,,,,2,2,Appartement,34,2,,,,,,2.349326,48.839412
2022-1680708,2022-09-09,000001,Vente,515000,4,,RUE EDOUARD QUENU,3154,75005,75105,Paris 5e Arrondissement,75,,,75105000AX0073,,,113,34.4,99,,,,,,,,2,3,Dépendance,,0,,,,,,2.349326,48.839412
2022-1680733,2022-09-21,000001,Vente,645000,5,,RUE POLIVEAU,7576,75005,75105,Paris 5e Arrondissement,75,,,75105000AR0031,,,19,,49,,,,,,,,2,3,Dépendance,,0,,,,,,2.361055,48.840111
2022-1680733,2022-09-21,000001,Vente,645000,5,,RUE POLIVEAU,7576,75005,75105,Paris 5e Arrondissement,75,,,75105000AR0031,,,19,,49,,,,,,,,2,2,Appartement,60,3,,,,,,2.361055,48.840111
2022-1680740,2022-09-16,000001,Vente,570000,79,,RUE MOUFFETARD,6581,75005,75105,Paris 5e Arrondissement,75,,,75105000AL0008,,,2,,,,,,,,,,1,2,Appartement,50,2,,,,,,2.349948,48.842024
2022-1680773,2022-09-14,000001,Vente,575000,15,,RUE DES ECOLES,3098,75005,75105,Paris 5e Arrondissement,75,,,75105000AI0017,,,10,51.28,,,,,,,,,1,3,Dépendance,,0,,,,,,2.351278,48.847696
2022-1680773,2022-09-14,000001,Vente,575000,15,,RUE DES ECOLES,3098,75005,75105,Paris 5e Arrondissement,75,,,75105000AI0017,,,10,51.28,,,,,,,,,1,2,Appartement,51,3,,,,,,2.351278,48.847696
2022-1680774,2022-09-22,000001,Vente,725010,66,,RUE GAY-LUSSAC,3998,75005,75105,Paris 5e Arrondissement,75,,,75105000BD0031,,,1,64,32,,35,,,,,,3,3,Dépendance,,0,,,,,,2.342789,48.841996
2022-1680774,2022-09-22,000001,Vente,725010,66,,RUE GAY-LUSSAC,3998,75005,75105,Paris 5e Arrondissement,75,,,75105000BD0031,,,1,64,32,,35,,,,,,3,2,Appartement,56,2,,,,,,2.342789,48.841996
2022-1680774,2022-09-22,000001,Vente,725010,66,,RUE GAY-LUSSAC,3998,75005,75105,Paris 5e Arrondissement,75,,,75105000BD0031,,,1,64,32,,35,,,,,,3,3,Dépendance,,0,,,,,,2.342789,48.841996
2022-1680782,2022-09-01,000001,Vente,324000,12,,RUE DES URSULINES,9533,75005,75105,Paris 5e Arrondissement,75,,,75105000BD0008,,,19,25.2,8,,,,,,,,2,3,Dépendance,,0,,,,,,2.341887,48.84277
2022-1680782,2022-09-01,000001,Vente,324000,12,,RUE DES URSULINES,9533,75005,75105,Paris 5e Arrondissement,75,,,75105000BD0008,,,19,25.2,8,,,,,,,,2,2,Appartement,28,1,,,,,,2.341887,48.84277
2022-1680803,2022-09-20,000001,Vente,565000,4,,RUE DESCARTES,2724,75005,75105,Paris 5e Arrondissement,75,,,75105000BL0075,,,11,42.22,,,,,,,,,1,2,Appartement,12,1,,,,,,2.348396,48.847126
2022-1680803,2022-09-20,000001,Vente,565000,4,,RUE DESCARTES,2724,75005,75105,Paris 5e Arrondissement,75,,,75105000BL0075,,,12,,,,,,,,,,1,2,Appartement,28,1,,,,,,2.348396,48.847126
2022-1680859,2022-08-29,000001,Vente,650000,60,,BD SAINT MARCEL,8690,75005,75105,Paris 5e Arrondissement,75,,,75105000AS0010,,,127,,,,,,,,,,1,2,Appartement,98,3,,,,,,2.35547,48.838427
2022-1680868,2022-09-27,000001,Vente,630000,7,,RUE BLAINVILLE,1001,75005,75105,Paris 5e Arrondissement,75,,,75105000AZ0037,,,10,48.49,110,,,,,,,,2,2,Appartement,48,2,,,,,,2.348697,48.844149
2022-1680868,2022-09-27,000001,Vente,630000,7,,RUE BLAINVILLE,1001,75005,75105,Paris 5e Arrondissement,75,,,75105000AZ0037,,,10,48.49,110,,,,,,,,2,3,Dépendance,,0,,,,,,2.348697,48.844149
2022-1680883,2022-09-12,000001,Vente,100000,68,,RUE MONGE,6432,75005,75105,Paris 5e Arrondissement,75,,,75105000AK0035,,,24,11.15,,,,,,,,,1,2,Appartement,18,1,,,,,,2.35196,48.843614
2022-1680883,2022-09-12,000001,Vente,100000,68,,RUE MONGE,6432,75005,75105,Paris 5e Arrondissement,75,,,75105000AK0035,,,24,11.15,,,,,,,,,1,3,Dépendance,,0,,,,,,2.35196,48.843614
2022-1680898,2022-09-15,000001,Vente,630000,35,,RUE CLAUDE BERNARD,2069,75005,75105,Paris 5e Arrondissement,75,,,75105000AW0039,,,2,74.06,,,,,,,,,1,2,Appartement,53,2,,,,,,2.347251,48.839558
2022-1680898,2022-09-15,000001,Vente,630000,35,,RUE CLAUDE BERNARD,2069,75005,75105,Paris 5e Arrondissement,75,,,75105000AW0039,,,2,74.06,,,,,,,,,1,4,Local industriel. commercial ou assimilé,110,0,,,,,,2.347251,48.839558
2022-1680904,2022-09-08,000001,Vente,767500,25,,RUE HENRI BARBUSSE,4535,75005,75105,Paris 5e Arrondissement,75,,,75105000BG0034,,,107,,24,63.16,,,,,,,2,3,Dépendance,,0,,,,,,2.339711,48.841675
2022-1680904,2022-09-08,000001,Vente,767500,25,,RUE HENRI BARBUSSE,4535,75005,75105,Paris 5e Arrondissement,75,,,75105000BG0034,,,107,,24,63.16,,,,,,,2,2,Appartement,65,2,,,,,,2.339711,48.841675
2022-1680905,2022-09-16,000001,Vente,2500000,55,,RUE GEOFFROY ST HILAIRE,4108,75005,75105,Paris 5e Arrondissement,75,,,75105000AK0103,,,111,,168,,,,,,,,2,2,Appartement,165,6,,,,,,2.354801,48.843241
2022-1680905,2022-09-16,000001,Vente,2500000,55,,RUE GEOFFROY ST HILAIRE,4108,75005,75105,Paris 5e Arrondissement,75,,,75105000AK0103,,,111,,168,,,,,,,,2,3,Dépendance,,0,,,,,,2.354801,48.843241
2022-1680914,2022-09-08,000001,Vente,370000,34,,BD SAINT MARCEL,8690,75005,75105,Paris 5e Arrondissement,75,,,75105000AR0053,,,1,,,,,,,,,,1,4,Local industriel. commercial ou assimilé,11,0,,,,,,2.358584,48.839253
2022-1680914,2022-09-08,000001,Vente,370000,34,,BD SAINT MARCEL,8690,75005,75105,Paris 5e Arrondissement,75,,,75105000AR0053,,,50,,,,,,,,,,1,3,Dépendance,,0,,,,,,2.358584,48.839253
2022-1680914,2022-09-08,000001,Vente,370000,34,,BD SAINT MARCEL,8690,75005,75105,Paris 5e Arrondissement,75,,,75105000AR0053,,,50,,,,,,,,,,1,3,Dépendance,,0,,,,,,2.358584,48.839253
2022-1680914,2022-09-08,000001,Vente,370000,34,,BD SAINT MARCEL,8690,75005,75105,Paris 5e Arrondissement,75,,,75105000AR0053,,,3,,,,,,,,,,1,4,Local industriel. commercial ou assimilé,27,0,,,,,,2.358584,48.839253
2022-1680922,2022-09-15,000001,Vente,115000,1,,RUE DU VAL DE GRACE,9544,75005,75105,Paris 5e Arrondissement,75,,,75105000BF0079,,,36,,,,,,,,,,1,2,Appartement,9,1,,,,,,2.34056,48.840744
2022-1680922,2022-09-15,000001,Vente,115000,1,,RUE DU VAL DE GRACE,9544,75005,75105,Paris 5e Arrondissement,75,,,75105000BF0079,,,36,,,,,,,,,,1,3,Dépendance,,0,,,,,,2.34056,48.840744
2022-1680950,2022-09-16,000001,Vente,1337700,44,,RUE POLIVEAU,7576,75005,75105,Paris 5e Arrondissement,75,,,75105000AR0118,,,32,,,,,,,,,,1,3,Dépendance,,0,,,,,,2.356931,48.839912
2022-1680950,2022-09-16,000001,Vente,1337700,44,,RUE POLIVEAU,7576,75005,75105,Paris 5e Arrondissement,75,,,75105000AR0118,,,13,100.8,24,,,,,,,,2,3,Dépendance,,0,,,,,,2.356931,48.839912
2022-1680950,2022-09-16,000001,Vente,1337700,44,,RUE POLIVEAU,7576,75005,75105,Paris 5e Arrondissement,75,,,75105000AR0118,,,13,100.8,24,,,,,,,,2,2,Appartement,100,5,,,,,,2.356931,48.839912
2022-1680950,2022-09-16,000001,Vente,1337700,44,,RUE POLIVEAU,7576,75005,75105,Paris 5e Arrondissement,75,,,75105000AR0118,,,13,100.8,24,,,,,,,,2,3,Dépendance,,0,,,,,,2.356931,48.839912
2022-1680953,2022-09-16,000001,Vente,620000,3,,RUE RATAUD,8050,75005,75105,Paris 5e Arrondissement,75,,,75105000AY0119,,,142,39.36,197,,,,,,,,2,3,Dépendance,,0,,,,,,2.346944,48.842278
2022-1680953,2022-09-16,000001,Vente,620000,3,,RUE RATAUD,8050,75005,75105,Paris 5e Arrondissement,75,,,75105000AY0119,,,142,39.36,197,,,,,,,,2,2,Appartement,38,1,,,,,,2.346944,48.842278
2022-1681010,2022-09-09,000001,Vente,310000,22,,RUE DES ECOLES,3098,75005,75105,Paris 5e Arrondissement,75,,,75105000BO0039,,,28,,,,,,,,,,1,3,Dépendance,,0,,,,,,2.348319,48.848809
2022-1681010,2022-09-09,000001,Vente,310000,22,,RUE DES ECOLES,3098,75005,75105,Paris 5e Arrondissement,75,,,75105000BO0039,,,27,,,,,,,,,,1,2,Appartement,35,2,,,,,,2.348319,48.848809
2022-1681024,2022-09-26,000001,Vente,662720,32,,RUE MONGE,6432,75005,75105,Paris 5e Arrondissement,75,,,75105000AJ0024,,,24,44.66,5,,,,,,,,2,2,Appartement,46,3,,,,,,2.351516,48.846133
2022-1681024,2022-09-26,000001,Vente,662720,32,,RUE MONGE,6432,75005,75105,Paris 5e Arrondissement,75,,,75105000AJ0024,,,24,44.66,5,,,,,,,,2,3,Dépendance,,0,,,,,,2.351516,48.846133
2022-1681025,2022-09-08,000001,Vente,331000,75,,RUE SAINT JACQUES,8648,75005,75105,Paris 5e Arrondissement,75,,,75105000BO0079,,,11,25.31,22,,,,,,,,2,2,Appartement,28,2,,,,,,2.345218,48.849714
2022-1681025,2022-09-08,000001,Vente,331000,75,,RUE SAINT JACQUES,8648,75005,75105,Paris 5e Arrondissement,75,,,75105000BO0079,,,11,25.31,22,,,,,,,,2,3,Dépendance,,0,,,,,,2.345218,48.849714
2022-1681027,2022-09-05,000001,Vente,168300,107,,RUE MONGE,6432,75005,75105,Paris 5e Arrondissement,75,,,75105000AU0026,,,2,14.88,,,,,,,,,1,2,Appartement,8,1,,,,,,2.351843,48.840274
2022-1681030,2022-09-14,000001,Vente,2523500,28,,RUE GAY-LUSSAC,3998,75005,75105,Paris 5e Arrondissement,75,,,75105000BH0036,,,8,180.86,,,,,,,,,1,3,Dépendance,,0,,,,,,2.341391,48.844691
2022-1681030,2022-09-14,000001,Vente,2523500,28,,RUE GAY-LUSSAC,3998,75005,75105,Paris 5e Arrondissement,75,,,75105000BH0036,,,8,180.86,,,,,,,,,1,3,Dépendance,,0,,,,,,2.341391,48.844691
2022-1681030,2022-09-14,000001,Vente,2523500,28,,RUE GAY-LUSSAC,3998,75005,75105,Paris 5e Arrondissement,75,,,75105000BH0036,,,8,180.86,,,,,,,,,1,2,Appartement,184,7,,,,,,2.341391,48.844691
2022-1681030,2022-09-14,000001,Vente,2523500,28,,RUE GAY-LUSSAC,3998,75005,75105,Paris 5e Arrondissement,75,,,75105000BH0036,,,8,180.86,,,,,,,,,1,3,Dépendance,,0,,,,,,2.341391,48.844691
2022-1681035,2022-09-27,000001,Vente,641280,5,,RUE LACEPEDE,5220,75005,75105,Paris 5e Arrondissement,75,,,75105000AK0098,,,38,47.02,,,,,,,,,1,3,Dépendance,,0,,,,,,2.353884,48.84347
2022-1681035,2022-09-27,000001,Vente,641280,5,,RUE LACEPEDE,5220,75005,75105,Paris 5e Arrondissement,75,,,75105000AK0098,,,29,,,,,,,,,,1,2,Appartement,40,2,,,,,,2.353884,48.84347
2022-1681035,2022-09-27,000001,Vente,641280,5,,RUE LACEPEDE,5220,75005,75105,Paris 5e Arrondissement,75,,,75105000AK0098,,,29,,,,,,,,,,1,3,Dépendance,,0,,,,,,2.353884,48.84347
2022-1681035,2022-09-27,000001,Vente,641280,5,,RUE LACEPEDE,5220,75005,75105,Paris 5e Arrondissement,75,,,75105000AK0098,,,38,47.02,,,,,,,,,1,2,Appartement,45,2,,,,,,2.353884,48.84347
2022-1681070,2022-09-19,000001,Vente,266579,82,,BD SAINT MARCEL,8690,75005,75105,Paris 5e Arrondissement,75,,,75105000AS0026,,,103,34.52,33,,,,,,,,2,2,Appartement,33,2,,,,,,2.353,48.837543
2022-1681071,2022-09-13,000001,Vente,570000,4,,RUE DE CANDOLLE,1484,75005,75105,Paris 5e Arrondissement,75,,,75105000AU0020,,,17,,,,,,,,,,1,3,Dépendance,,0,,,,,,2.351152,48.840173
2022-1681071,2022-09-13,000001,Vente,570000,4,,RUE DE CANDOLLE,1484,75005,75105,Paris 5e Arrondissement,75,,,75105000AU0020,,,17,,,,,,,,,,1,2,Appartement,39,3,,,,,,2.351152,48.840173
2022-1681125,2022-09-23,000001,Vente,235000,14,,RUE DE L ARBALETE,0405,75005,75105,Paris 5e Arrondissement,75,,,75105000AX0058,,,7,17.31,,,,,,,,,1,2,Appartement,17,1,,,,,,2.348418,48.840335
2022-1681129,2022-09-26,000001,Vente,360000,7,,RUE BLAINVILLE,1001,75005,75105,Paris 5e Arrondissement,75,,,75105000AZ0037,,,152,,49,27.61,,,,,,,2,2,Appartement,28,1,,,,,,2.348697,48.844149
2022-1681129,2022-09-26,000001,Vente,360000,7,,RUE BLAINVILLE,1001,75005,75105,Paris 5e Arrondissement,75,,,75105000AZ0037,,,152,,49,27.61,,,,,,,2,3,Dépendance,,0,,,,,,2.348697,48.844149
2022-1681143,2022-08-31,000001,Vente,322000,83,,BD SAINT MICHEL,8705,75005,75105,Paris 5e Arrondissement,75,,,75105000BH0009,,,60,,,,,,,,,,1,2,Appartement,25,2,,,,,,2.340348,48.845423
2022-1681145,2022-09-14,000001,Vente,25000,25,,RUE HENRI BARBUSSE,4535,75005,75105,Paris 5e Arrondissement,75,,,75105000BG0034,,,241,,,,,,,,,,1,3,Dépendance,,0,,,,,,2.339711,48.841675
2022-1681161,2022-09-27,000001,Vente,1700000,9,,RUE SOUFFLOT,9041,75005,75105,Paris 5e Arrondissement,75,,,75105000BJ0051,,,10,115.02,48,,,,,,,,2,2,Appartement,113,5,,,,,,2.342951,48.846689
2022-1681161,2022-09-27,000001,Vente,1700000,9,,RUE SOUFFLOT,9041,75005,75105,Paris 5e Arrondissement,75,,,75105000BJ0051,,,10,115.02,48,,,,,,,,2,3,Dépendance,,0,,,,,,2.342951,48.846689
2022-1681161,2022-09-27,000001,Vente,1700000,9,,RUE SOUFFLOT,9041,75005,75105,Paris 5e Arrondissement,75,,,75105000BJ0051,,,10,115.02,48,,,,,,,,2,3,Dépendance,,0,,,,,,2.342951,48.846689
2022-1681169,2022-09-14,000001,Vente,395000,6,,RUE DE L EPEE DE BOIS,3298,75005,75105,Paris 5e Arrondissement,75,,,75105000AL0027,,,2,31.38,31,,32,,,,,,3,4,Local industriel. commercial ou assimilé,45,0,,,,,,2.351268,48.841731
2022-1681192,2022-09-08,000001,Vente,350000,69,,RUE BUFFON,1371,75005,75105,Paris 5e Arrondissement,75,,,75105000AM0007,,,49,26.07,,,,,,,,,1,2,Appartement,24,1,,,,,,2.356842,48.841093
2022-1681198,2022-09-12,000001,Vente,730000,10,,RUE SAINT SEVERIN,8760,75005,75105,Paris 5e Arrondissement,75,,,75105000BP0040,,,6,77.98,,,,,,,,,1,2,Appartement,75,3,,,,,,2.345889,48.852444
2022-1681198,2022-09-12,000001,Vente,730000,10,,RUE SAINT SEVERIN,8760,75005,75105,Paris 5e Arrondissement,75,,,75105000BP0040,,,6,77.98,,,,,,,,,1,3,Dépendance,,0,,,,,,2.345889,48.852444
2022-1681210,2022-09-08,000001,Vente,549000,54,,RUE LHOMOND,5648,75005,75105,Paris 5e Arrondissement,75,,,75105000AX0047,,,75,36.25,,,,,,,,,1,2,Appartement,39,2,,,,,,2.348244,48.840976
2022-1681221,2022-09-22,000001,Vente,650000,3,,SQ VERMENOUZE,9687,75005,75105,Paris 5e Arrondissement,75,,,75105000AY0107,,,39,,,,,,,,,,1,2,Appartement,50,3,,,,,,2.349017,48.840623
2022-1681221,2022-09-22,000001,Vente,650000,3,,SQ VERMENOUZE,9687,75005,75105,Paris 5e Arrondissement,75,,,75105000AY0107,,,13,44.74,,,,,,,,,1,2,Appartement,44,2,,,,,,2.349017,48.840623
2022-1681221,2022-09-22,000001,Vente,650000,3,,SQ VERMENOUZE,9687,75005,75105,Paris 5e Arrondissement,75,,,75105000AY0107,,,13,44.74,,,,,,,,,1,3,Dépendance,,0,,,,,,2.349017,48.840623
2022-1681221,2022-09-22,000001,Vente,650000,3,,SQ VERMENOUZE,9687,75005,75105,Paris 5e Arrondissement,75,,,75105000AY0107,,,39,,,,,,,,,,1,3,Dépendance,,0,,,,,,2.349017,48.840623
2022-1681224,2022-09-22,000001,Vente,1615000,5,,RUE DANTE,2549,75005,75105,Paris 5e Arrondissement,75,,,75105000BQ0115,,,10,,11,121.15,32,,,,,,3,2,Appartement,122,4,,,,,,2.346874,48.851049
2022-1681228,2022-09-21,000001,Vente,248520,35,,RUE LINNE,5696,75005,75105,Paris 5e Arrondissement,75,,,75105000AJ0154,,,11,21.4,40,,,,,,,,2,2,Appartement,21,1,,,,,,2.354222,48.845801
2022-1681258,2022-08-30,000001,Vente,372000,10,A,RUE SAINT VICTOR,8777,75005,75105,Paris 5e Arrondissement,75,,,75105000AC0101,,,1,38.07,18,,,,,,,,2,2,Appartement,38,1,,,,,,2.351606,48.848317
2022-1681293,2022-09-27,000001,Vente,1297200,14,,RUE LACEPEDE,5220,75005,75105,Paris 5e Arrondissement,75,,,75105000AJ0106,,,14,,15,105.4,,,,,,,2,2,Appartement,99,4,,,,,,2.353325,48.843867
2022-1681350,2022-09-20,000001,Vente,290000,6,,RUE DES ANGLAIS,0346,75005,75105,Paris 5e Arrondissement,75,,,75105000BQ0104,,,4,23.48,,,,,,,,,1,2,Appartement,24,1,,,,,,2.347686,48.850871
2022-1681382,2022-09-30,000001,Vente,1150000,52,,RUE MOUFFETARD,6581,75005,75105,Paris 5e Arrondissement,75,,,75105000AZ0087,,,67,103.23,71,,72,,74,,90,,6,2,Appartement,94,4,,,,,,2.349199,48.843337
2022-1681382,2022-09-30,000001,Vente,1150000,52,,RUE MOUFFETARD,6581,75005,75105,Paris 5e Arrondissement,75,,,75105000AZ0087,,,67,103.23,71,,72,,74,,90,,6,3,Dépendance,,0,,,,,,2.349199,48.843337
2022-1681387,2022-09-27,000001,Vente,25000,4,,RUE DESCARTES,2724,75005,75105,Paris 5e Arrondissement,75,,,75105000BL0075,,,2,,,,,,,,,,1,2,Appartement,12,1,,,,,,2.348396,48.847126
2022-1681387,2022-09-27,000001,Vente,25000,4,,RUE DESCARTES,2724,75005,75105,Paris 5e Arrondissement,75,,,75105000BL0075,,,3,,,,,,,,,,1,2,Appartement,28,1,,,,,,2.348396,48.847126
2022-1681442,2022-09-27,000001,Vente,100000,23,,RUE DE L ESTRAPADE,3377,75005,75105,Paris 5e Arrondissement,75,,,75105000AZ0001,,,10,9.33,,,,,,,,,1,2,Appartement,9,1,,,,,,2.345708,48.844821
2022-1681468,2022-09-19,000001,Vente,51000,96,,BD DE PORT-ROYAL,7740,75005,75105,Paris 5e Arrondissement,75,,,75105000BF0028,,,14,,,,,,,,,,1,2,Appartement,8,1,,,,,,2.337874,48.839602
2022-1681470,2022-09-22,000001,Echange,650000,1,,SQ VERMENOUZE,9687,75005,75105,Paris 5e Arrondissement,75,,,75105000AY0109,,,12,,27,,,,,,,,2,3,Dépendance,,0,,,,,,2.349402,48.840707
2022-1681470,2022-09-22,000001,Echange,650000,1,,SQ VERMENOUZE,9687,75005,75105,Paris 5e Arrondissement,75,,,75105000AY0109,,,12,,27,,,,,,,,2,2,Appartement,28,1,,,,,,2.349402,48.840707
2022-1681470,2022-09-22,000002,Echange,650000,3,,SQ VERMENOUZE,9687,75005,75105,Paris 5e Arrondissement,75,,,75105000AY0107,,,39,,,,,,,,,,1,2,Appartement,50,3,,,,,,2.349017,48.840623
2022-1681470,2022-09-22,000002,Echange,650000,3,,SQ VERMENOUZE,9687,75005,75105,Paris 5e Arrondissement,75,,,75105000AY0107,,,39,,,,,,,,,,1,3,Dépendance,,0,,,,,,2.349017,48.840623
2022-1681470,2022-09-22,000002,Echange,650000,3,,SQ VERMENOUZE,9687,75005,75105,Paris 5e Arrondissement,75,,,75105000AY0107,,,13,,,,,,,,,,1,3,Dépendance,,0,,,,,,2.349017,48.840623
2022-1681470,2022-09-22,000002,Echange,650000,3,,SQ VERMENOUZE,9687,75005,75105,Paris 5e Arrondissement,75,,,75105000AY0107,,,13,,,,,,,,,,1,2,Appartement,44,2,,,,,,2.349017,48.840623
2022-1681503,2022-09-12,000001,Vente,485000,7,,RUE DE L ESSAI,3368,75005,75105,Paris 5e Arrondissement,75,,,75105000AR0057,,,9,,,,,,,,,,1,2,Appartement,33,2,,,,,,2.357956,48.839705
2022-1681515,2022-09-08,000001,Vente,380000,12,,RUE DE QUATREFAGES,7911,75005,75105,Paris 5e Arrondissement,75,,,75105000AK0105,,,58,33.02,73,,,,,,,,2,3,Dépendance,,0,,,,,,2.354626,48.843192
2022-1681515,2022-09-08,000001,Vente,380000,12,,RUE DE QUATREFAGES,7911,75005,75105,Paris 5e Arrondissement,75,,,75105000AK0105,,,58,33.02,73,,,,,,,,2,2,Appartement,32,2,,,,,,2.354626,48.843192
2022-1681529,2022-09-30,000001,Vente,850000,16,,RUE PIERRE NICOLE,7467,75005,75105,Paris 5e Arrondissement,75,,,75105000BG0033,,,24,73.26,71,,,,,,,,2,3,Dépendance,,0,,,,,,2.33974,48.841464
2022-1681529,2022-09-30,000001,Vente,850000,16,,RUE PIERRE NICOLE,7467,75005,75105,Paris 5e Arrondissement,75,,,75105000BG0033,,,24,73.26,71,,,,,,,,2,2,Appartement,73,2,,,,,,2.33974,48.841464
2022-1681546,2022-09-29,000001,Vente,992600,14,,RUE DU POT DE FER,7752,75005,75105,Paris 5e Arrondissement,75,,,75105000AZ0067,,,6,58.26,,,,,,,,,1,2,Appartement,89,3,,,,,,2.348743,48.843114
2022-1681594,2022-09-20,000001,Vente,230000,7,,RUE DE L ARBALETE,0405,75005,75105,Paris 5e Arrondissement,75,,,75105000AX0060,,,74,21.51,,,,,,,,,1,2,Appartement,23,2,,,,,,2.349384,48.840269
2022-1681598,2022-09-21,000001,Vente,100000,37,,BD SAINT GERMAIN,8619,75005,75105,Paris 5e Arrondissement,75,,,75105000AC0016,,,40,,,,,,,,,,1,3,Dépendance,,0,,,,,,2.351153,48.849331
2022-1681617,2022-09-14,000002,Echange,800000,4,,RUE LE GOFF,5479,75005,75105,Paris 5e Arrondissement,75,,,75105000BI0008,,,24,,35,,,,,,,,2,2,Appartement,57,3,,,,,,2.341371,48.846823
2022-1681617,2022-09-14,000002,Echange,800000,4,,RUE LE GOFF,5479,75005,75105,Paris 5e Arrondissement,75,,,75105000BI0008,,,24,,35,,,,,,,,2,3,Dépendance,,0,,,,,,2.341371,48.846823
2022-1681659,2022-09-09,000001,Vente,165200,21,,RUE DU CARDINAL LEMOINE,1545,75005,75105,Paris 5e Arrondissement,75,,,75105000AD0038,,,48,13.34,,,,,,,,,1,2,Appartement,15,1,,,,,,2.353844,48.848285
2022-1681676,2022-10-03,000001,Vente,786500,93,,RUE MONGE,6432,75005,75105,Paris 5e Arrondissement,75,,,75105000AL0111,,,163,,63,,,,,,,,2,2,Appartement,53,2,,,,,,2.352439,48.841463
2022-1681676,2022-10-03,000001,Vente,786500,93,,RUE MONGE,6432,75005,75105,Paris 5e Arrondissement,75,,,75105000AL0111,,,163,,63,,,,,,,,2,3,Dépendance,,0,,,,,,2.352439,48.841463
2022-1681685,2022-09-26,000001,Vente,200000,45,,RUE LINNE,5696,75005,75105,Paris 5e Arrondissement,75,,,75105000AH0016,,,143,15.63,145,15.63,,,,,,,2,3,Dépendance,,0,,,,,,2.35411,48.846262
2022-1681685,2022-09-26,000001,Vente,200000,45,,RUE LINNE,5696,75005,75105,Paris 5e Arrondissement,75,,,75105000AH0016,,,143,15.63,145,15.63,,,,,,,2,2,Appartement,16,1,,,,,,2.35411,48.846262
2022-1681698,2022-09-21,000001,Vente,951000,64,,RUE GAY-LUSSAC,3998,75005,75105,Paris 5e Arrondissement,75,,,75105000BD0026,,,18,,,,,,,,,,1,3,Dépendance,,0,,,,,,2.342649,48.8423
2022-1681698,2022-09-21,000001,Vente,951000,64,,RUE GAY-LUSSAC,3998,75005,75105,Paris 5e Arrondissement,75,,,75105000BD0026,,,10,,,,,,,,,,1,3,Dépendance,,0,,,,,,2.342649,48.8423
2022-1681698,2022-09-21,000001,Vente,951000,64,,RUE GAY-LUSSAC,3998,75005,75105,Paris 5e Arrondissement,75,,,75105000BD0026,,,9,,,,,,,,,,1,3,Dépendance,,0,,,,,,2.342649,48.8423
2022-1681698,2022-09-21,000001,Vente,951000,64,,RUE GAY-LUSSAC,3998,75005,75105,Paris 5e Arrondissement,75,,,75105000BD0026,,,11,,26,,,,,,,,2,3,Dépendance,,0,,,,,,2.342649,48.8423
2022-1681698,2022-09-21,000001,Vente,951000,64,,RUE GAY-LUSSAC,3998,75005,75105,Paris 5e Arrondissement,75,,,75105000BD0026,,,9,,,,,,,,,,1,2,Appartement,16,1,,,,,,2.342649,48.8423
2022-1681698,2022-09-21,000001,Vente,951000,64,,RUE GAY-LUSSAC,3998,75005,75105,Paris 5e Arrondissement,75,,,75105000BD0026,,,10,,,,,,,,,,1,2,Appartement,16,1,,,,,,2.342649,48.8423
2022-1681698,2022-09-21,000001,Vente,951000,64,,RUE GAY-LUSSAC,3998,75005,75105,Paris 5e Arrondissement,75,,,75105000BD0026,,,11,,26,,,,,,,,2,2,Appartement,16,1,,,,,,2.342649,48.8423
2022-1681698,2022-09-21,000001,Vente,951000,64,,RUE GAY-LUSSAC,3998,75005,75105,Paris 5e Arrondissement,75,,,75105000BD0026,,,12,,,,,,,,,,1,3,Dépendance,,0,,,,,,2.342649,48.8423
2022-1681698,2022-09-21,000001,Vente,951000,64,,RUE GAY-LUSSAC,3998,75005,75105,Paris 5e Arrondissement,75,,,75105000BD0026,,,13,,,,,,,,,,1,3,Dépendance,,0,,,,,,2.342649,48.8423
2022-1681698,2022-09-21,000001,Vente,951000,64,,RUE GAY-LUSSAC,3998,75005,75105,Paris 5e Arrondissement,75,,,75105000BD0026,,,15,,,,,,,,,,1,3,Dépendance,,0,,,,,,2.342649,48.8423
2022-1681698,2022-09-21,000001,Vente,951000,64,,RUE GAY-LUSSAC,3998,75005,75105,Paris 5e Arrondissement,75,,,75105000BD0026,,,19,,,,,,,,,,1,3,Dépendance,,0,,,,,,2.342649,48.8423
2022-1681698,2022-09-21,000001,Vente,951000,64,,RUE GAY-LUSSAC,3998,75005,75105,Paris 5e Arrondissement,75,,,75105000BD0026,,,16,,17,,,,,,,,2,3,Dépendance,,0,,,,,,2.342649,48.8423
2022-1681707,2022-07-26,000001,Vente,178000,32,,RUE DES CARMES,1554,75005,75105,Paris 5e Arrondissement,75,,,75105000BM0021,,,6,,,,,,,,,,1,2,Appartement,19,1,,,,,,2.346958,48.848256
2022-1681720,2022-09-27,000001,Vente,755000,11,,RUE DU CARDINAL LEMOINE,1545,75005,75105,Paris 5e Arrondissement,75,,,75105000AD0023,,,18,,7,,,,,,,,2,2,Appartement,59,3,,,,,,2.354108,48.848849
2022-1681720,2022-09-27,000001,Vente,755000,11,,RUE DU CARDINAL LEMOINE,1545,75005,75105,Paris 5e Arrondissement,75,,,75105000AD0023,,,18,,7,,,,,,,,2,3,Dépendance,,0,,,,,,2.354108,48.848849
2022-1681725,2022-09-28,000001,Vente,498000,240,,RUE SAINT JACQUES,8648,75005,75105,Paris 5e Arrondissement,75,,,75105000BH0030,,,53,35.66,,,,,,,,,1,2,Appartement,38,2,,,,,,2.341505,48.844281
2022-1681734,2022-09-23,000001,Vente,2550000,59,,BD SAINT MICHEL,8705,75005,75105,Paris 5e Arrondissement,75,,,75105000BJ0004,,,31,,9,149.09,,,,,,,2,2,Appartement,148,5,,,,,,2.341484,48.847711
2022-1681740,2022-10-06,000001,Vente,860000,19,,RUE DU SOMMERARD,3053,75005,75105,Paris 5e Arrondissement,75,,,75105000BO0074,,,55,,,,,,,,,,1,3,Dépendance,,0,,,,,,2.34581,48.849968
2022-1681740,2022-10-06,000001,Vente,860000,19,,RUE DU SOMMERARD,3053,75005,75105,Paris 5e Arrondissement,75,,,75105000BO0074,,,60,71.17,,,,,,,,,1,3,Dépendance,,0,,,,,,2.34581,48.849968
2022-1681740,2022-10-06,000001,Vente,860000,19,,RUE DU SOMMERARD,3053,75005,75105,Paris 5e Arrondissement,75,,,75105000BO0074,,,60,71.17,,,,,,,,,1,2,Appartement,79,4,,,,,,2.34581,48.849968
2022-1681766,2022-09-09,000001,Vente,412500,47,,RUE DESCARTES,2724,75005,75105,Paris 5e Arrondissement,75,,,75105000AJ0012,,,38,31.98,,,,,,,,,1,2,Appartement,33,2,,,,,,2.349467,48.845423
2022-1681794,2022-09-15,000001,Vente,155000,22,,RUE DE LA MONTGN STE GENEVIEVE,6448,75005,75105,Paris 5e Arrondissement,75,,,75105000BL0016,,,4,10.44,,,,,,,,,1,2,Appartement,11,1,,,,,,2.348327,48.848408
2022-1681796,2022-09-16,000001,Vente,1150000,96,,RUE MONGE,6432,75005,75105,Paris 5e Arrondissement,75,,,75105000AL0068,,,24,57.48,,,,,,,,,1,4,Local industriel. commercial ou assimilé,192,0,,,,,,2.351495,48.840765
2022-1681796,2022-09-16,000001,Vente,1150000,96,,RUE MONGE,6432,75005,75105,Paris 5e Arrondissement,75,,,75105000AL0068,,,23,50.82,,,,,,,,,1,2,Appartement,26,2,,,,,,2.351495,48.840765
2022-1681837,2022-09-14,000001,Vente,235000,13,,RUE DES FOSSES ST MARCEL,3751,75005,75105,Paris 5e Arrondissement,75,,,75105000AR0083,,,8,,,,,,,,,,1,2,Appartement,20,1,,,,,,2.356329,48.838856
2022-1681840,2022-09-30,000001,Vente,941090,15,,RUE LAPLACE,5340,75005,75105,Paris 5e Arrondissement,75,,,75105000BL0063,,,13,,14,,,,,,,,2,4,Local industriel. commercial ou assimilé,127,0,,,,,,2.347081,48.847297
2022-1681861,2022-09-19,000001,Vente,400000,49,,RUE LACEPEDE,5220,75005,75105,Paris 5e Arrondissement,75,,,75105000AK0011,,,31,41.68,,,,,,,,,1,3,Dépendance,,0,,,,,,2.349999,48.844082
2022-1681861,2022-09-19,000001,Vente,400000,49,,RUE LACEPEDE,5220,75005,75105,Paris 5e Arrondissement,75,,,75105000AK0011,,,31,41.68,,,,,,,,,1,2,Appartement,40,2,,,,,,2.349999,48.844082
2022-1681865,2022-09-23,000001,Vente,428000,15,,RUE DES LYONNAIS,5868,75005,75105,Paris 5e Arrondissement,75,,,75105000AW0091,,,1,44.2,2,44.2,,,,,,,2,2,Appartement,40,2,,,,,,2.346121,48.838419
2022-1681887,2022-09-07,000001,Vente,335000,43,,RUE DESCARTES,2724,75005,75105,Paris 5e Arrondissement,75,,,75105000AJ0011,,,17,,,,,,,,,,1,2,Appartement,40,2,,,,,,2.349268,48.845345
2022-1681909,2022-10-03,000001,Vente,252435,15,B,RUE DU POT DE FER,7752,75005,75105,Paris 5e Arrondissement,75,,,75105000AY0031,,,14,17.59,32,,,,,,,,2,2,Appartement,22,1,,,,,,2.347924,48.842661
2022-1681932,2022-10-04,000001,Vente,250000,3,,RUE BLAINVILLE,1001,75005,75105,Paris 5e Arrondissement,75,,,75105000AZ0039,,,11,,9,14.7,,,,,,,2,2,Appartement,20,1,,,,,,2.349053,48.844417
2022-1681934,2022-09-15,000001,Vente,18000,45,,RUE HENRI BARBUSSE,4535,75005,75105,Paris 5e Arrondissement,75,,,75105000BF0036,,,30,,,,,,,,,,1,3,Dépendance,,0,,,,,,2.338369,48.839868
2022-1681964,2022-09-12,000001,Vente,539000,78,,RUE MOUFFETARD,6581,75005,75105,Paris 5e Arrondissement,75,,,75105000AY0053,,,8,,,,,,,,,,1,2,Appartement,35,1,,,,,,2.349565,48.84238
2022-1681964,2022-09-12,000001,Vente,539000,78,,RUE MOUFFETARD,6581,75005,75105,Paris 5e Arrondissement,75,,,75105000AY0053,,,8,,,,,,,,,,1,3,Dépendance,,0,,,,,,2.349565,48.84238
2022-1681971,2022-09-26,000001,Vente,55000,7,,RUE BLAINVILLE,1001,75005,75105,Paris 5e Arrondissement,75,,,75105000AZ0037,,,222,,,,,,,,,,1,3,Dépendance,,0,,,,,,2.348697,48.844149
2022-1681992,2022-09-12,000001,Vente,385000,10,,RUE DES BOULANGERS,1156,75005,75105,Paris 5e Arrondissement,75,,,75105000AH0046,,,21,33.3,,,,,,,,,1,2,Appartement,36,1,,,,,,2.353699,48.845867
2022-1682000,2022-09-28,000001,Vente,34000,10,,RUE ROYER-COLLARD,8421,75005,75105,Paris 5e Arrondissement,75,,,75105000BI0037,,,100,,,,,,,,,,1,3,Dépendance,,0,,,,,,2.342114,48.845922
2022-1682009,2022-09-20,000001,Vente,345000,10,,RUE DE LANNEAU,5325,75005,75105,Paris 5e Arrondissement,75,,,75105000BM0029,,,2,,5,,7,,,,,,3,4,Local industriel. commercial ou assimilé,4,0,,,,,,2.346601,48.848456
2022-1682009,2022-09-20,000001,Vente,345000,10,,RUE DE LANNEAU,5325,75005,75105,Paris 5e Arrondissement,75,,,75105000BM0029,,,2,,5,,7,,,,,,3,2,Appartement,21,2,,,,,,2.346601,48.848456
2022-1682030,2022-09-20,000001,Vente,1587200,,,RUE DE L ESTRAPADE,3377,75005,75105,Paris 5e Arrondissement,75,,,75105000BI0082,,,19,,20,,43,,44,,,,4,2,Appartement,93,4,,,,,,2.345281,48.84498
2022-1682042,2022-09-30,000001,Vente,1000000,4,,RUE LACEPEDE,5220,75005,75105,Paris 5e Arrondissement,75,,,75105000AG0008,,,213,,214,,,,,,,,2,2,Appartement,69,3,,,,,,2.354444,48.843893
2022-1682075,2022-09-15,000001,Vente,374622,3,,RUE NICOLAS HOUEL,6761,75005,75105,Paris 5e Arrondissement,75,,,75105000AQ0033,,,33,,9,33.85,,,,,,,2,2,Appartement,36,2,,,,,,2.362185,48.842014
2022-1682075,2022-09-15,000001,Vente,374622,3,,RUE NICOLAS HOUEL,6761,75005,75105,Paris 5e Arrondissement,75,,,75105000AQ0033,,,33,,9,33.85,,,,,,,2,3,Dépendance,,0,,,,,,2.362185,48.842014
2022-1682111,2022-09-16,000001,Vente,510250,1,,RUE VESALE,9719,75005,75105,Paris 5e Arrondissement,75,,,75105000AS0017,,,23,,42,,,,,,,,2,2,Appartement,38,2,,,,,,2.353613,48.838191
2022-1682111,2022-09-16,000001,Vente,510250,1,,RUE VESALE,9719,75005,75105,Paris 5e Arrondissement,75,,,75105000AS0017,,,23,,42,,,,,,,,2,3,Dépendance,,0,,,,,,2.353613,48.838191
2022-1682112,2022-09-16,000001,Vente,292305,6,,RUE SCIPION,8884,75005,75105,Paris 5e Arrondissement,75,,,75105000AS0040,,,492,,,,,,,,,,1,2,Appartement,22,1,,,,,,2.354114,48.838378
2022-1682121,2022-10-06,000001,Vente,340000,17,,AV DES GOBELINS,4209,75005,75105,Paris 5e Arrondissement,75,,,75105000AV0023,,,28,32.14,42,,,,,,,,2,2,Appartement,38,2,,,,,,2.351824,48.837571
2022-1682121,2022-10-06,000001,Vente,340000,17,,AV DES GOBELINS,4209,75005,75105,Paris 5e Arrondissement,75,,,75105000AV0023,,,28,32.14,42,,,,,,,,2,3,Dépendance,,0,,,,,,2.351824,48.837571
2022-1682199,2022-10-12,000001,Vente,790000,4,,RUE LAPLACE,5340,75005,75105,Paris 5e Arrondissement,75,,,75105000BL0051,,,35,50.14,,,,,,,,,1,2,Appartement,45,2,,,,,,2.34799,48.847303
2022-1682201,2022-09-21,000001,Vente,549884,24,B,RUE TOURNEFORT,9376,75005,75105,Paris 5e Arrondissement,75,,,75105000AY0030,,,42,,,,,,,,,,1,2,Appartement,45,2,,,,,,2.347855,48.842494
2022-1682209,2022-10-03,000001,Vente,598300,21,,RUE BERTHOLLET,0916,75005,75105,Paris 5e Arrondissement,75,,,75105000AW0093,,,14,44.66,,,,,,,,,1,3,Dépendance,,0,,,,,,2.345872,48.838614
2022-1682209,2022-10-03,000001,Vente,598300,21,,RUE BERTHOLLET,0916,75005,75105,Paris 5e Arrondissement,75,,,75105000AW0093,,,14,44.66,,,,,,,,,1,2,Appartement,31,3,,,,,,2.345872,48.838614
2022-1682212,2022-10-11,000001,Vente,35000,9,,RUE LAROMIGUIERE,5360,75005,75105,Paris 5e Arrondissement,75,,,75105000AZ0027,,,111,,,,,,,,,,1,3,Dépendance,,0,,,,,,2.347325,48.843748
2022-1682224,2022-09-30,000001,Vente,445000,5,,RUE DES FOSSES ST JACQUES,3749,75005,75105,Paris 5e Arrondissement,75,,,75105000BJ0040,,,3,37.01,,,,,,,,,1,2,Appartement,40,2,,,,,,2.343694,48.84603
2022-1682232,2022-09-30,000001,Vente,355000,11,,RUE DU SOMMERARD,3053,75005,75105,Paris 5e Arrondissement,75,,,75105000BO0067,,,1,55.95,,,,,,,,,1,4,Local industriel. commercial ou assimilé,56,0,,,,,,2.346623,48.849783
2022-1682241,2022-09-22,000001,Vente,50000,18,,RUE DES FOSSES ST JACQUES,3749,75005,75105,Paris 5e Arrondissement,75,,,75105000BI0069,,,98,,99,,,,,,,,2,2,Appartement,62,2,,,,,,2.344043,48.845197
2022-1682250,2022-09-15,000001,Vente,260950,10,,RUE DES TROIS PORTES,9464,75005,75105,Paris 5e Arrondissement,75,,,75105000BQ0077,,,113,14.67,,,,,,,,,1,2,Appartement,18,1,,,,,,2.348716,48.851293
2022-1682262,2022-09-28,000001,Vente,1330000,39,,RUE DE L ARBALETE,0405,75005,75105,Paris 5e Arrondissement,75,,,75105000AW0037,,,10,,34,,,,,,,,2,2,Appartement,94,4,,,,,,2.347145,48.839106
2022-1682262,2022-09-28,000001,Vente,1330000,39,,RUE DE L ARBALETE,0405,75005,75105,Paris 5e Arrondissement,75,,,75105000AW0037,,,10,,34,,,,,,,,2,3,Dépendance,,0,,,,,,2.347145,48.839106
2022-1682271,2022-09-30,000001,Vente,471500,11,,RUE DES FOSSES ST MARCEL,3751,75005,75105,Paris 5e Arrondissement,75,,,75105000AR0084,,,9,39.05,,,,,,,,,1,3,Dépendance,,0,,,,,,2.356277,48.838939
2022-1682271,2022-09-30,000001,Vente,471500,11,,RUE DES FOSSES ST MARCEL,3751,75005,75105,Paris 5e Arrondissement,75,,,75105000AR0084,,,9,39.05,,,,,,,,,1,2,Appartement,35,2,,,,,,2.356277,48.838939
2022-1682288,2022-09-22,000001,Vente,605000,93,,RUE MONGE,6432,75005,75105,Paris 5e Arrondissement,75,,,75105000AL0111,,,51,49.19,,,,,,,,,1,2,Appartement,51,2,,,,,,2.352439,48.841463
2022-1682288,2022-09-22,000001,Vente,605000,93,,RUE MONGE,6432,75005,75105,Paris 5e Arrondissement,75,,,75105000AL0111,,,78,,,,,,,,,,1,3,Dépendance,,0,,,,,,2.352439,48.841463
2022-1682296,2022-09-30,000001,Vente,370000,68,,BD DE PORT-ROYAL,7740,75005,75105,Paris 5e Arrondissement,75,,,75105000AW0002,,,30,,8,28.6,,,,,,,2,2,Appartement,29,2,,,,,,2.345087,48.838019
2022-1682296,2022-09-30,000001,Vente,370000,68,,BD DE PORT-ROYAL,7740,75005,75105,Paris 5e Arrondissement,75,,,75105000AW0002,,,30,,8,28.6,,,,,,,2,3,Dépendance,,0,,,,,,2.345087,48.838019
2022-1682306,2022-10-06,000001,Vente,81818,72,,RUE GAY-LUSSAC,3998,75005,75105,Paris 5e Arrondissement,75,,,75105000BD0034,,,23,8.75,25,,,,,,,,2,3,Dépendance,,0,,,,,,2.342965,48.841767
2022-1682307,2022-09-21,000001,Vente,410000,12,,RUE DES URSULINES,9533,75005,75105,Paris 5e Arrondissement,75,,,75105000BD0008,,,14,39.75,,,,,,,,,1,2,Appartement,39,2,,,,,,2.341887,48.84277
2022-1682346,2022-10-14,000001,Vente,429000,21,,RUE JUSSIEU,5130,75005,75105,Paris 5e Arrondissement,75,,,75105000AH0015,,,28,,8,38.76,,,,,,,2,3,Dépendance,,0,,,,,,2.354177,48.84647
2022-1682346,2022-10-14,000001,Vente,429000,21,,RUE JUSSIEU,5130,75005,75105,Paris 5e Arrondissement,75,,,75105000AH0015,,,28,,8,38.76,,,,,,,2,2,Appartement,33,3,,,,,,2.354177,48.84647
2022-1682349,2022-09-22,000001,Vente,590000,14,,RUE DES LYONNAIS,5868,75005,75105,Paris 5e Arrondissement,75,,,75105000AW0026,,,47,40.13,75,,,,,,,,2,2,Appartement,42,2,,,,,,2.347069,48.838438
2022-1682349,2022-09-22,000001,Vente,590000,14,,RUE DES LYONNAIS,5868,75005,75105,Paris 5e Arrondissement,75,,,75105000AW0026,,,47,40.13,75,,,,,,,,2,3,Dépendance,,0,,,,,,2.347069,48.838438
2022-1682390,2022-09-30,000001,Vente,265100,7,,RUE ROYER-COLLARD,8421,75005,75105,Paris 5e Arrondissement,75,,,75105000BH0054,,,81,20.04,,,,,,,,,1,2,Appartement,16,1,,,,,,2.341927,48.845384
2022-1682402,2022-09-29,000001,Vente,976190,38,,RUE DU CARDINAL LEMOINE,1545,75005,75105,Paris 5e Arrondissement,75,,,75105000AI0036,,,13,,50,61.32,63,,64,,65,,9,3,Dépendance,,0,,,,,,2.351962,48.847192
2022-1682402,2022-09-29,000001,Vente,976190,38,,RUE DU CARDINAL LEMOINE,1545,75005,75105,Paris 5e Arrondissement,75,,,75105000AI0036,,,13,,50,61.32,63,,64,,65,,9,3,Dépendance,,0,,,,,,2.351962,48.847192
2022-1682402,2022-09-29,000001,Vente,976190,38,,RUE DU CARDINAL LEMOINE,1545,75005,75105,Paris 5e Arrondissement,75,,,75105000AI0036,,,13,,50,61.32,63,,64,,65,,9,2,Appartement,95,9,,,,,,2.351962,48.847192
2022-1682406,2022-09-28,000001,Echange,80000,14,,RUE DE QUATREFAGES,7911,75005,75105,Paris 5e Arrondissement,75,,,75105000AK0104,,,43,7.45,,,,,,,,,1,3,Dépendance,,0,,,,,,2.35459,48.843295
2022-1682407,2022-09-28,000002,Echange,85000,14,,RUE DE QUATREFAGES,7911,75005,75105,Paris 5e Arrondissement,75,,,75105000AK0104,,,42,8.6,,,,,,,,,1,3,Dépendance,,0,,,,,,2.35459,48.843295
2022-1682424,2022-09-29,000001,Vente,1311000,34,,BD DE L HOPITAL,4649,75005,75105,Paris 5e Arrondissement,75,,,75105000AQ0041,,,117,,272,,,,,,,,2,2,Appartement,90,4,,,,,,2.361722,48.840699
2022-1682424,2022-09-29,000001,Vente,1311000,34,,BD DE L HOPITAL,4649,75005,75105,Paris 5e Arrondissement,75,,,75105000AQ0041,,,117,,272,,,,,,,,2,3,Dépendance,,0,,,,,,2.361722,48.840699
2022-1682424,2022-09-29,000001,Vente,1311000,34,,BD DE L HOPITAL,4649,75005,75105,Paris 5e Arrondissement,75,,,75105000AQ0041,,,117,,272,,,,,,,,2,3,Dépendance,,0,,,,,,2.361722,48.840699
2022-1682424,2022-09-29,000001,Vente,1311000,34,,BD DE L HOPITAL,4649,75005,75105,Paris 5e Arrondissement,75,,,75105000AQ0041,,,148,,,,,,,,,,1,3,Dépendance,,0,,,,,,2.361722,48.840699
2022-1682465,2022-09-29,000001,Vente,1150000,25,B,RUE POLIVEAU,7576,75005,75105,Paris 5e Arrondissement,75,,,75105000AR0140,,,116,66.12,144,,,,,,,,2,2,Appartement,68,3,,,,,,2.35922,48.839881
2022-1682465,2022-09-29,000001,Vente,1150000,25,B,RUE POLIVEAU,7576,75005,75105,Paris 5e Arrondissement,75,,,75105000AR0140,,,116,66.12,144,,,,,,,,2,3,Dépendance,,0,,,,,,2.35922,48.839881
2022-1682469,2022-09-21,000001,Vente,495000,16,,RUE DES FOSSES ST BERNARD,3747,75005,75105,Paris 5e Arrondissement,75,,,75105000AD0028,,,34,36.52,,,,,,,,,1,2,Appartement,35,2,,,,,,2.354753,48.848666
2022-1682469,2022-09-21,000001,Vente,495000,16,,RUE DES FOSSES ST BERNARD,3747,75005,75105,Paris 5e Arrondissement,75,,,75105000AD0028,,,34,36.52,,,,,,,,,1,3,Dépendance,,0,,,,,,2.354753,48.848666
2022-1682473,2022-09-28,000001,Vente,725000,6,,BD SAINT GERMAIN,8619,75005,75105,Paris 5e Arrondissement,75,,,75105000AD0005,,,14,51.69,21,,,,,,,,2,3,Dépendance,,0,,,,,,2.355266,48.849625
2022-1682473,2022-09-28,000001,Vente,725000,6,,BD SAINT GERMAIN,8619,75005,75105,Paris 5e Arrondissement,75,,,75105000AD0005,,,14,51.69,21,,,,,,,,2,2,Appartement,49,2,,,,,,2.355266,48.849625
2022-1682475,2022-10-17,000001,Vente,75000,7,,RUE DE L ARBALETE,0405,75005,75105,Paris 5e Arrondissement,75,,,75105000AX0060,,,81,,,,,,,,,,1,2,Appartement,21,2,,,,,,2.349384,48.840269
2022-1682475,2022-10-17,000001,Vente,75000,7,,RUE DE L ARBALETE,0405,75005,75105,Paris 5e Arrondissement,75,,,75105000AX0060,,,72,9.24,,,,,,,,,1,4,Local industriel. commercial ou assimilé,10,0,,,,,,2.349384,48.840269
2022-1682484,2022-09-09,000001,Vente,420000,74,,BD SAINT GERMAIN,8619,75005,75105,Paris 5e Arrondissement,75,,,75105000BQ0126,,,16,,,,,,,,,,1,2,Appartement,34,2,,,,,,2.346911,48.850709
2022-1682484,2022-09-09,000001,Vente,420000,74,,BD SAINT GERMAIN,8619,75005,75105,Paris 5e Arrondissement,75,,,75105000BQ0126,,,27,,,,,,,,,,1,3,Dépendance,,0,,,,,,2.346911,48.850709
2022-1682496,2022-10-12,000001,Vente,1121350,31,,RUE CENSIER,1642,75005,75105,Paris 5e Arrondissement,75,,,75105000AU0078,,,36,,367,73.1,,,,,,,2,2,Appartement,72,2,,,,,,2.35264,48.839924
2022-1682496,2022-10-12,000001,Vente,1121350,31,,RUE CENSIER,1642,75005,75105,Paris 5e Arrondissement,75,,,75105000AU0078,,,304,,,,,,,,,,1,3,Dépendance,,0,,,,,,2.35264,48.839924
2022-1682496,2022-10-12,000001,Vente,1121350,31,,RUE CENSIER,1642,75005,75105,Paris 5e Arrondissement,75,,,75105000AU0078,,,36,,367,73.1,,,,,,,2,3,Dépendance,,0,,,,,,2.35264,48.839924
2022-1682496,2022-10-12,000001,Vente,1121350,31,,RUE CENSIER,1642,75005,75105,Paris 5e Arrondissement,75,,,75105000AU0078,,,36,,367,73.1,,,,,,,2,3,Dépendance,,0,,,,,,2.35264,48.839924
2022-1682504,2022-10-10,000001,Vente,295000,9,B,RUE DE VALENCE,9546,75005,75105,Paris 5e Arrondissement,75,,,75105000AV0053,,,1,20.52,,,,,,,,,1,2,Appartement,20,1,,,,,,2.349713,48.837577
2022-1682511,2022-10-04,000001,Vente,467000,10,,RUE DES TROIS PORTES,9464,75005,75105,Paris 5e Arrondissement,75,,,75105000BQ0077,,,114,42.38,,,,,,,,,1,2,Appartement,43,2,,,,,,2.348716,48.851293
2022-1682523,2022-09-28,000001,Vente,2032500,62,,RUE CLAUDE BERNARD,2069,75005,75105,Paris 5e Arrondissement,75,,,75105000AX0021,,,20,142.97,22,,,,,,,,2,2,Appartement,142,5,,,,,,2.347018,48.840136
2022-1682523,2022-09-28,000001,Vente,2032500,62,,RUE CLAUDE BERNARD,2069,75005,75105,Paris 5e Arrondissement,75,,,75105000AX0021,,,20,142.97,22,,,,,,,,2,3,Dépendance,,0,,,,,,2.347018,48.840136
2022-1682523,2022-09-28,000001,Vente,2032500,62,,RUE CLAUDE BERNARD,2069,75005,75105,Paris 5e Arrondissement,75,,,75105000AX0021,,,20,142.97,22,,,,,,,,2,3,Dépendance,,0,,,,,,2.347018,48.840136
2022-1682538,2022-10-05,000001,Vente,161905,2,,RUE PASCAL,7076,75005,75105,Paris 5e Arrondissement,75,,,75105000AX0079,,,120,12.61,,,,,,,,,1,2,Appartement,12,1,,,,,,2.349722,48.839054
2022-1682567,2022-10-11,000001,Vente,167000,13,,RUE DU PETIT PONT,7344,75005,75105,Paris 5e Arrondissement,75,,,75105000BQ0032,,,7,10.63,9,,,,,,,,2,2,Appartement,14,1,,,,,,2.346625,48.85238
2022-1682587,2022-10-04,000001,Vente,240000,7,,RUE DE L ARBALETE,0405,75005,75105,Paris 5e Arrondissement,75,,,75105000AX0060,,,3,21.52,,,,,,,,,1,3,Dépendance,,0,,,,,,2.349384,48.840269
2022-1682587,2022-10-04,000001,Vente,240000,7,,RUE DE L ARBALETE,0405,75005,75105,Paris 5e Arrondissement,75,,,75105000AX0060,,,3,21.52,,,,,,,,,1,2,Appartement,25,1,,,,,,2.349384,48.840269
2022-1682612,2022-09-30,000001,Vente,384454.66,52,A,RUE MOUFFETARD,6581,75005,75105,Paris 5e Arrondissement,75,,,75105000AZ0089,,,111,90,,,,,,,,,1,3,Dépendance,,0,,,,,,2.348875,48.84328
2022-1682612,2022-09-30,000001,Vente,384454.66,52,A,RUE MOUFFETARD,6581,75005,75105,Paris 5e Arrondissement,75,,,75105000AZ0089,,,111,90,,,,,,,,,1,2,Appartement,82,2,,,,,,2.348875,48.84328
2022-1682616,2022-10-11,000001,Vente,1095000,10,,RUE BERTHOLLET,0916,75005,75105,Paris 5e Arrondissement,75,,,75105000AW0016,,,10,,5,83.2,,,,,,,2,2,Appartement,87,4,,,,,,2.3457,48.839557
2022-1682701,2022-10-11,000001,Vente,1190060,36,,RUE PIERRE NICOLE,7467,75005,75105,Paris 5e Arrondissement,75,,,75105000BF0091,,,31,,8,77.63,,,,,,,2,3,Dépendance,,0,,,,,,2.338682,48.840137
2022-1682701,2022-10-11,000001,Vente,1190060,36,,RUE PIERRE NICOLE,7467,75005,75105,Paris 5e Arrondissement,75,,,75105000BF0091,,,31,,8,77.63,,,,,,,2,2,Appartement,94,3,,,,,,2.338682,48.840137
2022-1682701,2022-10-11,000001,Vente,1190060,36,,RUE PIERRE NICOLE,7467,75005,75105,Paris 5e Arrondissement,75,,,75105000BF0091,,,31,,8,77.63,,,,,,,2,3,Dépendance,,0,,,,,,2.338682,48.840137
2022-1682704,2022-10-18,000001,Vente,1754750,6,,RUE FLATTERS,3665,75005,75105,Paris 5e Arrondissement,75,,,75105000AW0085,,,127,,128,109.76,129,109.76,159,,160,,6,2,Appartement,115,4,,,,,,2.346806,48.837923
2022-1682704,2022-10-18,000001,Vente,1754750,6,,RUE FLATTERS,3665,75005,75105,Paris 5e Arrondissement,75,,,75105000AW0085,,,127,,128,109.76,129,109.76,159,,160,,6,3,Dépendance,,0,,,,,,2.346806,48.837923
2022-1682727,2022-09-22,000001,Vente,1824000,12,B,AV DES GOBELINS,4209,75005,75105,Paris 5e Arrondissement,75,,,75105000AV0054,,,123,,126,,137,131.8,,,,,3,3,Dépendance,,0,,,,,,2.350221,48.837514
2022-1682727,2022-09-22,000001,Vente,1824000,12,B,AV DES GOBELINS,4209,75005,75105,Paris 5e Arrondissement,75,,,75105000AV0054,,,123,,126,,137,131.8,,,,,3,3,Dépendance,,0,,,,,,2.350221,48.837514
2022-1682727,2022-09-22,000001,Vente,1824000,12,B,AV DES GOBELINS,4209,75005,75105,Paris 5e Arrondissement,75,,,75105000AV0054,,,123,,126,,137,131.8,,,,,3,3,Dépendance,,0,,,,,,2.350221,48.837514
2022-1682727,2022-09-22,000001,Vente,1824000,12,B,AV DES GOBELINS,4209,75005,75105,Paris 5e Arrondissement,75,,,75105000AV0054,,,123,,126,,137,131.8,,,,,3,2,Appartement,134,4,,,,,,2.350221,48.837514
2022-1682730,2022-10-11,000001,Vente,13000,14,,RUE LARREY,5362,75005,75105,Paris 5e Arrondissement,75,,,75105000AK0089,,,41,,,,,,,,,,1,3,Dépendance,,0,,,,,,2.353797,48.842693
2022-1682744,2022-09-20,000001,Vente,385000,10,,RUE DESCARTES,2724,75005,75105,Paris 5e Arrondissement,75,,,75105000BL0079,,,7,23.13,,,,,,,,,1,2,Appartement,31,1,,,,,,2.348648,48.847073
2022-1682763,2022-09-19,000001,Vente,120000,2,,RUE MONGE,6432,75005,75105,Paris 5e Arrondissement,75,,,75105000AC0098,,,25,7.02,,,,,,,,,1,3,Dépendance,,0,,,,,,2.349098,48.849492
2022-1682837,2022-10-20,000001,Vente,1283100,55,,BD SAINT MICHEL,8705,75005,75105,Paris 5e Arrondissement,75,,,75105000BJ0002,,,13,70.02,30,,40,,,,,,3,2,Appartement,68,3,,,,,,2.341613,48.847952
2022-1682837,2022-10-20,000001,Vente,1283100,55,,BD SAINT MICHEL,8705,75005,75105,Paris 5e Arrondissement,75,,,75105000BJ0002,,,13,70.02,30,,40,,,,,,3,3,Dépendance,,0,,,,,,2.341613,48.847952
2022-1682840,2022-09-22,000001,Vente,325000,25,,RUE MONGE,6432,75005,75105,Paris 5e Arrondissement,75,,,75105000AI0021,,,20,23.03,,,,,,,,,1,2,Appartement,25,1,,,,,,2.351284,48.847346
2022-1682847,2022-10-14,000001,Vente,160000,5,,RUE DU SOMMERARD,3053,75005,75105,Paris 5e Arrondissement,75,,,75105000BO0053,,,20,11.65,21,,,,,,,,2,2,Appartement,14,1,,,,,,2.34727,48.849649
2022-1682848,2022-10-14,000001,Vente,150000,17,,RUE DE LA HUCHETTE,4678,75005,75105,Paris 5e Arrondissement,75,,,75105000BP0055,,,47,,48,,,,,,,,2,2,Appartement,11,1,,,,,,2.345669,48.852837
2022-1682867,2022-10-14,000001,Vente,442100,9,,RUE FLATTERS,3665,75005,75105,Paris 5e Arrondissement,75,,,75105000AW0109,,,32,,37,29.75,,,,,,,2,2,Appartement,30,1,,,,,,2.34604,48.837967
2022-1682867,2022-10-14,000001,Vente,442100,9,,RUE FLATTERS,3665,75005,75105,Paris 5e Arrondissement,75,,,75105000AW0109,,,32,,37,29.75,,,,,,,2,3,Dépendance,,0,,,,,,2.34604,48.837967
2022-1682879,2022-09-30,000001,Vente,723955,7,,RUE DES FOSSES ST MARCEL,3751,75005,75105,Paris 5e Arrondissement,75,,,75105000AR0085,,,18,,,,,,,,,,1,2,Appartement,25,2,,,,,,2.356416,48.839158
2022-1682879,2022-09-30,000001,Vente,723955,7,,RUE DES FOSSES ST MARCEL,3751,75005,75105,Paris 5e Arrondissement,75,,,75105000AR0085,,,12,57.71,,,,,,,,,1,2,Appartement,29,2,,,,,,2.356416,48.839158
2022-1682879,2022-09-30,000001,Vente,723955,7,,RUE DES FOSSES ST MARCEL,3751,75005,75105,Paris 5e Arrondissement,75,,,75105000AR0085,,,18,,,,,,,,,,1,3,Dépendance,,0,,,,,,2.356416,48.839158
2022-1682879,2022-09-30,000001,Vente,723955,7,,RUE DES FOSSES ST MARCEL,3751,75005,75105,Paris 5e Arrondissement,75,,,75105000AR0085,,,12,57.71,,,,,,,,,1,3,Dépendance,,0,,,,,,2.356416,48.839158
2022-1682882,2022-10-13,000001,Vente,335000,14,,RUE LARREY,5362,75005,75105,Paris 5e Arrondissement,75,,,75105000AK0089,,,35,,41,,,,,,,,2,3,Dépendance,,0,,,,,,2.353797,48.842693
2022-1682882,2022-10-13,000001,Vente,335000,14,,RUE LARREY,5362,75005,75105,Paris 5e Arrondissement,75,,,75105000AK0089,,,36,,,,,,,,,,1,3,Dépendance,,0,,,,,,2.353797,48.842693
2022-1682882,2022-10-13,000001,Vente,335000,14,,RUE LARREY,5362,75005,75105,Paris 5e Arrondissement,75,,,75105000AK0089,,,37,,,,,,,,,,1,3,Dépendance,,0,,,,,,2.353797,48.842693
2022-1682895,2022-10-19,000001,Vente,628571,112,,RUE MOUFFETARD,6581,75005,75105,Paris 5e Arrondissement,75,,,75105000AY0075,,,39,,45,39.24,,,,,,,2,2,Appartement,47,2,,,,,,2.349491,48.84063
2022-1682895,2022-10-19,000001,Vente,628571,112,,RUE MOUFFETARD,6581,75005,75105,Paris 5e Arrondissement,75,,,75105000AY0075,,,39,,45,39.24,,,,,,,2,3,Dépendance,,0,,,,,,2.349491,48.84063
2022-1682925,2022-10-14,000001,Vente,3122000,29,,RUE JEAN DE BEAUVAIS,4877,75005,75105,Paris 5e Arrondissement,75,,,75105000BM0053,,,36,,55,152.08,60,,69,,70,,5,3,Dépendance,,0,,,,,,2.346464,48.848619
2022-1682925,2022-10-14,000001,Vente,3122000,29,,RUE JEAN DE BEAUVAIS,4877,75005,75105,Paris 5e Arrondissement,75,,,75105000BM0053,,,35,,,,,,,,,,1,3,Dépendance,,0,,,,,,2.346464,48.848619
2022-1682925,2022-10-14,000001,Vente,3122000,29,,RUE JEAN DE BEAUVAIS,4877,75005,75105,Paris 5e Arrondissement,75,,,75105000BM0053,,,35,,,,,,,,,,1,3,Dépendance,,0,,,,,,2.346464,48.848619
2022-1682925,2022-10-14,000001,Vente,3122000,29,,RUE JEAN DE BEAUVAIS,4877,75005,75105,Paris 5e Arrondissement,75,,,75105000BM0053,,,35,,,,,,,,,,1,2,Appartement,67,2,,,,,,2.346464,48.848619
2022-1682925,2022-10-14,000001,Vente,3122000,29,,RUE JEAN DE BEAUVAIS,4877,75005,75105,Paris 5e Arrondissement,75,,,75105000BM0053,,,36,,55,152.08,60,,69,,70,,5,2,Appartement,160,9,,,,,,2.346464,48.848619
2022-1682925,2022-10-14,000001,Vente,3122000,29,,RUE JEAN DE BEAUVAIS,4877,75005,75105,Paris 5e Arrondissement,75,,,75105000BM0053,,,36,,55,152.08,60,,69,,70,,5,3,Dépendance,,0,,,,,,2.346464,48.848619
2022-1682938,2022-10-07,000001,Vente,205000,21,,RUE ROLLIN,8329,75005,75105,Paris 5e Arrondissement,75,,,75105000AJ0143,,,11,12.72,,,,,,,,,1,3,Dépendance,,0,,,,,,2.349996,48.844627
2022-1682945,2022-09-30,000001,Vente,311500,12,,RUE MONGE,6432,75005,75105,Paris 5e Arrondissement,75,,,75105000AC0090,,,140,,43,24.5,,,,,,,2,2,Appartement,26,2,,,,,,2.349227,48.84893
2022-1682945,2022-09-30,000001,Vente,311500,12,,RUE MONGE,6432,75005,75105,Paris 5e Arrondissement,75,,,75105000AC0090,,,140,,43,24.5,,,,,,,2,3,Dépendance,,0,,,,,,2.349227,48.84893
2022-1682982,2022-10-17,000001,Vente,11700,27,,RUE LACEPEDE,5220,75005,75105,Paris 5e Arrondissement,75,,,75105000AK0032,,,19,,,,,,,,,,1,2,Appartement,26,2,,,,,,2.351755,48.843753
2022-1683003,2022-10-05,000001,Vente,210000,43,,RUE LINNE,5696,75005,75105,Paris 5e Arrondissement,75,,,75105000AH0017,,,24,,,,,,,,,,1,2,Appartement,14,1,,,,,,2.354238,48.846167
2022-1683011,2022-10-24,000001,Vente,16000,4,,RUE DE LA COLLEGIALE,2187,75005,75105,Paris 5e Arrondissement,75,,,75105000AS0029,,,31,,,,,,,,,,1,3,Dépendance,,0,,,,,,2.352761,48.837504
2022-1683031,2022-10-21,000001,Vente,416100,15,,RUE GRACIEUSE,4259,75005,75105,Paris 5e Arrondissement,75,,,75105000AL0004,,,20,,21,,,,,,,,2,2,Appartement,28,2,,,,,,2.350629,48.842467
2022-1683055,2022-10-07,000001,Vente,350000,18,,RUE DE LA BUCHERIE,1357,75005,75105,Paris 5e Arrondissement,75,,,75105000BQ0067,,,65,21.55,,,,,,,,,1,2,Appartement,28,1,,,,,,2.348521,48.852046
2022-1683060,2022-10-20,000001,Vente,2179000,45,,RUE CLAUDE BERNARD,2069,75005,75105,Paris 5e Arrondissement,75,,,75105000BE0025,,,22,,5,144.83,,,,,,,2,3,Dépendance,,0,,,,,,2.345735,48.840185
2022-1683060,2022-10-20,000001,Vente,2179000,45,,RUE CLAUDE BERNARD,2069,75005,75105,Paris 5e Arrondissement,75,,,75105000BE0025,,,22,,5,144.83,,,,,,,2,2,Appartement,140,6,,,,,,2.345735,48.840185
2022-1683085,2022-10-21,000001,Vente,690000,35,,RUE DE L ARBALETE,0405,75005,75105,Paris 5e Arrondissement,75,,,75105000AW0038,,,62,56.73,,,,,,,,,1,2,Appartement,61,3,,,,,,2.34733,48.839226
2022-1683085,2022-10-21,000001,Vente,690000,35,,RUE DE L ARBALETE,0405,75005,75105,Paris 5e Arrondissement,75,,,75105000AW0038,,,62,56.73,,,,,,,,,1,3,Dépendance,,0,,,,,,2.34733,48.839226
2022-1683133,2022-09-27,000001,Vente,270000,16,,RUE DES FOSSES ST BERNARD,3747,75005,75105,Paris 5e Arrondissement,75,,,75105000AD0028,,,10,14.46,,,,,,,,,1,2,Appartement,14,1,,,,,,2.354753,48.848666
2022-1683156,2022-10-24,000001,Vente,1640000,4,,PL MONGE,6431,75005,75105,Paris 5e Arrondissement,75,,,75105000AK0029,,,115,,5,122.15,,,,,,,2,2,Appartement,116,5,,,,,,2.35176,48.843366
2022-1683174,2022-10-05,000001,Vente,23880,93,,RUE MONGE,6432,75005,75105,Paris 5e Arrondissement,75,,,75105000AL0111,,,207,,,,,,,,,,1,3,Dépendance,,0,,,,,,2.352439,48.841463
2022-1683187,2022-09-30,000001,Vente,609000,73,,RUE MONGE,6432,75005,75105,Paris 5e Arrondissement,75,,,75105000AK0076,,,5,46.56,,,,,,,,,1,2,Appartement,44,3,,,,,,2.352501,48.843505
2022-1683187,2022-09-30,000001,Vente,609000,73,,RUE MONGE,6432,75005,75105,Paris 5e Arrondissement,75,,,75105000AK0076,,,5,46.56,,,,,,,,,1,3,Dépendance,,0,,,,,,2.352501,48.843505
2022-1683230,2022-09-30,000001,Vente,1127030,23,,RUE PIERRE NICOLE,7467,75005,75105,Paris 5e Arrondissement,75,,,75105000BF0056,,,10,,3,72.38,,,,,,,2,3,Dépendance,,0,,,,,,2.339765,48.840718
2022-1683230,2022-09-30,000001,Vente,1127030,23,,RUE PIERRE NICOLE,7467,75005,75105,Paris 5e Arrondissement,75,,,75105000BF0056,,,10,,3,72.38,,,,,,,2,2,Appartement,69,3,,,,,,2.339765,48.840718
2022-1683234,2022-10-06,000001,Vente,75200,64,,RUE GAY-LUSSAC,3998,75005,75105,Paris 5e Arrondissement,75,,,75105000BD0026,,,62,4.75,63,13.97,,,,,,,2,2,Appartement,16,1,,,,,,2.342649,48.8423
2022-1683246,2022-10-14,000001,Vente,1350000,21,,RUE VALETTE,9556,75005,75105,Paris 5e Arrondissement,75,,,75105000BL0109,,,156,103.31,,,,,,,,,1,2,Appartement,53,3,,,,,,2.346853,48.847055
2022-1683246,2022-10-14,000001,Vente,1350000,21,,RUE VALETTE,9556,75005,75105,Paris 5e Arrondissement,75,,,75105000BL0109,,,157,,,,,,,,,,1,2,Appartement,26,1,,,,,,2.346853,48.847055
2022-1683246,2022-10-14,000001,Vente,1350000,21,,RUE VALETTE,9556,75005,75105,Paris 5e Arrondissement,75,,,75105000BL0109,,,116,,,,,,,,,,1,3,Dépendance,,0,,,,,,2.346853,48.847055
2022-1683255,2022-10-11,000001,Vente,390000,8,,RUE DU PUITS DE L ERMITE,7887,75005,75105,Paris 5e Arrondissement,75,,,75105000AK0055,,,25,,,,,,,,,,1,2,Appartement,14,0,,,,,,2.352894,48.842374
2022-1683255,2022-10-11,000001,Vente,390000,42,,RUE DE LA CLEF,2094,75005,75105,Paris 5e Arrondissement,75,,,75105000AK0055,,,36,,46,,,,,,,,2,3,Dépendance,,0,,,,,,2.352894,48.842374
2022-1683255,2022-10-11,000001,Vente,390000,8,,RUE DU PUITS DE L ERMITE,7887,75005,75105,Paris 5e Arrondissement,75,,,75105000AK0055,,,46,,,,,,,,,,1,2,Appartement,35,1,,,,,,2.352894,48.842374
2022-1683255,2022-10-11,000001,Vente,390000,8,,RUE DU PUITS DE L ERMITE,7887,75005,75105,Paris 5e Arrondissement,75,,,75105000AK0055,,,24,30.7,,,,,,,,,1,3,Dépendance,,0,,,,,,2.352894,48.842374
2022-1683263,2022-10-25,000001,Vente,115000,39,,RUE DE L ARBALETE,0405,75005,75105,Paris 5e Arrondissement,75,,,75105000AW0037,,,24,10.45,,,,,,,,,1,3,Dépendance,,0,,,,,,2.347145,48.839106
2022-1683275,2022-09-28,000001,Vente,252000,5,B,RUE BUFFON,1371,75005,75105,Paris 5e Arrondissement,75,,,75105000AQ0023,,,225,23.9,,,,,,,,,1,2,Appartement,25,1,,,,,,2.36314,48.842696
2022-1683307,2022-10-06,000001,Vente,9300,29,,RUE JUSSIEU,5130,75005,75105,Paris 5e Arrondissement,75,,,75105000AH0045,,,68,,,,,,,,,,1,3,Dépendance,,0,,,,,,2.353588,48.846605
2022-1683317,2022-10-12,000001,Vente,145590,15,,RUE GAY-LUSSAC,3998,75005,75105,Paris 5e Arrondissement,75,,,75105000BH0050,,,1,,60,,61,,78,,,,4,4,Local industriel. commercial ou assimilé,17,0,,,,,,2.341669,48.845664
2022-1683356,2022-10-24,000001,Vente,424529,3,,RUE NICOLAS HOUEL,6761,75005,75105,Paris 5e Arrondissement,75,,,75105000AQ0033,,,18,45.68,54,,,,,,,,2,2,Appartement,48,2,,,,,,2.362185,48.842014
2022-1683356,2022-10-24,000001,Vente,424529,3,,RUE NICOLAS HOUEL,6761,75005,75105,Paris 5e Arrondissement,75,,,75105000AQ0033,,,18,45.68,54,,,,,,,,2,3,Dépendance,,0,,,,,,2.362185,48.842014
2022-1683370,2022-10-07,000001,Vente,163700,5,,RUE DE LA COLLEGIALE,2187,75005,75105,Paris 5e Arrondissement,75,,,75105000AV0026,,,78,12.31,,,,,,,,,1,2,Appartement,11,1,,,,,,2.352178,48.837408
2022-1683372,2022-10-14,000001,Vente,494000,3,,RUE DE L ESSAI,3368,75005,75105,Paris 5e Arrondissement,75,,,75105000AR0060,,,109,,119,,,,,,,,2,2,Appartement,40,2,,,,,,2.358148,48.839291
2022-1683379,2022-10-11,000001,Vente,230000,2,,RUE TOURNEFORT,9376,75005,75105,Paris 5e Arrondissement,75,,,75105000AZ0034,,,4,,,,,,,,,,1,2,Appartement,17,1,,,,,,2.347964,48.844321
2022-1683385,2022-10-17,000001,Vente,181000,35,,RUE CLAUDE BERNARD,2069,75005,75105,Paris 5e Arrondissement,75,,,75105000AW0039,,,1,15.3,16,,,,,,,,2,4,Local industriel. commercial ou assimilé,13,0,,,,,,2.347251,48.839558
2022-1683412,2022-10-03,000001,Vente,525900,8,,RUE LAPLACE,5340,75005,75105,Paris 5e Arrondissement,75,,,75105000BL0053,,,13,31.8,22,,,,,,,,2,2,Appartement,39,1,,,,,,2.347814,48.847373
2022-1683412,2022-10-03,000001,Vente,525900,8,,RUE LAPLACE,5340,75005,75105,Paris 5e Arrondissement,75,,,75105000BL0053,,,13,31.8,22,,,,,,,,2,3,Dépendance,,0,,,,,,2.347814,48.847373
2022-1683415,2022-09-30,000001,Vente,15058634,1,,RUE FREDERIC SAUTON,3848,75005,75105,Paris 5e Arrondissement,75,,,75105000AB0008,,,32,,,,,,,,,,1,4,Local industriel. commercial ou assimilé,57,0,,,,,,2.3494,48.851278
2022-1683415,2022-09-30,000001,Vente,15058634,17,,RUE LINNE,5696,75005,75105,Paris 5e Arrondissement,75,,,75105000AG0020,,,1,,25,,,,,,,,2,4,Local industriel. commercial ou assimilé,403,0,,,,,,2.354287,48.844841
2022-1683415,2022-09-30,000001,Vente,15058634,21,,RUE MONGE,6432,75005,75105,Paris 5e Arrondissement,75,,,75105000AI0019,,,1,,,,,,,,,,1,2,Appartement,25,2,,,,,,2.351232,48.847576
2022-1683415,2022-09-30,000001,Vente,15058634,21,,RUE MONGE,6432,75005,75105,Paris 5e Arrondissement,75,,,75105000AI0019,,,1,,,,,,,,,,1,4,Local industriel. commercial ou assimilé,125,0,,,,,,2.351232,48.847576
2022-1683415,2022-09-30,000001,Vente,15058634,3,,RUE D ARRAS,0467,75005,75105,Paris 5e Arrondissement,75,,,75105000AI0035,,,28,,,,,,,,,,1,4,Local industriel. commercial ou assimilé,31,0,,,,,,2.351972,48.847335
2022-1683415,2022-09-30,000001,Vente,15058634,3,,RUE D ARRAS,0467,75005,75105,Paris 5e Arrondissement,75,,,75105000AI0035,,,1,,,,,,,,,,1,4,Local industriel. commercial ou assimilé,51,0,,,,,,2.351972,48.847335
2022-1683415,2022-09-30,000001,Vente,15058634,66,,RUE DU CARDINAL LEMOINE,1545,75005,75105,Paris 5e Arrondissement,75,,,75105000AJ0016,,,15,,,,,,,,,,1,4,Local industriel. commercial ou assimilé,67,0,,,,,,2.349815,48.845491
2022-1683415,2022-09-30,000001,Vente,15058634,37,,RUE MONGE,6432,75005,75105,Paris 5e Arrondissement,75,,,75105000AJ0067,,,1,,,,,,,,,,1,4,Local industriel. commercial ou assimilé,86,0,,,,,,2.352238,48.845845
2022-1683415,2022-09-30,000001,Vente,15058634,65,,RUE MONGE,6432,75005,75105,Paris 5e Arrondissement,75,,,75105000AJ0116,,,18,,3,,,,,,,,2,4,Local industriel. commercial ou assimilé,89,0,,,,,,2.352672,48.844036
2022-1683415,2022-09-30,000001,Vente,15058634,49,,RUE LACEPEDE,5220,75005,75105,Paris 5e Arrondissement,75,,,75105000AK0011,,,2,,,,,,,,,,1,4,Local industriel. commercial ou assimilé,64,0,,,,,,2.349999,48.844082
2022-1683415,2022-09-30,000001,Vente,15058634,49,,RUE LACEPEDE,5220,75005,75105,Paris 5e Arrondissement,75,,,75105000AK0011,,,1,,,,,,,,,,1,4,Local industriel. commercial ou assimilé,69,0,,,,,,2.349999,48.844082
2022-1683415,2022-09-30,000001,Vente,15058634,43,,RUE DAUBENTON,2580,75005,75105,Paris 5e Arrondissement,75,,,75105000AU0010,,,1,,,,,,,,,,1,4,Local industriel. commercial ou assimilé,130,0,,,,,,2.350291,48.840016
2022-1683415,2022-09-30,000001,Vente,15058634,27,,RUE GAY-LUSSAC,3998,75005,75105,Paris 5e Arrondissement,75,,,75105000BH0066,,,32,,33,,,,,,,,2,4,Local industriel. commercial ou assimilé,48,0,,,,,,2.342036,48.844792
2022-1683415,2022-09-30,000001,Vente,15058634,5,,RUE DES FOSSES ST JACQUES,3749,75005,75105,Paris 5e Arrondissement,75,,,75105000BJ0040,,,2,,,,,,,,,,1,4,Local industriel. commercial ou assimilé,67,0,,,,,,2.343694,48.84603
2022-1683415,2022-09-30,000001,Vente,15058634,19,,RUE DES FOSSES ST JACQUES,3749,75005,75105,Paris 5e Arrondissement,75,,,75105000BK0035,,,16,,,,,,,,,,1,4,Local industriel. commercial ou assimilé,91,0,,,,,,2.345046,48.84552
2022-1683415,2022-09-30,000001,Vente,15058634,13,,RUE DE L ECOLE POLYTECHNIQUE,3095,75005,75105,Paris 5e Arrondissement,75,,,75105000BL0043,,,3,,,,,,,,,,1,4,Local industriel. commercial ou assimilé,40,0,,,,,,2.347481,48.84772
2022-1683415,2022-09-30,000001,Vente,15058634,6,,RUE LAPLACE,5340,75005,75105,Paris 5e Arrondissement,75,,,75105000BL0052,,,1,,10,,12,,2,,,,4,4,Local industriel. commercial ou assimilé,85,0,,,,,,2.347881,48.847321
2022-1683415,2022-09-30,000001,Vente,15058634,5,,RUE DU SOMMERARD,3053,75005,75105,Paris 5e Arrondissement,75,,,75105000BO0053,,,1,,,,,,,,,,1,4,Local industriel. commercial ou assimilé,37,0,,,,,,2.34727,48.849649
2022-1683415,2022-09-30,000001,Vente,15058634,27,,QUAI SAINT MICHEL,8710,75005,75105,Paris 5e Arrondissement,75,,,75105000BP0005,,,1,,16,,17,,18,,2,,5,4,Local industriel. commercial ou assimilé,224,0,,,,,,2.344902,48.853392
2022-1683415,2022-09-30,000001,Vente,15058634,4,,RUE DANTE,2549,75005,75105,Paris 5e Arrondissement,75,,,75105000BQ0009,,,3,,,,,,,,,,1,4,Local industriel. commercial ou assimilé,70,0,,,,,,2.3467,48.851482
2022-1683415,2022-09-30,000001,Vente,15058634,4,,RUE DANTE,2549,75005,75105,Paris 5e Arrondissement,75,,,75105000BQ0009,,,2,,,,,,,,,,1,4,Local industriel. commercial ou assimilé,46,0,,,,,,2.3467,48.851482
2022-1683415,2022-09-30,000001,Vente,15058634,2,B,RUE DES ANGLAIS,0346,75005,75105,Paris 5e Arrondissement,75,,,75105000BQ0103,,,2,,32,,,,,,,,2,4,Local industriel. commercial ou assimilé,30,0,,,,,,2.347757,48.850982
2022-1683421,2022-10-24,000001,Vente,139000,27,,BD SAINT MICHEL,8705,75005,75105,Paris 5e Arrondissement,75,,,75105000BN0001,,,24,10.15,,,,,,,,,1,3,Dépendance,,0,,,,,,2.342834,48.850023
2022-1683421,2022-10-24,000001,Vente,139000,27,,BD SAINT MICHEL,8705,75005,75105,Paris 5e Arrondissement,75,,,75105000BN0001,,,28,,,,,,,,,,1,3,Dépendance,,0,,,,,,2.342834,48.850023
2022-1683427,2022-09-29,000001,Vente,38038576,5,,PL SAINT MICHEL,8708,75005,75105,Paris 5e Arrondissement,75,,,75105000BP0167,,,,,,,,,,,,,0,4,Local industriel. commercial ou assimilé,,,S,sols,,,256,2.344399,48.853162
2022-1683427,2022-09-29,000001,Vente,38038576,5,,PL SAINT MICHEL,8708,75005,75105,Paris 5e Arrondissement,75,,,75105000BP0167,,,,,,,,,,,,,0,4,Local industriel. commercial ou assimilé,1539,0,S,sols,,,256,2.344399,48.853162
2022-1683427,2022-09-29,000001,Vente,38038576,5,,PL SAINT MICHEL,8708,75005,75105,Paris 5e Arrondissement,75,,,75105000BP0167,,,,,,,,,,,,,0,4,Local industriel. commercial ou assimilé,,,S,sols,,,256,2.344399,48.853162
2022-1683445,2022-10-03,000001,Vente,690000,1,B,RUE DE QUATREFAGES,7911,75005,75105,Paris 5e Arrondissement,75,,,75105000AK0093,,,139,,,,,,,,,,1,2,Appartement,57,2,,,,,,2.354072,48.842697
2022-1683445,2022-10-03,000001,Vente,690000,1,B,RUE DE QUATREFAGES,7911,75005,75105,Paris 5e Arrondissement,75,,,75105000AK0093,,,139,,,,,,,,,,1,3,Dépendance,,0,,,,,,2.354072,48.842697
2022-1683458,2022-10-25,000001,Vente,3580000,2,B,RUE DE BIEVRE,0964,75005,75105,Paris 5e Arrondissement,75,,,75105000AB0054,,,,,,,,,,,,,0,1,Maison,182,7,S,sols,,,85,2.350576,48.85107
2022-1683468,2022-10-21,000001,Vente,865000,11,,RUE GRACIEUSE,4259,75005,75105,Paris 5e Arrondissement,75,,,75105000AL0005,,,1024,68.27,1213,,,,,,,,2,2,Appartement,67,2,,,,,,2.35072,48.842286
2022-1683468,2022-10-21,000001,Vente,865000,11,,RUE GRACIEUSE,4259,75005,75105,Paris 5e Arrondissement,75,,,75105000AL0005,,,1024,68.27,1213,,,,,,,,2,3,Dépendance,,0,,,,,,2.35072,48.842286
2022-1683468,2022-10-21,000001,Vente,865000,11,,RUE GRACIEUSE,4259,75005,75105,Paris 5e Arrondissement,75,,,75105000AL0005,,,1024,68.27,1213,,,,,,,,2,3,Dépendance,,0,,,,,,2.35072,48.842286
2022-1683480,2022-10-21,000001,Vente,485010,1,,RUE NICOLAS HOUEL,6761,75005,75105,Paris 5e Arrondissement,75,,,75105000AQ0062,,,31,40.48,,,,,,,,,1,3,Dépendance,,0,,,,,,2.362675,48.841878
2022-1683480,2022-10-21,000001,Vente,485010,1,,RUE NICOLAS HOUEL,6761,75005,75105,Paris 5e Arrondissement,75,,,75105000AQ0062,,,31,40.48,,,,,,,,,1,2,Appartement,40,1,,,,,,2.362675,48.841878
2022-1683482,2022-10-10,000001,Vente,275000,6,,RUE LOUIS THUILLIER,5811,75005,75105,Paris 5e Arrondissement,75,,,75105000BC0023,,,104,,132,18.6,,,,,,,2,2,Appartement,18,1,,,,,,2.343822,48.842654
2022-1683482,2022-10-10,000001,Vente,275000,6,,RUE LOUIS THUILLIER,5811,75005,75105,Paris 5e Arrondissement,75,,,75105000BC0023,,,104,,132,18.6,,,,,,,2,3,Dépendance,,0,,,,,,2.343822,48.842654
2022-1683538,2022-10-21,000001,Vente,3100000,29,,QUAI SAINT MICHEL,8710,75005,75105,Paris 5e Arrondissement,75,,,75105000BP0001,,,34,150.09,69,,,,,,,,2,3,Dépendance,,0,,,,,,2.34472,48.853481
2022-1683538,2022-10-21,000001,Vente,3100000,29,,QUAI SAINT MICHEL,8710,75005,75105,Paris 5e Arrondissement,75,,,75105000BP0001,,,34,150.09,69,,,,,,,,2,2,Appartement,147,5,,,,,,2.34472,48.853481
2022-1683554,2022-10-24,000001,Vente,500230,10,,BD SAINT GERMAIN,8619,75005,75105,Paris 5e Arrondissement,75,,,75105000AD0002,,,45,35.02,47,,,,,,,,2,2,Appartement,21,2,,,,,,2.354871,48.849634
2022-1683566,2022-11-02,000001,Vente,424000,1,B,RUE DE QUATREFAGES,7911,75005,75105,Paris 5e Arrondissement,75,,,75105000AK0093,,,105,,146,35.2,,,,,,,2,2,Appartement,40,2,,,,,,2.354072,48.842697
2022-1683606,2022-10-25,000001,Vente,166500,39,,RUE DES ECOLES,3098,75005,75105,Paris 5e Arrondissement,75,,,75105000BM0035,,,20,10.89,,,,,,,,,1,3,Dépendance,,0,,,,,,2.347206,48.848809
2022-1683619,2022-10-12,000001,Vente,100000,12,,RUE LAGRANGE,5268,75005,75105,Paris 5e Arrondissement,75,,,75105000BQ0101,,,30,,,,,,,,,,1,3,Dépendance,,0,,,,,,2.347958,48.85076
2022-1683652,2022-10-20,000001,Vente,860000,66,,RUE MONGE,6432,75005,75105,Paris 5e Arrondissement,75,,,75105000AK0034,,,4,71.09,,,,,,,,,1,3,Dépendance,,0,,,,,,2.352008,48.843721
2022-1683652,2022-10-20,000001,Vente,860000,66,,RUE MONGE,6432,75005,75105,Paris 5e Arrondissement,75,,,75105000AK0034,,,4,71.09,,,,,,,,,1,2,Appartement,71,3,,,,,,2.352008,48.843721
2022-1683674,2022-10-11,000001,Vente,285000,68,,BD SAINT GERMAIN,8619,75005,75105,Paris 5e Arrondissement,75,,,75105000BQ0097,,,15,,16,,17,,,,,,3,2,Appartement,16,1,,,,,,2.347629,48.850534
2022-1683681,2022-10-25,000001,Vente,500000,6,,RUE COCHIN,2169,75005,75105,Paris 5e Arrondissement,75,,,75105000AB0130,,,24,,,,,,,,,,1,2,Appartement,60,1,,,,,,2.352783,48.850202
2022-1683681,2022-10-25,000001,Vente,500000,6,,RUE COCHIN,2169,75005,75105,Paris 5e Arrondissement,75,,,75105000AB0130,,,24,,,,,,,,,,1,3,Dépendance,,0,,,,,,2.352783,48.850202
2022-1683681,2022-10-25,000001,Vente,500000,6,,RUE COCHIN,2169,75005,75105,Paris 5e Arrondissement,75,,,75105000AB0130,,,22,,,,,,,,,,1,4,Local industriel. commercial ou assimilé,115,0,,,,,,2.352783,48.850202
2022-1683687,2022-10-18,000001,Vente,150000,17,,RUE MONGE,6432,75005,75105,Paris 5e Arrondissement,75,,,75105000AI0014,,,22,,8,71.39,,,,,,,2,3,Dépendance,,0,,,,,,2.350967,48.847792
2022-1683687,2022-10-18,000001,Vente,150000,17,,RUE MONGE,6432,75005,75105,Paris 5e Arrondissement,75,,,75105000AI0014,,,22,,8,71.39,,,,,,,2,2,Appartement,67,4,,,,,,2.350967,48.847792
2022-1683702,2022-10-21,000001,Vente,1050000,3,,RUE DE LA CLEF,2094,75005,75105,Paris 5e Arrondissement,75,,,75105000AU0040,,,247,,248,,470,99.01,509,,,,4,3,Dépendance,,0,,,,,,2.353506,48.839199
2022-1683702,2022-10-21,000001,Vente,1050000,3,,RUE DE LA CLEF,2094,75005,75105,Paris 5e Arrondissement,75,,,75105000AU0040,,,247,,248,,470,99.01,509,,,,4,3,Dépendance,,0,,,,,,2.353506,48.839199
2022-1683702,2022-10-21,000001,Vente,1050000,3,,RUE DE LA CLEF,2094,75005,75105,Paris 5e Arrondissement,75,,,75105000AU0040,,,471,,,,,,,,,,1,2,Appartement,18,1,,,,,,2.353506,48.839199
2022-1683702,2022-10-21,000001,Vente,1050000,3,,RUE DE LA CLEF,2094,75005,75105,Paris 5e Arrondissement,75,,,75105000AU0040,,,247,,248,,470,99.01,509,,,,4,2,Appartement,95,3,,,,,,2.353506,48.839199
2022-1683706,2022-11-02,000001,Vente,2040000,59,,RUE CLAUDE BERNARD,2069,75005,75105,Paris 5e Arrondissement,75,,,75105000BE0018,,,34,,5,115.47,,,,,,,2,2,Appartement,110,4,,,,,,2.344629,48.840369
2022-1683706,2022-11-02,000001,Vente,2040000,59,,RUE CLAUDE BERNARD,2069,75005,75105,Paris 5e Arrondissement,75,,,75105000BE0018,,,34,,5,115.47,,,,,,,2,3,Dépendance,,0,,,,,,2.344629,48.840369
2022-1683732,2022-10-19,000001,Vente,1070000,18,,RUE GAY-LUSSAC,3998,75005,75105,Paris 5e Arrondissement,75,,,75105000BH0041,,,6,88.05,,,,,,,,,1,3,Dépendance,,0,,,,,,2.341222,48.845302
2022-1683732,2022-10-19,000001,Vente,1070000,18,,RUE GAY-LUSSAC,3998,75005,75105,Paris 5e Arrondissement,75,,,75105000BH0041,,,6,88.05,,,,,,,,,1,2,Appartement,80,4,,,,,,2.341222,48.845302
2022-1683732,2022-10-19,000001,Vente,1070000,18,,RUE GAY-LUSSAC,3998,75005,75105,Paris 5e Arrondissement,75,,,75105000BH0041,,,12,,,,,,,,,,1,3,Dépendance,,0,,,,,,2.341222,48.845302
2022-1683779,2022-10-18,000001,Vente,467600,2,,RUE DE VALENCE,9546,75005,75105,Paris 5e Arrondissement,75,,,75105000AV0079,,,5,34.42,,,,,,,,,1,2,Appartement,90,4,,,,,,2.35021,48.838334
2022-1683779,2022-10-18,000001,Vente,467600,2,,RUE DE VALENCE,9546,75005,75105,Paris 5e Arrondissement,75,,,75105000AV0079,,,5,34.42,,,,,,,,,1,3,Dépendance,,0,,,,,,2.35021,48.838334
2022-1683790,2022-10-28,000001,Vente,637285,6,,RUE DU VAL DE GRACE,9544,75005,75105,Paris 5e Arrondissement,75,,,75105000BG0068,,,17,,4,46.81,,,,,,,2,2,Appartement,35,2,,,,,,2.340649,48.841157
2022-1683790,2022-10-28,000001,Vente,637285,6,,RUE DU VAL DE GRACE,9544,75005,75105,Paris 5e Arrondissement,75,,,75105000BG0068,,,17,,4,46.81,,,,,,,2,3,Dépendance,,0,,,,,,2.340649,48.841157
2022-1683793,2022-10-18,000001,Vente,200000,243,,RUE SAINT JACQUES,8648,75005,75105,Paris 5e Arrondissement,75,,,75105000BD0006,,,21,18.47,22,,,,,,,,2,2,Appartement,17,1,,,,,,2.341775,48.842862
2022-1683804,2022-10-26,000001,Vente,700000,49,,RUE CLAUDE BERNARD,2069,75005,75105,Paris 5e Arrondissement,75,,,75105000BE0023,,,4,55.89,,,,,,,,,1,3,Dépendance,,0,,,,,,2.3453,48.840093
2022-1683804,2022-10-26,000001,Vente,700000,49,,RUE CLAUDE BERNARD,2069,75005,75105,Paris 5e Arrondissement,75,,,75105000BE0023,,,4,55.89,,,,,,,,,1,2,Appartement,61,3,,,,,,2.3453,48.840093
2022-1683815,2022-10-19,000001,Vente,246700,13,,RUE ROLLIN,8329,75005,75105,Paris 5e Arrondissement,75,,,75105000AJ0135,,,124,,,,,,,,,,1,2,Appartement,20,2,,,,,,2.351009,48.84447
2022-1683827,2022-10-27,000001,Vente,195000,25,,RUE DES ECOLES,3098,75005,75105,Paris 5e Arrondissement,75,,,75105000AI0001,,,14,13.84,15,,,,,,,,2,2,Appartement,15,1,,,,,,2.348689,48.848393
2022-1683838,2022-10-17,000001,Vente,99500,7,,RUE DANTE,2549,75005,75105,Paris 5e Arrondissement,75,,,75105000BQ0116,,,125,10.4,,,,,,,,,1,3,Dépendance,,0,,,,,,2.346605,48.851082
2022-1683856,2022-10-25,000001,Vente,518000,3,,CITE DU CARDINAL LEMOINE,1543,75005,75105,Paris 5e Arrondissement,75,,,75105000AC0051,,,107,,9,42.05,,,,,,,2,2,Appartement,41,2,,,,,,2.35315,48.84855
2022-1683856,2022-10-25,000001,Vente,518000,3,,CITE DU CARDINAL LEMOINE,1543,75005,75105,Paris 5e Arrondissement,75,,,75105000AC0051,,,107,,9,42.05,,,,,,,2,3,Dépendance,,0,,,,,,2.35315,48.84855
2022-1683886,2022-10-21,000001,Vente,170000,2,,RUE MONGE,6432,75005,75105,Paris 5e Arrondissement,75,,,75105000AC0098,,,30,9.64,,,,,,,,,1,2,Appartement,11,1,,,,,,2.349098,48.849492
2022-1683952,2022-10-28,000001,Vente,402350,13,,RUE DES LYONNAIS,5868,75005,75105,Paris 5e Arrondissement,75,,,75105000AW0090,,,15,35.95,27,,,,,,,,2,3,Dépendance,,0,,,,,,2.346218,48.838361
2022-1683952,2022-10-28,000001,Vente,402350,13,,RUE DES LYONNAIS,5868,75005,75105,Paris 5e Arrondissement,75,,,75105000AW0090,,,15,35.95,27,,,,,,,,2,2,Appartement,37,2,,,,,,2.346218,48.838361
2022-1683955,2022-11-04,000001,Vente,350000,43,,RUE LINNE,5696,75005,75105,Paris 5e Arrondissement,75,,,75105000AH0017,,,16,,27,,31,,45,,53,,5,4,Local industriel. commercial ou assimilé,85,0,,,,,,2.354238,48.846167
2022-1683967,2022-10-04,000001,Vente,524000,2,,SQ VERMENOUZE,9687,75005,75105,Paris 5e Arrondissement,75,,,75105000AY0103,,,3,84.76,,,,,,,,,1,4,Local industriel. commercial ou assimilé,90,0,,,,,,2.349308,48.840942
2022-1683995,2022-10-28,000001,Vente,175000,6,,BD DE L HOPITAL,4649,75005,75105,Paris 5e Arrondissement,75,,,75105000AQ0022,,,31,12.87,,,,,,,,,1,2,Appartement,15,1,,,,,,2.363384,48.842811
2022-1684014,2022-11-04,000001,Vente,540000,7,,RUE DE PONTOISE,7621,75005,75105,Paris 5e Arrondissement,75,,,75105000AB0134,,,116,,120,,123,,124,50.91,,,4,3,Dépendance,,0,,,,,,2.352354,48.849963
2022-1684014,2022-11-04,000001,Vente,540000,7,,RUE DE PONTOISE,7621,75005,75105,Paris 5e Arrondissement,75,,,75105000AB0134,,,116,,120,,123,,124,50.91,,,4,3,Dépendance,,0,,,,,,2.352354,48.849963
2022-1684014,2022-11-04,000001,Vente,540000,7,,RUE DE PONTOISE,7621,75005,75105,Paris 5e Arrondissement,75,,,75105000AB0134,,,116,,120,,123,,124,50.91,,,4,2,Appartement,59,2,,,,,,2.352354,48.849963
2022-1684023,2022-11-03,000001,Vente,360750,19,,QUAI SAINT MICHEL,8710,75005,75105,Paris 5e Arrondissement,75,,,75105000BP0010,,,22,,69,27.62,,,,,,,2,2,Appartement,27,2,,,,,,2.34531,48.853239
2022-1684023,2022-11-03,000001,Vente,360750,19,,QUAI SAINT MICHEL,8710,75005,75105,Paris 5e Arrondissement,75,,,75105000BP0010,,,22,,69,27.62,,,,,,,2,3,Dépendance,,0,,,,,,2.34531,48.853239
2022-1684031,2022-10-11,000001,Vente,177000,24,B,RUE TOURNEFORT,9376,75005,75105,Paris 5e Arrondissement,75,,,75105000AY0030,,,22,15,,,,,,,,,1,2,Appartement,17,1,,,,,,2.347855,48.842494
2022-1684035,2022-10-19,000001,Vente,400000,32,,BD DE L HOPITAL,4649,75005,75105,Paris 5e Arrondissement,75,,,75105000AQ0039,,,39,35.4,,,,,,,,,1,2,Appartement,38,2,,,,,,2.361776,48.84103
2022-1684035,2022-10-19,000001,Vente,400000,32,,BD DE L HOPITAL,4649,75005,75105,Paris 5e Arrondissement,75,,,75105000AQ0039,,,39,35.4,,,,,,,,,1,3,Dépendance,,0,,,,,,2.361776,48.84103
2022-1684063,2022-10-20,000001,Vente,110000,38,,RUE DES BOULANGERS,1156,75005,75105,Paris 5e Arrondissement,75,,,75105000AH0033,,,52,11.61,,,,,,,,,1,2,Appartement,12,1,,,,,,2.352361,48.846413
2022-1684066,2022-11-07,000001,Vente,34500,295,,RUE SAINT JACQUES,8648,75005,75105,Paris 5e Arrondissement,75,,,75105000BE0041,,,347,,,,,,,,,,1,3,Dépendance,,0,,,,,,2.340678,48.839452
2022-1684131,2022-10-14,000001,Vente,1115000,5,,RUE DES ARENES,0429,75005,75105,Paris 5e Arrondissement,75,,,75105000AG0002,,,14,,4,75.22,,,,,,,2,3,Dépendance,,0,,,,,,2.35396,48.844901
2022-1684131,2022-10-14,000001,Vente,1115000,5,,RUE DES ARENES,0429,75005,75105,Paris 5e Arrondissement,75,,,75105000AG0002,,,14,,4,75.22,,,,,,,2,2,Appartement,70,2,,,,,,2.35396,48.844901
2022-1684152,2022-10-26,000001,Vente,457500,17,,RUE DU VAL DE GRACE,9544,75005,75105,Paris 5e Arrondissement,75,,,75105000BF0018,,,15,36.96,28,,34,36.96,,,,,3,2,Appartement,36,1,,,,,,2.338673,48.841366
2022-1684152,2022-10-26,000001,Vente,457500,17,,RUE DU VAL DE GRACE,9544,75005,75105,Paris 5e Arrondissement,75,,,75105000BF0018,,,15,36.96,28,,34,36.96,,,,,3,3,Dépendance,,0,,,,,,2.338673,48.841366
2022-1684194,2022-10-19,000001,Vente,570000,43,,RUE LACEPEDE,5220,75005,75105,Paris 5e Arrondissement,75,,,75105000AK0013,,,63,,92,51.4,,,,,,,2,2,Appartement,49,2,,,,,,2.350515,48.843971
2022-1684194,2022-10-19,000001,Vente,570000,43,,RUE LACEPEDE,5220,75005,75105,Paris 5e Arrondissement,75,,,75105000AK0013,,,63,,92,51.4,,,,,,,2,3,Dépendance,,0,,,,,,2.350515,48.843971
2022-1684202,2022-10-26,000001,Vente,686400,28,,RUE VAUQUELIN,9626,75005,75105,Paris 5e Arrondissement,75,,,75105000AY0009,,,42,,76,,,,,,,,2,3,Dépendance,,0,,,,,,2.346124,48.840731
2022-1684202,2022-10-26,000001,Vente,686400,28,,RUE VAUQUELIN,9626,75005,75105,Paris 5e Arrondissement,75,,,75105000AY0009,,,42,,76,,,,,,,,2,2,Appartement,58,3,,,,,,2.346124,48.840731
2022-1684220,2022-11-04,000001,Vente,2408000,34,,RUE DES BOULANGERS,1156,75005,75105,Paris 5e Arrondissement,75,,,75105000AH0031,,,19,101.25,,,,,,,,,1,2,Appartement,22,2,,,,,,2.35278,48.846305
2022-1684220,2022-11-04,000001,Vente,2408000,34,,RUE DES BOULANGERS,1156,75005,75105,Paris 5e Arrondissement,75,,,75105000AH0031,,,23,,,,,,,,,,1,2,Appartement,81,4,,,,,,2.35278,48.846305
2022-1684222,2022-10-19,000001,Vente,1800000,23,,RUE DES FOSSES ST JACQUES,3749,75005,75105,Paris 5e Arrondissement,75,,,75105000BK0029,,,35,117.78,51,5.64,67,,,,,,3,2,Appartement,115,4,,,,,,2.345266,48.845303
2022-1684222,2022-10-19,000001,Vente,1800000,23,,RUE DES FOSSES ST JACQUES,3749,75005,75105,Paris 5e Arrondissement,75,,,75105000BK0029,,,35,117.78,51,5.64,67,,,,,,3,3,Dépendance,,0,,,,,,2.345266,48.845303
2022-1684222,2022-10-19,000001,Vente,1800000,23,,RUE DES FOSSES ST JACQUES,3749,75005,75105,Paris 5e Arrondissement,75,,,75105000BK0029,,,35,117.78,51,5.64,67,,,,,,3,3,Dépendance,,0,,,,,,2.345266,48.845303
2022-1684230,2022-11-09,000001,Vente,122000,38,,RUE DES BOULANGERS,1156,75005,75105,Paris 5e Arrondissement,75,,,75105000AH0033,,,104,,91,,,,,,,,2,2,Appartement,12,1,,,,,,2.352361,48.846413
2022-1684245,2022-10-21,000001,Vente,360000,8,,RUE CENSIER,1642,75005,75105,Paris 5e Arrondissement,75,,,75105000AT0022,,,156,25.7,195,,,,,,,,2,2,Appartement,28,1,,,,,,2.355128,48.841169
2022-1684245,2022-10-21,000001,Vente,360000,8,,RUE CENSIER,1642,75005,75105,Paris 5e Arrondissement,75,,,75105000AT0022,,,156,25.7,195,,,,,,,,2,3,Dépendance,,0,,,,,,2.355128,48.841169
2022-1684320,2022-11-03,000001,Vente,500000,10,,RUE DU CARDINAL LEMOINE,1545,75005,75105,Paris 5e Arrondissement,75,,,75105000AC0039,,,12,46.28,27,,,,,,,,2,2,Appartement,43,3,,,,,,2.353868,48.849119
2022-1684320,2022-11-03,000001,Vente,500000,10,,RUE DU CARDINAL LEMOINE,1545,75005,75105,Paris 5e Arrondissement,75,,,75105000AC0039,,,12,46.28,27,,,,,,,,2,3,Dépendance,,0,,,,,,2.353868,48.849119
2022-1684360,2022-11-10,000001,Vente,35000,9,,RUE LAROMIGUIERE,5360,75005,75105,Paris 5e Arrondissement,75,,,75105000AZ0027,,,122,,,,,,,,,,1,3,Dépendance,,0,,,,,,2.347325,48.843748
2022-1684361,2022-10-26,000001,Vente,399750,34,,RUE GAY-LUSSAC,3998,75005,75105,Paris 5e Arrondissement,75,,,75105000BH0032,,,16,33.17,,,,,,,,,1,2,Appartement,26,2,,,,,,2.341515,48.844394
2022-1684361,2022-10-26,000001,Vente,399750,34,,RUE GAY-LUSSAC,3998,75005,75105,Paris 5e Arrondissement,75,,,75105000BH0032,,,16,33.17,,,,,,,,,1,3,Dépendance,,0,,,,,,2.341515,48.844394
2022-1684389,2022-11-09,000001,Vente,500000,29,B,RUE HENRI BARBUSSE,4535,75005,75105,Paris 5e Arrondissement,75,,,75105000BF0049,,,63,18.04,75,,,,,,,,2,2,Appartement,18,2,,,,,,2.33906,48.841142
2022-1684389,2022-11-09,000001,Vente,500000,29,B,RUE HENRI BARBUSSE,4535,75005,75105,Paris 5e Arrondissement,75,,,75105000BF0049,,,57,18.15,,,,,,,,,1,2,Appartement,18,1,,,,,,2.33906,48.841142
2022-1684391,2022-11-03,000001,Vente,455000,1,,RUE NICOLAS HOUEL,6761,75005,75105,Paris 5e Arrondissement,75,,,75105000AQ0062,,,62,,,,,,,,,,1,2,Appartement,15,1,,,,,,2.362675,48.841878
2022-1684391,2022-11-03,000001,Vente,455000,1,,RUE NICOLAS HOUEL,6761,75005,75105,Paris 5e Arrondissement,75,,,75105000AQ0062,,,64,,,,,,,,,,1,3,Dépendance,,0,,,,,,2.362675,48.841878
2022-1684391,2022-11-03,000001,Vente,455000,1,,RUE NICOLAS HOUEL,6761,75005,75105,Paris 5e Arrondissement,75,,,75105000AQ0062,,,63,44.75,,,,,,,,,1,2,Appartement,24,1,,,,,,2.362675,48.841878
2022-1684395,2022-10-26,000001,Vente,295000,36,,RUE DE LA MONTGN STE GENEVIEVE,6448,75005,75105,Paris 5e Arrondissement,75,,,75105000BL0022,,,47,23,95,,,,,,,,2,3,Dépendance,,0,,,,,,2.348193,48.848011
2022-1684395,2022-10-26,000001,Vente,295000,36,,RUE DE LA MONTGN STE GENEVIEVE,6448,75005,75105,Paris 5e Arrondissement,75,,,75105000BL0022,,,47,23,95,,,,,,,,2,2,Appartement,26,2,,,,,,2.348193,48.848011
2022-1684398,2022-10-21,000001,Vente,147500,185,,RUE SAINT JACQUES,8648,75005,75105,Paris 5e Arrondissement,75,,,75105000BI0061,,,53,12.68,,,,,,,,,1,2,Appartement,15,1,,,,,,2.342806,48.845301
2022-1684408,2022-11-07,000001,Vente,600000,13,,RUE DU CARDINAL LEMOINE,1545,75005,75105,Paris 5e Arrondissement,75,,,75105000AD0031,,,7,47.58,,,,,,,,,1,2,Appartement,50,3,,,,,,2.354108,48.848741
2022-1684408,2022-11-07,000001,Vente,600000,13,,RUE DU CARDINAL LEMOINE,1545,75005,75105,Paris 5e Arrondissement,75,,,75105000AD0031,,,7,47.58,,,,,,,,,1,3,Dépendance,,0,,,,,,2.354108,48.848741
2022-1684411,2022-10-10,000002,Vente,150000,26,,RUE DAUBENTON,2580,75005,75105,Paris 5e Arrondissement,75,,,75105000AL0091,,,130,,,,,,,,,,1,2,Appartement,26,2,,,,,,2.353248,48.841523
2022-1684430,2022-11-07,000001,Vente,275000,7,,RUE DE L ARBALETE,0405,75005,75105,Paris 5e Arrondissement,75,,,75105000AX0060,,,101,,71,21.68,,,,,,,2,2,Appartement,23,1,,,,,,2.349384,48.840269
2022-1684433,2022-10-28,000001,Vente,690000,11,,RUE GAY-LUSSAC,3998,75005,75105,Paris 5e Arrondissement,75,,,75105000BI0023,,,22,,4,116.01,,,,,,,2,4,Local industriel. commercial ou assimilé,106,0,,,,,,2.341446,48.846086
2022-1684455,2022-10-21,000001,Vente,650000,23,,RUE HENRI BARBUSSE,4535,75005,75105,Paris 5e Arrondissement,75,,,75105000BG0035,,,41,,63,,,,,,,,2,2,Appartement,72,3,,,,,,2.339532,48.84185
2022-1684455,2022-10-21,000001,Vente,650000,23,,RUE HENRI BARBUSSE,4535,75005,75105,Paris 5e Arrondissement,75,,,75105000BG0035,,,41,,63,,,,,,,,2,3,Dépendance,,0,,,,,,2.339532,48.84185
2022-1684471,2022-10-18,000001,Vente,1200000,22,B,RUE DE LA CLEF,2094,75005,75105,Paris 5e Arrondissement,75,,,75105000AT0007,,,29,,5,78.8,,,,,,,2,3,Dépendance,,0,,,,,,2.353006,48.840956
2022-1684471,2022-10-18,000001,Vente,1200000,22,B,RUE DE LA CLEF,2094,75005,75105,Paris 5e Arrondissement,75,,,75105000AT0007,,,29,,5,78.8,,,,,,,2,2,Appartement,63,3,,,,,,2.353006,48.840956
2022-1684471,2022-10-18,000001,Vente,1200000,22,B,RUE DE LA CLEF,2094,75005,75105,Paris 5e Arrondissement,75,,,75105000AT0007,,,29,,5,78.8,,,,,,,2,4,Local industriel. commercial ou assimilé,20,0,,,,,,2.353006,48.840956
2022-1684486,2022-11-08,000001,Vente,42000,4,,RUE DES LYONNAIS,5868,75005,75105,Paris 5e Arrondissement,75,,,75105000AW0027,,,97,,,,,,,,,,1,3,Dépendance,,0,,,,,,2.347235,48.838296
2022-1684594,2022-11-04,000001,Vente,284130,28,,RUE DU CARDINAL LEMOINE,1545,75005,75105,Paris 5e Arrondissement,75,,,75105000AC0059,,,1123,22.39,,,,,,,,,1,2,Appartement,21,1,,,,,,2.352695,48.848116
2022-1684614,2022-10-27,000001,Vente,350800,40,,RUE DESCARTES,2724,75005,75105,Paris 5e Arrondissement,75,,,75105000BK0004,,,13,23.47,,,,,,,,,1,2,Appartement,16,1,,,,,,2.348998,48.845679
2022-1684618,2022-11-07,000001,Vente,105000,2,,RUE DU GRIL,4334,75005,75105,Paris 5e Arrondissement,75,,,75105000AT0022,,,124,8.5,,,,,,,,,1,3,Dépendance,,0,,,,,,2.355128,48.841169
2022-1684630,2022-11-16,000001,Vente,1285000,17,,BD SAINT GERMAIN,8619,75005,75105,Paris 5e Arrondissement,75,,,75105000AC0035,,,102,104.05,122,,124,,,,,,3,3,Dépendance,,0,,,,,,2.353435,48.849144
2022-1684630,2022-11-16,000001,Vente,1285000,17,,BD SAINT GERMAIN,8619,75005,75105,Paris 5e Arrondissement,75,,,75105000AC0035,,,102,104.05,122,,124,,,,,,3,2,Appartement,106,4,,,,,,2.353435,48.849144
2022-1684632,2022-10-21,000001,Vente,290000,17,,RUE DU VAL DE GRACE,9544,75005,75105,Paris 5e Arrondissement,75,,,75105000BF0018,,,17,20.11,42,20.11,,,,,,,2,2,Appartement,27,1,,,,,,2.338673,48.841366
2022-1684656,2022-11-16,000001,Vente,552500,7,,RUE ROYER-COLLARD,8421,75005,75105,Paris 5e Arrondissement,75,,,75105000BH0054,,,16,,33,,,,,,,,2,2,Appartement,43,3,,,,,,2.341927,48.845384
2022-1684676,2022-11-10,000001,Vente,1423100,9,,RUE DE LA BUCHERIE,1357,75005,75105,Paris 5e Arrondissement,75,,,75105000BQ0079,,,49,,,,,,,,,,1,2,Appartement,125,4,,,,,,2.348742,48.851444
2022-1684768,2022-11-03,000001,Vente,400000,18,,RUE LAPLACE,5340,75005,75105,Paris 5e Arrondissement,75,,,75105000BL0058,,,14,,16,,5,35.1,,,,,3,2,Appartement,41,3,,,,,,2.347222,48.847538
2022-1684842,2022-11-14,000001,Vente,1945000,11,,RUE GAY-LUSSAC,3998,75005,75105,Paris 5e Arrondissement,75,,,75105000BI0023,,,21,,3,114.94,,,,,,,2,3,Dépendance,,0,,,,,,2.341446,48.846086
2022-1684842,2022-11-14,000001,Vente,1945000,11,,RUE GAY-LUSSAC,3998,75005,75105,Paris 5e Arrondissement,75,,,75105000BI0023,,,21,,3,114.94,,,,,,,2,2,Appartement,116,4,,,,,,2.341446,48.846086
2022-1684848,2022-11-02,000001,Vente,432000,5,,RUE LACEPEDE,5220,75005,75105,Paris 5e Arrondissement,75,,,75105000AK0098,,,1,,3,37.05,46,,,,,,3,3,Dépendance,,0,,,,,,2.353884,48.84347
2022-1684848,2022-11-02,000001,Vente,432000,5,,RUE LACEPEDE,5220,75005,75105,Paris 5e Arrondissement,75,,,75105000AK0098,,,1,,3,37.05,46,,,,,,3,2,Appartement,35,2,,,,,,2.353884,48.84347
2022-1684856,2022-11-03,000001,Vente,571700,52,,RUE MONGE,6432,75005,75105,Paris 5e Arrondissement,75,,,75105000AJ0049,,,108,42.33,122,,,,,,,,2,2,Appartement,38,3,,,,,,2.352013,48.844916
2022-1684856,2022-11-03,000001,Vente,571700,52,,RUE MONGE,6432,75005,75105,Paris 5e Arrondissement,75,,,75105000AJ0049,,,108,42.33,122,,,,,,,,2,3,Dépendance,,0,,,,,,2.352013,48.844916
2022-1684862,2022-11-07,000001,Vente,777200,5,,RUE POLIVEAU,7576,75005,75105,Paris 5e Arrondissement,75,,,75105000AR0031,,,1,,31,,,,,,,,2,3,Dépendance,,0,,,,,,2.361055,48.840111
2022-1684862,2022-11-07,000001,Vente,777200,5,,RUE POLIVEAU,7576,75005,75105,Paris 5e Arrondissement,75,,,75105000AR0031,,,69,,,,,,,,,,1,3,Dépendance,,0,,,,,,2.361055,48.840111
2022-1684862,2022-11-07,000001,Vente,777200,5,,RUE POLIVEAU,7576,75005,75105,Paris 5e Arrondissement,75,,,75105000AR0031,,,1,,31,,,,,,,,2,2,Appartement,75,3,,,,,,2.361055,48.840111
2022-1684905,2022-11-15,000001,Vente,2400000,77,,BD SAINT MICHEL,8705,75005,75105,Paris 5e Arrondissement,75,,,75105000BH0006,,,1,,10,,43,130.88,,,,,3,2,Appartement,127,6,,,,,,2.340546,48.845799
2022-1684905,2022-11-15,000001,Vente,2400000,77,,BD SAINT MICHEL,8705,75005,75105,Paris 5e Arrondissement,75,,,75105000BH0006,,,57,,,,,,,,,,1,3,Dépendance,,0,,,,,,2.340546,48.845799
2022-1684912,2022-11-02,000001,Vente,220000,285,,RUE SAINT JACQUES,8648,75005,75105,Paris 5e Arrondissement,75,,,75105000BE0004,,,6,18.46,,,,,,,,,1,3,Dépendance,,0,,,,,,2.340749,48.840163
2022-1684912,2022-11-02,000001,Vente,220000,285,,RUE SAINT JACQUES,8648,75005,75105,Paris 5e Arrondissement,75,,,75105000BE0004,,,6,18.46,,,,,,,,,1,2,Appartement,19,1,,,,,,2.340749,48.840163
2022-1684925,2022-11-18,000001,Vente,442495,11,,BD SAINT GERMAIN,8619,75005,75105,Paris 5e Arrondissement,75,,,75105000AD0020,,,40,,41,,,,,,,,2,2,Appartement,19,2,,,,,,2.354549,48.849212
2022-1684969,2022-11-17,000001,Vente,740000,68,,RUE DU CARDINAL LEMOINE,1545,75005,75105,Paris 5e Arrondissement,75,,,75105000AJ0015,,,9,,,,,,,,,,1,2,Appartement,44,3,,,,,,2.349747,48.845389
2022-1684969,2022-11-17,000001,Vente,740000,68,,RUE DU CARDINAL LEMOINE,1545,75005,75105,Paris 5e Arrondissement,75,,,75105000AJ0015,,,9,,,,,,,,,,1,3,Dépendance,,0,,,,,,2.349747,48.845389
2022-1684996,2022-10-27,000001,Vente,2361120,6,,RUE DES CARMES,1554,75005,75105,Paris 5e Arrondissement,75,,,75105000BO0026,,,21,,,,,,,,,,1,3,Dépendance,,0,,,,,,2.34767,48.849852
2022-1684996,2022-10-27,000001,Vente,2361120,6,,RUE DES CARMES,1554,75005,75105,Paris 5e Arrondissement,75,,,75105000BO0026,,,13,48.3,,,,,,,,,1,2,Appartement,75,7,,,,,,2.34767,48.849852
2022-1684996,2022-10-27,000001,Vente,2361120,6,,RUE DES CARMES,1554,75005,75105,Paris 5e Arrondissement,75,,,75105000BO0026,,,1,82.1,,,,,,,,,1,4,Local industriel. commercial ou assimilé,166,0,,,,,,2.34767,48.849852
2022-1684996,2022-10-27,000001,Vente,2361120,6,,RUE DES CARMES,1554,75005,75105,Paris 5e Arrondissement,75,,,75105000BO0026,,,5,146.5,,,,,,,,,1,2,Appartement,150,5,,,,,,2.34767,48.849852
2022-1684996,2022-10-27,000001,Vente,2361120,6,,RUE DES CARMES,1554,75005,75105,Paris 5e Arrondissement,75,,,75105000BO0026,,,15,,,,,,,,,,1,3,Dépendance,,0,,,,,,2.34767,48.849852
2022-1684996,2022-10-27,000001,Vente,2361120,6,,RUE DES CARMES,1554,75005,75105,Paris 5e Arrondissement,75,,,75105000BO0026,,,12,47.2,,,,,,,,,1,2,Appartement,53,2,,,,,,2.34767,48.849852
2022-1685006,2022-11-23,000001,Vente,495000,73,,RUE CLAUDE BERNARD,2069,75005,75105,Paris 5e Arrondissement,75,,,75105000BD0052,,,18,,50,,51,,53,41.2,,,4,3,Dépendance,,0,,,,,,2.343693,48.840894
2022-1685006,2022-11-23,000001,Vente,495000,73,,RUE CLAUDE BERNARD,2069,75005,75105,Paris 5e Arrondissement,75,,,75105000BD0052,,,18,,50,,51,,53,41.2,,,4,2,Appartement,25,2,,,,,,2.343693,48.840894
2022-1685013,2022-11-07,000001,Vente,460000,3,,RUE SCIPION,8884,75005,75105,Paris 5e Arrondissement,75,,,75105000AS0014,,,52,,,,,,,,,,1,2,Appartement,35,2,,,,,,2.353922,48.837858
2022-1685013,2022-11-07,000001,Vente,460000,3,,RUE SCIPION,8884,75005,75105,Paris 5e Arrondissement,75,,,75105000AS0014,,,30,36,32,,,,,,,,2,2,Appartement,33,2,,,,,,2.353922,48.837858
2022-1685013,2022-11-07,000001,Vente,460000,3,,RUE SCIPION,8884,75005,75105,Paris 5e Arrondissement,75,,,75105000AS0014,,,30,36,32,,,,,,,,2,3,Dépendance,,0,,,,,,2.353922,48.837858
2022-1685013,2022-11-07,000001,Vente,460000,3,,RUE SCIPION,8884,75005,75105,Paris 5e Arrondissement,75,,,75105000AS0014,,,52,,,,,,,,,,1,3,Dépendance,,0,,,,,,2.353922,48.837858
2022-1685030,2022-11-18,000001,Vente,550000,3,,RUE PAILLET,6996,75005,75105,Paris 5e Arrondissement,75,,,75105000BJ0053,,,49,38.25,7,,,,,,,,2,2,Appartement,41,2,,,,,,2.342907,48.84656
2022-1685030,2022-11-18,000001,Vente,550000,3,,RUE PAILLET,6996,75005,75105,Paris 5e Arrondissement,75,,,75105000BJ0053,,,49,38.25,7,,,,,,,,2,3,Dépendance,,0,,,,,,2.342907,48.84656
2022-1685056,2022-11-07,000001,Vente,670000,1,B,RUE DE QUATREFAGES,7911,75005,75105,Paris 5e Arrondissement,75,,,75105000AK0093,,,107,,143,,,,,,,,2,2,Appartement,54,3,,,,,,2.354072,48.842697
2022-1685057,2022-11-09,000001,Vente,180000,34,,RUE BROCA,1313,75005,75105,Paris 5e Arrondissement,75,,,75105000AW0033,,,26,,,,,,,,,,1,4,Local industriel. commercial ou assimilé,15,0,,,,,,2.347841,48.838238
2022-1685071,2022-11-16,000001,Vente,2196000,7,,RUE DU VAL DE GRACE,9544,75005,75105,Paris 5e Arrondissement,75,,,75105000BF0054,,,304,114.82,,,,,,,,,1,2,Appartement,112,5,,,,,,2.339969,48.840761
2022-1685071,2022-11-16,000001,Vente,2196000,7,,RUE DU VAL DE GRACE,9544,75005,75105,Paris 5e Arrondissement,75,,,75105000BF0054,,,331,,,,,,,,,,1,3,Dépendance,,0,,,,,,2.339969,48.840761
2022-1685088,2022-11-10,000001,Vente,1700000,12,B,AV DES GOBELINS,4209,75005,75105,Paris 5e Arrondissement,75,,,75105000AV0054,,,300,151.02,309,,400,,402,,,,4,2,Appartement,140,4,,,,,,2.350221,48.837514
2022-1685088,2022-11-10,000001,Vente,1700000,12,B,AV DES GOBELINS,4209,75005,75105,Paris 5e Arrondissement,75,,,75105000AV0054,,,300,151.02,309,,400,,402,,,,4,4,Local industriel. commercial ou assimilé,20,0,,,,,,2.350221,48.837514
2022-1685091,2022-11-07,000001,Vente,480000,26,,RUE DAUBENTON,2580,75005,75105,Paris 5e Arrondissement,75,,,75105000AL0091,,,14,,,,,,,,,,1,2,Appartement,30,2,,,,,,2.353248,48.841523
2022-1685091,2022-11-07,000001,Vente,480000,26,,RUE DAUBENTON,2580,75005,75105,Paris 5e Arrondissement,75,,,75105000AL0091,,,38,37.29,,,,,,,,,1,2,Appartement,35,3,,,,,,2.353248,48.841523
2022-1685091,2022-11-07,000001,Vente,480000,26,,RUE DAUBENTON,2580,75005,75105,Paris 5e Arrondissement,75,,,75105000AL0091,,,38,37.29,,,,,,,,,1,3,Dépendance,,0,,,,,,2.353248,48.841523
2022-1685091,2022-11-07,000001,Vente,480000,26,,RUE DAUBENTON,2580,75005,75105,Paris 5e Arrondissement,75,,,75105000AL0091,,,14,,,,,,,,,,1,3,Dépendance,,0,,,,,,2.353248,48.841523
2022-1685138,2022-11-03,000001,Vente,340000,4,,RUE DE VALENCE,9546,75005,75105,Paris 5e Arrondissement,75,,,75105000AV0079,,,41,31.24,,,,,,,,,1,4,Local industriel. commercial ou assimilé,25,0,,,,,,2.35021,48.838334
2022-1685171,2022-11-24,000001,Vente,240000,13,,RUE DES FOSSES ST MARCEL,3751,75005,75105,Paris 5e Arrondissement,75,,,75105000AR0083,,,12,20.54,,,,,,,,,1,2,Appartement,20,1,,,,,,2.356329,48.838856
2022-1685185,2022-11-02,000001,Vente,220000,140,,RUE MOUFFETARD,6581,75005,75105,Paris 5e Arrondissement,75,,,75105000AX0071,,,16,13.38,,,,,,,,,1,2,Appartement,24,1,,,,,,2.34953,48.839528
2022-1685211,2022-11-18,000001,Vente,660000,4,,RUE THOUIN,9302,75005,75105,Paris 5e Arrondissement,75,,,75105000AJ0014,,,11,,12,,,,,,,,2,2,Appartement,46,1,,,,,,2.349585,48.845303
2022-1685226,2022-11-25,000001,Vente,400000,20,,BD DE L HOPITAL,4649,75005,75105,Paris 5e Arrondissement,75,,,75105000AQ0061,,,3,42,78,,,,,,,,2,2,Appartement,45,2,,,,,,2.362586,48.841796
2022-1685226,2022-11-25,000001,Vente,400000,20,,BD DE L HOPITAL,4649,75005,75105,Paris 5e Arrondissement,75,,,75105000AQ0061,,,3,42,78,,,,,,,,2,3,Dépendance,,0,,,,,,2.362586,48.841796
2022-1685229,2022-11-10,000001,Vente,320000,13,,RUE DE PONTOISE,7621,75005,75105,Paris 5e Arrondissement,75,,,75105000AC0019,,,18,,,,,,,,,,1,2,Appartement,19,1,,,,,,2.351893,48.849351
2022-1685243,2022-11-24,000001,Vente,660000,24,,RUE DES PATRIARCHES,7103,75005,75105,Paris 5e Arrondissement,75,,,75105000AU0008,,,116,41.18,144,,,,,,,,2,4,Local industriel. commercial ou assimilé,40,0,,,,,,2.350139,48.840258
2022-1685246,2022-11-24,000001,Vente,195000,8,,RUE DE QUATREFAGES,7911,75005,75105,Paris 5e Arrondissement,75,,,75105000AK0107,,,19,,,,,,,,,,1,3,Dépendance,,0,,,,,,2.354666,48.84292
2022-1685259,2022-11-05,000001,Vente,260000,58,,RUE CLAUDE BERNARD,2069,75005,75105,Paris 5e Arrondissement,75,,,75105000AX0014,,,28,40,30,,,,,,,,2,4,Local industriel. commercial ou assimilé,37,0,,,,,,2.347324,48.839992
2022-1685262,2022-11-24,000001,Vente,520000,21,,RUE MOUFFETARD,6581,75005,75105,Paris 5e Arrondissement,75,,,75105000AK0008,,,5,37.1,,,,,,,,,1,2,Appartement,45,2,,,,,,2.349571,48.84423
2022-1685272,2022-11-02,000001,Vente,50000,13,,RUE GRACIEUSE,4259,75005,75105,Paris 5e Arrondissement,75,,,75105000AL0005,,,1246,,,,,,,,,,1,3,Dépendance,,0,,,,,,2.35072,48.842286
2022-1685272,2022-11-02,000001,Vente,50000,13,,RUE GRACIEUSE,4259,75005,75105,Paris 5e Arrondissement,75,,,75105000AL0005,,,1247,,,,,,,,,,1,3,Dépendance,,0,,,,,,2.35072,48.842286
2022-1685276,2022-11-22,000001,Vente,10000,17,,RUE PASCAL,7076,75005,75105,Paris 5e Arrondissement,75,,,75105000AV0070,,,47,,,,,,,,,,1,4,Local industriel. commercial ou assimilé,26,0,,,,,,2.349656,48.838012
2022-1685279,2022-11-10,000001,Vente,32000,13,,RUE GRACIEUSE,4259,75005,75105,Paris 5e Arrondissement,75,,,75105000AL0005,,,1118,,,,,,,,,,1,3,Dépendance,,0,,,,,,2.35072,48.842286
2022-1685279,2022-11-10,000001,Vente,32000,13,,RUE GRACIEUSE,4259,75005,75105,Paris 5e Arrondissement,75,,,75105000AL0005,,,1133,,,,,,,,,,1,3,Dépendance,,0,,,,,,2.35072,48.842286
2022-1685281,2022-11-10,000001,Vente,290000,3,,RUE FUSTEL DE COULANGES,3890,75005,75105,Paris 5e Arrondissement,75,,,75105000BF0063,,,18,26.35,,,,,,,,,1,2,Appartement,27,2,,,,,,2.339072,48.839694
2022-1685331,2022-11-23,000001,Vente,544439,21,,RUE DE L ESTRAPADE,3377,75005,75105,Paris 5e Arrondissement,75,,,75105000AZ0002,,,18,40.6,69,,,,,,,,2,4,Local industriel. commercial ou assimilé,42,0,,,,,,2.345887,48.844784
2022-1685339,2022-11-15,000001,Vente,260000,6,,RUE SCIPION,8884,75005,75105,Paris 5e Arrondissement,75,,,75105000AS0040,,,502,,,,,,,,,,1,2,Appartement,20,1,,,,,,2.354114,48.838378
2022-1685353,2022-11-18,000001,Vente,210300,107,,RUE MOUFFETARD,6581,75005,75105,Paris 5e Arrondissement,75,,,75105000AL0051,,,24,17.87,,,,,,,,,1,2,Appartement,18,1,,,,,,2.350105,48.840734
2022-1685357,2022-11-22,000001,Vente,3048.98,39,,RUE POLIVEAU,7576,75005,75105,Paris 5e Arrondissement,75,,,75105000AR0128,,,44,,,,,,,,,,1,2,Appartement,49,3,,,,,,2.357751,48.839705
2022-1685359,2022-11-22,000001,Vente,3048.98,39,,RUE POLIVEAU,7576,75005,75105,Paris 5e Arrondissement,75,,,75105000AR0128,,,43,,,,,,,,,,1,2,Appartement,35,2,,,,,,2.357751,48.839705
2022-1685359,2022-11-22,000001,Vente,3048.98,39,,RUE POLIVEAU,7576,75005,75105,Paris 5e Arrondissement,75,,,75105000AR0128,,,46,,,,,,,,,,1,2,Appartement,49,3,,,,,,2.357751,48.839705
2022-1685359,2022-11-22,000001,Vente,3048.98,39,,RUE POLIVEAU,7576,75005,75105,Paris 5e Arrondissement,75,,,75105000AR0128,,,47,,,,,,,,,,1,2,Appartement,28,2,,,,,,2.357751,48.839705
2022-1685359,2022-11-22,000001,Vente,3048.98,39,,RUE POLIVEAU,7576,75005,75105,Paris 5e Arrondissement,75,,,75105000AR0128,,,45,,,,,,,,,,1,2,Appartement,37,3,,,,,,2.357751,48.839705
2022-1685360,2022-11-18,000001,Vente,680000,7,,RUE LINNE,5696,75005,75105,Paris 5e Arrondissement,75,,,75105000AG0070,,,16,56.94,36,,,,,,,,2,2,Appartement,57,2,,,,,,2.354343,48.844154
2022-1685360,2022-11-18,000001,Vente,680000,7,,RUE LINNE,5696,75005,75105,Paris 5e Arrondissement,75,,,75105000AG0070,,,16,56.94,36,,,,,,,,2,3,Dépendance,,0,,,,,,2.354343,48.844154
2022-1685376,2022-11-17,000001,Vente,700000,11,,BD SAINT GERMAIN,8619,75005,75105,Paris 5e Arrondissement,75,,,75105000AD0020,,,10,,19,89.2,20,,23,,6,,5,4,Local industriel. commercial ou assimilé,100,0,,,,,,2.354549,48.849212
2022-1685391,2022-11-04,000001,Vente,875000,8,,PL DU PUITS DE L ERMITE,7886,75005,75105,Paris 5e Arrondissement,75,,,75105000AK0091,,,6,63.26,,,,,,,,,1,2,Appartement,63,3,,,,,,2.353797,48.842499
2022-1685391,2022-11-04,000001,Vente,875000,8,,PL DU PUITS DE L ERMITE,7886,75005,75105,Paris 5e Arrondissement,75,,,75105000AK0091,,,6,63.26,,,,,,,,,1,3,Dépendance,,0,,,,,,2.353797,48.842499
2022-1685393,2022-11-21,000001,Vente,1530000,1,,RUE BASSE DES CARMES,0705,75005,75105,Paris 5e Arrondissement,75,,,75105000BO0035,,,1,,16,,,,,,,,2,4,Local industriel. commercial ou assimilé,80,0,,,,,,2.348422,48.849116
2022-1685421,2022-11-28,000001,Vente,125000,10,,BD SAINT MARCEL,8690,75005,75105,Paris 5e Arrondissement,75,,,75105000AR0039,,,17,10.56,,,,,,,,,1,2,Appartement,8,1,,,,,,2.360668,48.839929
2022-1685463,2022-11-14,000001,Vente,330000,7,,RUE DE LA CLEF,2094,75005,75105,Paris 5e Arrondissement,75,,,75105000AU0080,,,29,27.38,,,,,,,,,1,2,Appartement,27,2,,,,,,2.353144,48.839709
2022-1685463,2022-11-14,000001,Vente,330000,7,,RUE DE LA CLEF,2094,75005,75105,Paris 5e Arrondissement,75,,,75105000AU0080,,,29,27.38,,,,,,,,,1,3,Dépendance,,0,,,,,,2.353144,48.839709
2022-1685465,2022-12-01,000001,Vente,925000,10,,RUE SAINT SEVERIN,8760,75005,75105,Paris 5e Arrondissement,75,,,75105000BP0040,,,10,,9,,,,,,,,2,2,Appartement,68,2,,,,,,2.345889,48.852444
2022-1685465,2022-12-01,000001,Vente,925000,10,,RUE SAINT SEVERIN,8760,75005,75105,Paris 5e Arrondissement,75,,,75105000BP0040,,,10,,9,,,,,,,,2,4,Local industriel. commercial ou assimilé,16,0,,,,,,2.345889,48.852444
2022-1685467,2022-11-28,000001,Vente,502500,5,,RUE DE QUATREFAGES,7911,75005,75105,Paris 5e Arrondissement,75,,,75105000AK0095,,,14,35.11,28,,,,,,,,2,2,Appartement,36,1,,,,,,2.353973,48.843043
2022-1685467,2022-11-28,000001,Vente,502500,5,,RUE DE QUATREFAGES,7911,75005,75105,Paris 5e Arrondissement,75,,,75105000AK0095,,,14,35.11,28,,,,,,,,2,3,Dépendance,,0,,,,,,2.353973,48.843043
2022-1685467,2022-11-28,000001,Vente,502500,5,,RUE DE QUATREFAGES,7911,75005,75105,Paris 5e Arrondissement,75,,,75105000AK0095,,,14,35.11,28,,,,,,,,2,3,Dépendance,,0,,,,,,2.353973,48.843043
2022-1685475,2022-11-03,000001,Vente,312750,5,B,RUE BUFFON,1371,75005,75105,Paris 5e Arrondissement,75,,,75105000AQ0023,,,240,24.82,,,,,,,,,1,2,Appartement,20,1,,,,,,2.36314,48.842696
2022-1685476,2022-11-03,000001,Vente,300750,5,B,RUE BUFFON,1371,75005,75105,Paris 5e Arrondissement,75,,,75105000AQ0023,,,230,25.12,,,,,,,,,1,4,Local industriel. commercial ou assimilé,25,0,,,,,,2.36314,48.842696
2022-1685484,2022-11-03,000001,Vente,305750,5,,RUE BUFFON,1371,75005,75105,Paris 5e Arrondissement,75,,,75105000AQ0016,,,1015,,,,,,,,,,1,4,Local industriel. commercial ou assimilé,25,0,,,,,,2.363348,48.84298
2022-1685484,2022-11-03,000001,Vente,305750,5,B,RUE BUFFON,1371,75005,75105,Paris 5e Arrondissement,75,,,75105000AQ0023,,,239,,,,,,,,,,1,2,Appartement,20,1,,,,,,2.36314,48.842696
2022-1685487,2022-11-03,000001,Vente,280750,5,,RUE BUFFON,1371,75005,75105,Paris 5e Arrondissement,75,,,75105000AQ0016,,,1009,25.71,,,,,,,,,1,4,Local industriel. commercial ou assimilé,25,0,,,,,,2.363348,48.84298
2022-1685487,2022-11-03,000001,Vente,280750,5,B,RUE BUFFON,1371,75005,75105,Paris 5e Arrondissement,75,,,75105000AQ0023,,,229,,,,,,,,,,1,4,Local industriel. commercial ou assimilé,25,0,,,,,,2.36314,48.842696
2022-1685542,2022-11-25,000001,Vente,4000,12,B,RUE DU VAL DE GRACE,9544,75005,75105,Paris 5e Arrondissement,75,,,75105000BG0032,,,65,,,,,,,,,,1,2,Appartement,60,3,,,,,,2.339395,48.841515
2022-1685565,2022-05-20,000001,Adjudication,70000,5,,RUE DES ECOLES,3098,75005,75105,Paris 5e Arrondissement,75,,,75105000AI0029,,,1,,10,,12,,3,,,,4,4,Local industriel. commercial ou assimilé,5,0,,,,,,2.352091,48.847464
2022-1685631,2022-11-07,000001,Vente,1150000,9,,BD SAINT GERMAIN,8619,75005,75105,Paris 5e Arrondissement,75,,,75105000AD0019,,,117,75.74,130,,,,,,,,2,3,Dépendance,,0,,,,,,2.354667,48.849204
2022-1685631,2022-11-07,000001,Vente,1150000,9,,BD SAINT GERMAIN,8619,75005,75105,Paris 5e Arrondissement,75,,,75105000AD0019,,,117,75.74,130,,,,,,,,2,2,Appartement,78,4,,,,,,2.354667,48.849204
2022-1685632,2022-11-29,000001,Vente,85000,14,,RUE MONGE,6432,75005,75105,Paris 5e Arrondissement,75,,,75105000AC0081,,,27,7.08,,,,,,,,,1,2,Appartement,9,1,,,,,,2.349563,48.848897
2022-1685634,2022-12-01,000001,Vente,437260,7,,RUE BLAINVILLE,1001,75005,75105,Paris 5e Arrondissement,75,,,75105000AZ0037,,,118,,27,13.7,,,,,,,2,2,Appartement,10,1,,,,,,2.348697,48.844149
2022-1685634,2022-12-01,000001,Vente,437260,7,,RUE BLAINVILLE,1001,75005,75105,Paris 5e Arrondissement,75,,,75105000AZ0037,,,118,,27,13.7,,,,,,,2,3,Dépendance,,0,,,,,,2.348697,48.844149
2022-1685634,2022-12-01,000001,Vente,437260,7,,RUE BLAINVILLE,1001,75005,75105,Paris 5e Arrondissement,75,,,75105000AZ0037,,,117,,26,13.52,,,,,,,2,3,Dépendance,,0,,,,,,2.348697,48.844149
2022-1685634,2022-12-01,000001,Vente,437260,7,,RUE BLAINVILLE,1001,75005,75105,Paris 5e Arrondissement,75,,,75105000AZ0037,,,117,,26,13.52,,,,,,,2,2,Appartement,10,1,,,,,,2.348697,48.844149
2022-1685645,2022-11-30,000001,Vente,198940,22,,BD DE L HOPITAL,4649,75005,75105,Paris 5e Arrondissement,75,,,75105000AQ0060,,,22,16.7,,,,,,,,,1,2,Appartement,19,1,,,,,,2.362449,48.841631
2022-1685657,2022-11-25,000001,Vente,1300000,12,,RUE PESTALOZZI,7301,75005,75105,Paris 5e Arrondissement,75,,,75105000AL0020,,,42,,,,,,,,,,1,3,Dépendance,,0,,,,,,2.350812,48.842115
2022-1685657,2022-11-25,000001,Vente,1300000,12,,RUE PESTALOZZI,7301,75005,75105,Paris 5e Arrondissement,75,,,75105000AL0020,,,29,,9,91.26,,,,,,,2,3,Dépendance,,0,,,,,,2.350812,48.842115
2022-1685657,2022-11-25,000001,Vente,1300000,12,,RUE PESTALOZZI,7301,75005,75105,Paris 5e Arrondissement,75,,,75105000AL0020,,,29,,9,91.26,,,,,,,2,2,Appartement,80,4,,,,,,2.350812,48.842115
2022-1685669,2022-11-28,000001,Vente,190000,40,,RUE DU CARDINAL LEMOINE,1545,75005,75105,Paris 5e Arrondissement,75,,,75105000AI0037,,,27,13.53,,,,,,,,,1,2,Appartement,14,1,,,,,,2.351802,48.847111
2022-1685674,2022-11-15,000001,Vente,450000,57,,RUE MONGE,6432,75005,75105,Paris 5e Arrondissement,75,,,75105000AJ0079,,,11,,,,,,,,,,1,2,Appartement,40,3,,,,,,2.352546,48.844637
2022-1685674,2022-11-15,000001,Vente,450000,57,,RUE MONGE,6432,75005,75105,Paris 5e Arrondissement,75,,,75105000AJ0079,,,11,,,,,,,,,,1,3,Dépendance,,0,,,,,,2.352546,48.844637
2022-1685693,2022-11-24,000001,Vente,354000,1,,RUE DES ARENES,0429,75005,75105,Paris 5e Arrondissement,75,,,75105000AG0022,,,25,,,,,,,,,,1,2,Appartement,33,1,,,,,,2.354428,48.844979
2022-1685693,2022-11-24,000001,Vente,354000,21,,RUE LINNE,5696,75005,75105,Paris 5e Arrondissement,75,,,75105000AG0022,,,4,34.09,,,,,,,,,1,4,Local industriel. commercial ou assimilé,93,0,,,,,,2.354428,48.844979
2022-1685706,2022-11-18,000001,Vente,402500,7,B,RUE LAROMIGUIERE,5360,75005,75105,Paris 5e Arrondissement,75,,,75105000AZ0026,,,47,29.07,75,,,,,,,,2,2,Appartement,32,2,,,,,,2.347388,48.843864
2022-1685706,2022-11-18,000001,Vente,402500,7,B,RUE LAROMIGUIERE,5360,75005,75105,Paris 5e Arrondissement,75,,,75105000AZ0026,,,47,29.07,75,,,,,,,,2,3,Dépendance,,0,,,,,,2.347388,48.843864
2022-1685742,2022-11-23,000002,Vente,500,33,B,RUE HENRI BARBUSSE,4535,75005,75105,Paris 5e Arrondissement,75,,,75105000BF0044,,,39,,,,,,,,,,1,2,Appartement,80,3,,,,,,2.33883,48.840746
2022-1685742,2022-11-23,000002,Vente,500,33,B,RUE HENRI BARBUSSE,4535,75005,75105,Paris 5e Arrondissement,75,,,75105000BF0044,,,39,,,,,,,,,,1,3,Dépendance,,0,,,,,,2.33883,48.840746
2022-1685748,2022-12-01,000001,Vente,4000,5,,RUE MONGE,6432,75005,75105,Paris 5e Arrondissement,75,,,75105000AC0005,,,7,,,,,,,,,,1,2,Appartement,113,5,,,,,,2.34972,48.849426
2022-1685749,2022-12-01,000001,Vente,1700000,39,,BD SAINT MICHEL,8705,75005,75105,Paris 5e Arrondissement,75,,,75105000BN0007,,,26,,42,111.93,50,,,,,,3,2,Appartement,110,4,,,,,,2.342367,48.849284
2022-1685749,2022-12-01,000001,Vente,1700000,39,,BD SAINT MICHEL,8705,75005,75105,Paris 5e Arrondissement,75,,,75105000BN0007,,,26,,42,111.93,50,,,,,,3,3,Dépendance,,0,,,,,,2.342367,48.849284
2022-1685749,2022-12-01,000001,Vente,1700000,39,,BD SAINT MICHEL,8705,75005,75105,Paris 5e Arrondissement,75,,,75105000BN0007,,,26,,42,111.93,50,,,,,,3,3,Dépendance,,0,,,,,,2.342367,48.849284
2022-1685764,2022-12-01,000001,Vente,327000,3,,RUE DE QUATREFAGES,7911,75005,75105,Paris 5e Arrondissement,75,,,75105000AK0094,,,25,,,,,,,,,,1,3,Dépendance,,0,,,,,,2.354127,48.842897
2022-1685764,2022-12-01,000001,Vente,327000,3,,RUE DE QUATREFAGES,7911,75005,75105,Paris 5e Arrondissement,75,,,75105000AK0094,,,25,,,,,,,,,,1,2,Appartement,26,2,,,,,,2.354127,48.842897
2022-1685765,2022-11-15,000001,Vente,835000,13,,RUE LAGRANGE,5268,75005,75105,Paris 5e Arrondissement,75,,,75105000BQ0086,,,26,55.52,9,,,,,,,,2,2,Appartement,57,3,,,,,,2.348335,48.85114
2022-1685765,2022-11-15,000001,Vente,835000,13,,RUE LAGRANGE,5268,75005,75105,Paris 5e Arrondissement,75,,,75105000BQ0086,,,26,55.52,9,,,,,,,,2,3,Dépendance,,0,,,,,,2.348335,48.85114
2022-1685781,2022-11-25,000001,Vente,154000,8,,RUE LAPLACE,5340,75005,75105,Paris 5e Arrondissement,75,,,75105000BL0053,,,7,9.33,,,,,,,,,1,2,Appartement,10,1,,,,,,2.347814,48.847373
2022-1685830,2022-11-25,000001,Vente,915250,60,,BD SAINT MARCEL,8690,75005,75105,Paris 5e Arrondissement,75,,,75105000AS0010,,,114,99.77,,,,,,,,,1,2,Appartement,23,1,,,,,,2.35547,48.838427
2022-1685830,2022-11-25,000001,Vente,915250,60,,BD SAINT MARCEL,8690,75005,75105,Paris 5e Arrondissement,75,,,75105000AS0010,,,114,99.77,,,,,,,,,1,2,Appartement,105,3,,,,,,2.35547,48.838427
2022-1685830,2022-11-25,000001,Vente,915250,60,,BD SAINT MARCEL,8690,75005,75105,Paris 5e Arrondissement,75,,,75105000AS0010,,,114,99.77,,,,,,,,,1,3,Dépendance,,0,,,,,,2.35547,48.838427
2022-1685944,2022-12-06,000001,Vente,302700,67,,RUE MOUFFETARD,6581,75005,75105,Paris 5e Arrondissement,75,,,75105000AL0003,,,4,21.85,,,,,,,,,1,2,Appartement,25,1,,,,,,2.349987,48.842423
2022-1685952,2022-11-18,000001,Vente,105000,4,,RUE LINNE,5696,75005,75105,Paris 5e Arrondissement,75,,,75105000AG0055,,,25,8.27,,,,,,,,,1,3,Dépendance,,0,,,,,,2.355122,48.844213
2022-1685955,2022-12-02,000001,Vente,14990,9,,RUE LARREY,5362,75005,75105,Paris 5e Arrondissement,75,,,75105000AL0100,,,82,,,,,,,,,,1,3,Dépendance,,0,,,,,,2.353457,48.842
2022-1685959,2022-11-28,000001,Vente,625000,23,,RUE DE LA COLLEGIALE,2187,75005,75105,Paris 5e Arrondissement,75,,,75105000AV0009,,,50,,,,,,,,,,1,3,Dépendance,,0,,,,,,2.35154,48.838296
2022-1685959,2022-11-28,000001,Vente,625000,23,,RUE DE LA COLLEGIALE,2187,75005,75105,Paris 5e Arrondissement,75,,,75105000AV0009,,,50,,,,,,,,,,1,2,Appartement,29,2,,,,,,2.35154,48.838296
2022-1685959,2022-11-28,000001,Vente,625000,23,,RUE DE LA COLLEGIALE,2187,75005,75105,Paris 5e Arrondissement,75,,,75105000AV0009,,,48,,50,,7,62.39,8,62.39,,,4,2,Appartement,59,4,,,,,,2.35154,48.838296
2022-1685959,2022-11-28,000001,Vente,625000,23,,RUE DE LA COLLEGIALE,2187,75005,75105,Paris 5e Arrondissement,75,,,75105000AV0009,,,48,,50,,7,62.39,8,62.39,,,4,3,Dépendance,,0,,,,,,2.35154,48.838296
2022-1685972,2022-12-06,000001,Vente,1536000,14,,RUE LARREY,5362,75005,75105,Paris 5e Arrondissement,75,,,75105000AK0089,,,16,,27,,,,,,,,2,2,Appartement,110,4,,,,,,2.353797,48.842693
2022-1685972,2022-12-06,000001,Vente,1536000,14,,RUE LARREY,5362,75005,75105,Paris 5e Arrondissement,75,,,75105000AK0089,,,16,,27,,,,,,,,2,3,Dépendance,,0,,,,,,2.353797,48.842693
2022-1685973,2022-12-07,000001,Vente terrain à bâtir,9300000,11,,RUE BLAINVILLE,1001,75005,75105,Paris 5e Arrondissement,75,,,75105000AZ0035,,,,,,,,,,,,,0,2,Appartement,78,3,S,sols,,,357,2.348256,48.844227
2022-1685973,2022-12-07,000001,Vente terrain à bâtir,9300000,11,,RUE BLAINVILLE,1001,75005,75105,Paris 5e Arrondissement,75,,,75105000AZ0035,,,,,,,,,,,,,0,2,Appartement,66,4,S,sols,,,357,2.348256,48.844227
2022-1685973,2022-12-07,000001,Vente terrain à bâtir,9300000,11,,RUE BLAINVILLE,1001,75005,75105,Paris 5e Arrondissement,75,,,75105000AZ0035,,,,,,,,,,,,,0,4,Local industriel. commercial ou assimilé,45,0,S,sols,,,357,2.348256,48.844227
2022-1685973,2022-12-07,000001,Vente terrain à bâtir,9300000,11,,RUE BLAINVILLE,1001,75005,75105,Paris 5e Arrondissement,75,,,75105000AZ0035,,,,,,,,,,,,,0,4,Local industriel. commercial ou assimilé,41,0,S,sols,,,357,2.348256,48.844227
2022-1685973,2022-12-07,000001,Vente terrain à bâtir,9300000,11,,RUE BLAINVILLE,1001,75005,75105,Paris 5e Arrondissement,75,,,75105000AZ0035,,,,,,,,,,,,,0,2,Appartement,24,1,S,sols,,,357,2.348256,48.844227
2022-1685973,2022-12-07,000001,Vente terrain à bâtir,9300000,11,,RUE BLAINVILLE,1001,75005,75105,Paris 5e Arrondissement,75,,,75105000AZ0035,,,,,,,,,,,,,0,2,Appartement,23,1,S,sols,,,357,2.348256,48.844227
2022-1685973,2022-12-07,000001,Vente terrain à bâtir,9300000,11,,RUE BLAINVILLE,1001,75005,75105,Paris 5e Arrondissement,75,,,75105000AZ0035,,,,,,,,,,,,,0,2,Appartement,36,2,S,sols,,,357,2.348256,48.844227
2022-1685973,2022-12-07,000001,Vente terrain à bâtir,9300000,11,,RUE BLAINVILLE,1001,75005,75105,Paris 5e Arrondissement,75,,,75105000AZ0035,,,,,,,,,,,,,0,2,Appartement,36,2,S,sols,,,357,2.348256,48.844227
2022-1685973,2022-12-07,000001,Vente terrain à bâtir,9300000,11,,RUE BLAINVILLE,1001,75005,75105,Paris 5e Arrondissement,75,,,75105000AZ0035,,,,,,,,,,,,,0,2,Appartement,36,2,S,sols,,,357,2.348256,48.844227
2022-1685973,2022-12-07,000001,Vente terrain à bâtir,9300000,11,,RUE BLAINVILLE,1001,75005,75105,Paris 5e Arrondissement,75,,,75105000AZ0035,,,,,,,,,,,,,0,2,Appartement,36,2,S,sols,,,357,2.348256,48.844227
2022-1685973,2022-12-07,000001,Vente terrain à bâtir,9300000,11,,RUE BLAINVILLE,1001,75005,75105,Paris 5e Arrondissement,75,,,75105000AZ0035,,,,,,,,,,,,,0,2,Appartement,36,2,S,sols,,,357,2.348256,48.844227
2022-1685973,2022-12-07,000001,Vente terrain à bâtir,9300000,11,,RUE BLAINVILLE,1001,75005,75105,Paris 5e Arrondissement,75,,,75105000AZ0035,,,,,,,,,,,,,0,2,Appartement,22,2,S,sols,,,357,2.348256,48.844227
2022-1685973,2022-12-07,000001,Vente terrain à bâtir,9300000,11,,RUE BLAINVILLE,1001,75005,75105,Paris 5e Arrondissement,75,,,75105000AZ0035,,,,,,,,,,,,,0,2,Appartement,36,3,S,sols,,,357,2.348256,48.844227
2022-1685973,2022-12-07,000001,Vente terrain à bâtir,9300000,11,,RUE BLAINVILLE,1001,75005,75105,Paris 5e Arrondissement,75,,,75105000AZ0035,,,,,,,,,,,,,0,2,Appartement,115,5,S,sols,,,357,2.348256,48.844227
2022-1685973,2022-12-07,000001,Vente terrain à bâtir,9300000,11,,RUE BLAINVILLE,1001,75005,75105,Paris 5e Arrondissement,75,,,75105000AZ0035,,,,,,,,,,,,,0,2,Appartement,21,1,S,sols,,,357,2.348256,48.844227
2022-1685973,2022-12-07,000001,Vente terrain à bâtir,9300000,11,,RUE BLAINVILLE,1001,75005,75105,Paris 5e Arrondissement,75,,,75105000AZ0035,,,,,,,,,,,,,0,2,Appartement,27,1,S,sols,,,357,2.348256,48.844227
2022-1685973,2022-12-07,000001,Vente terrain à bâtir,9300000,11,,RUE BLAINVILLE,1001,75005,75105,Paris 5e Arrondissement,75,,,75105000AZ0035,,,,,,,,,,,,,0,3,Dépendance,,0,S,sols,,,357,2.348256,48.844227
2022-1685973,2022-12-07,000001,Vente terrain à bâtir,9300000,11,,RUE BLAINVILLE,1001,75005,75105,Paris 5e Arrondissement,75,,,75105000AZ0035,,,,,,,,,,,,,0,2,Appartement,20,1,S,sols,,,357,2.348256,48.844227
2022-1685973,2022-12-07,000001,Vente terrain à bâtir,9300000,11,,RUE BLAINVILLE,1001,75005,75105,Paris 5e Arrondissement,75,,,75105000AZ0035,,,,,,,,,,,,,0,3,Dépendance,,0,S,sols,,,357,2.348256,48.844227
2022-1685973,2022-12-07,000001,Vente terrain à bâtir,9300000,11,,RUE BLAINVILLE,1001,75005,75105,Paris 5e Arrondissement,75,,,75105000AZ0035,,,,,,,,,,,,,0,2,Appartement,27,1,S,sols,,,357,2.348256,48.844227
2022-1685973,2022-12-07,000001,Vente terrain à bâtir,9300000,11,,RUE BLAINVILLE,1001,75005,75105,Paris 5e Arrondissement,75,,,75105000AZ0035,,,,,,,,,,,,,0,2,Appartement,36,2,S,sols,,,357,2.348256,48.844227
2022-1686025,2022-11-25,000001,Vente,725000,29,,RUE CLAUDE BERNARD,2069,75005,75105,Paris 5e Arrondissement,75,,,75105000AW0042,,,26,,,,,,,,,,1,2,Appartement,49,3,,,,,,2.347814,48.839405
2022-1686030,2022-11-25,000001,Vente,572770,7,,RUE DES FOSSES ST MARCEL,3751,75005,75105,Paris 5e Arrondissement,75,,,75105000AR0085,,,27,61.21,28,,,,,,,,2,2,Appartement,58,4,,,,,,2.356416,48.839158
2022-1686048,2022-11-14,000001,Vente,355000,25,,RUE DAUBENTON,2580,75005,75105,Paris 5e Arrondissement,75,,,75105000AT0006,,,1,53.31,16,,19,,2,,20,,6,4,Local industriel. commercial ou assimilé,54,0,,,,,,2.352877,48.841086
2022-1686053,2022-11-16,000001,Vente,332000,42,,RUE DU CARDINAL LEMOINE,1545,75005,75105,Paris 5e Arrondissement,75,,,75105000AI0040,,,27,,,,,,,,,,1,2,Appartement,27,2,,,,,,2.351698,48.846981
2022-1686108,2022-12-13,000001,Vente,320000,10,,BD SAINT MARCEL,8690,75005,75105,Paris 5e Arrondissement,75,,,75105000AR0039,,,33,,41,,,,,,,,2,3,Dépendance,,0,,,,,,2.360668,48.839929
2022-1686108,2022-12-13,000001,Vente,320000,10,,BD SAINT MARCEL,8690,75005,75105,Paris 5e Arrondissement,75,,,75105000AR0039,,,33,,41,,,,,,,,2,2,Appartement,28,2,,,,,,2.360668,48.839929
2022-1686112,2022-11-15,000001,Vente,21000,7,,CITE DU CARDINAL LEMOINE,1543,75005,75105,Paris 5e Arrondissement,75,,,75105000AC0048,,,36,,,,,,,,,,1,3,Dépendance,,0,,,,,,2.352952,48.848723
2022-1686114,2022-12-09,000001,Vente,84000,9,,RUE LAROMIGUIERE,5360,75005,75105,Paris 5e Arrondissement,75,,,75105000AZ0027,,,180,,,,,,,,,,1,3,Dépendance,,0,,,,,,2.347325,48.843748
2022-1686114,2022-12-09,000001,Vente,84000,9,,RUE LAROMIGUIERE,5360,75005,75105,Paris 5e Arrondissement,75,,,75105000AZ0027,,,178,,,,,,,,,,1,3,Dépendance,,0,,,,,,2.347325,48.843748
2022-1686114,2022-12-09,000001,Vente,84000,9,,RUE LAROMIGUIERE,5360,75005,75105,Paris 5e Arrondissement,75,,,75105000AZ0027,,,179,,,,,,,,,,1,3,Dépendance,,0,,,,,,2.347325,48.843748
2022-1686131,2022-12-09,000001,Vente,169000,9,,RUE LAROMIGUIERE,5360,75005,75105,Paris 5e Arrondissement,75,,,75105000AZ0027,,,186,,,,,,,,,,1,3,Dépendance,,0,,,,,,2.347325,48.843748
2022-1686131,2022-12-09,000001,Vente,169000,9,,RUE LAROMIGUIERE,5360,75005,75105,Paris 5e Arrondissement,75,,,75105000AZ0027,,,181,,,,,,,,,,1,3,Dépendance,,0,,,,,,2.347325,48.843748
2022-1686131,2022-12-09,000001,Vente,169000,9,,RUE LAROMIGUIERE,5360,75005,75105,Paris 5e Arrondissement,75,,,75105000AZ0027,,,182,,,,,,,,,,1,3,Dépendance,,0,,,,,,2.347325,48.843748
2022-1686131,2022-12-09,000001,Vente,169000,9,,RUE LAROMIGUIERE,5360,75005,75105,Paris 5e Arrondissement,75,,,75105000AZ0027,,,183,,,,,,,,,,1,3,Dépendance,,0,,,,,,2.347325,48.843748
2022-1686131,2022-12-09,000001,Vente,169000,9,,RUE LAROMIGUIERE,5360,75005,75105,Paris 5e Arrondissement,75,,,75105000AZ0027,,,184,,,,,,,,,,1,3,Dépendance,,0,,,,,,2.347325,48.843748
2022-1686136,2022-12-12,000001,Vente,10000,5,,RUE DE LA MONTGN STE GENEVIEVE,6448,75005,75105,Paris 5e Arrondissement,75,,,75105000AC0094,,,27,,,,,,,,,,1,2,Appartement,60,2,,,,,,2.34906,48.849231
2022-1686142,2022-12-07,000001,Vente,521919,22,B,RUE DE LA CLEF,2094,75005,75105,Paris 5e Arrondissement,75,,,75105000AT0007,,,28,,4,44.65,,,,,,,2,2,Appartement,45,2,,,,,,2.353006,48.840956
2022-1686142,2022-12-07,000001,Vente,521919,22,B,RUE DE LA CLEF,2094,75005,75105,Paris 5e Arrondissement,75,,,75105000AT0007,,,28,,4,44.65,,,,,,,2,3,Dépendance,,0,,,,,,2.353006,48.840956
2022-1686157,2022-12-13,000001,Vente,105000,20,,RUE DE L ABBE DE L EPEE,0006,75005,75105,Paris 5e Arrondissement,75,,,75105000BH0020,,,26,8.24,,,,,,,,,1,3,Dépendance,,0,,,,,,2.339681,48.843953
2022-1686170,2022-12-06,000001,Vente,398560,20,,RUE DES FOSSES ST BERNARD,3747,75005,75105,Paris 5e Arrondissement,75,,,75105000AD0029,,,30,,59,,,,,,,,2,2,Appartement,35,2,,,,,,2.35446,48.848717
2022-1686170,2022-12-06,000001,Vente,398560,20,,RUE DES FOSSES ST BERNARD,3747,75005,75105,Paris 5e Arrondissement,75,,,75105000AD0029,,,30,,59,,,,,,,,2,3,Dépendance,,0,,,,,,2.35446,48.848717
2022-1686224,2022-12-01,000001,Vente,360000,34,,BD DE L HOPITAL,4649,75005,75105,Paris 5e Arrondissement,75,,,75105000AQ0041,,,226,,34,,,,,,,,2,2,Appartement,40,2,,,,,,2.361722,48.840699
2022-1686224,2022-12-01,000001,Vente,360000,34,,BD DE L HOPITAL,4649,75005,75105,Paris 5e Arrondissement,75,,,75105000AQ0041,,,287,,,,,,,,,,1,3,Dépendance,,0,,,,,,2.361722,48.840699
2022-1686224,2022-12-01,000001,Vente,360000,34,,BD DE L HOPITAL,4649,75005,75105,Paris 5e Arrondissement,75,,,75105000AQ0041,,,226,,34,,,,,,,,2,3,Dépendance,,0,,,,,,2.361722,48.840699
2022-1686233,2022-12-08,000001,Vente,400000,15,,BD SAINT MICHEL,8705,75005,75105,Paris 5e Arrondissement,75,,,75105000BP0146,,,35,24.9,,,,,,,,,1,2,Appartement,27,1,,,,,,2.343751,48.851843
2022-1686236,2022-12-07,000001,Vente,26245,11,,AV DES GOBELINS,4209,75005,75105,Paris 5e Arrondissement,75,,,75105000AV0017,,,212,,214,,,,,,,,2,2,Appartement,60,4,,,,,,2.351691,48.837916
2022-1686265,2022-12-02,000001,Vente,1000,26,,RUE DES FOSSES ST JACQUES,3749,75005,75105,Paris 5e Arrondissement,75,,,75105000BI0074,,,78,,,,,,,,,,1,4,Local industriel. commercial ou assimilé,840,0,,,,,,2.344576,48.844779
2022-1686269,2022-11-04,000001,Vente,2300000,18,,RUE SOUFFLOT,9041,75005,75105,Paris 5e Arrondissement,75,,,75105000BJ0020,,,3,156.01,30,,35,,,,,,3,3,Dépendance,,0,,,,,,2.342534,48.847257
2022-1686269,2022-11-04,000001,Vente,2300000,18,,RUE SOUFFLOT,9041,75005,75105,Paris 5e Arrondissement,75,,,75105000BJ0020,,,19,,,,,,,,,,1,2,Appartement,13,1,,,,,,2.342534,48.847257
2022-1686269,2022-11-04,000001,Vente,2300000,18,,RUE SOUFFLOT,9041,75005,75105,Paris 5e Arrondissement,75,,,75105000BJ0020,,,3,156.01,30,,35,,,,,,3,3,Dépendance,,0,,,,,,2.342534,48.847257
2022-1686269,2022-11-04,000001,Vente,2300000,18,,RUE SOUFFLOT,9041,75005,75105,Paris 5e Arrondissement,75,,,75105000BJ0020,,,3,156.01,30,,35,,,,,,3,2,Appartement,146,6,,,,,,2.342534,48.847257
2022-1686269,2022-11-04,000001,Vente,2300000,18,,RUE SOUFFLOT,9041,75005,75105,Paris 5e Arrondissement,75,,,75105000BJ0020,,,22,,,,,,,,,,1,3,Dépendance,,0,,,,,,2.342534,48.847257
2022-1686283,2022-11-25,000001,Vente,14000,9,,RUE LAROMIGUIERE,5360,75005,75105,Paris 5e Arrondissement,75,,,75105000AZ0027,,,275,,,,,,,,,,1,3,Dépendance,,0,,,,,,2.347325,48.843748
2022-1686311,2022-11-21,000001,Vente,490000,21,,RUE POLIVEAU,7576,75005,75105,Paris 5e Arrondissement,75,,,75105000AR0095,,,1058,,1061,,1135,24.73,,,,,3,3,Dépendance,,0,,,,,,2.359427,48.840045
2022-1686311,2022-11-21,000001,Vente,490000,21,,RUE POLIVEAU,7576,75005,75105,Paris 5e Arrondissement,75,,,75105000AR0095,,,1058,,1061,,1135,24.73,,,,,3,3,Dépendance,,0,,,,,,2.359427,48.840045
2022-1686311,2022-11-21,000001,Vente,490000,21,,RUE POLIVEAU,7576,75005,75105,Paris 5e Arrondissement,75,,,75105000AR0095,,,1138,29.97,,,,,,,,,1,2,Appartement,33,1,,,,,,2.359427,48.840045
2022-1686311,2022-11-21,000001,Vente,490000,21,,RUE POLIVEAU,7576,75005,75105,Paris 5e Arrondissement,75,,,75105000AR0095,,,1058,,1061,,1135,24.73,,,,,3,2,Appartement,27,1,,,,,,2.359427,48.840045
2022-1686333,2022-11-25,000001,Vente,1000000,16,,RUE PESTALOZZI,7301,75005,75105,Paris 5e Arrondissement,75,,,75105000AL0018,,,16,,31,,,,,,,,2,3,Dépendance,,0,,,,,,2.350826,48.841911
2022-1686333,2022-11-25,000001,Vente,1000000,16,,RUE PESTALOZZI,7301,75005,75105,Paris 5e Arrondissement,75,,,75105000AL0018,,,15,,30,,,,,,,,2,3,Dépendance,,0,,,,,,2.350826,48.841911
2022-1686333,2022-11-25,000001,Vente,1000000,16,,RUE PESTALOZZI,7301,75005,75105,Paris 5e Arrondissement,75,,,75105000AL0018,,,14,,29,,,,,,,,2,3,Dépendance,,0,,,,,,2.350826,48.841911
2022-1686333,2022-11-25,000001,Vente,1000000,16,,RUE PESTALOZZI,7301,75005,75105,Paris 5e Arrondissement,75,,,75105000AL0018,,,13,,28,,,,,,,,2,3,Dépendance,,0,,,,,,2.350826,48.841911
2022-1686333,2022-11-25,000001,Vente,1000000,16,,RUE PESTALOZZI,7301,75005,75105,Paris 5e Arrondissement,75,,,75105000AL0018,,,11,,26,,,,,,,,2,3,Dépendance,,0,,,,,,2.350826,48.841911
2022-1686333,2022-11-25,000001,Vente,1000000,16,,RUE PESTALOZZI,7301,75005,75105,Paris 5e Arrondissement,75,,,75105000AL0018,,,22,,7,,,,,,,,2,3,Dépendance,,0,,,,,,2.350826,48.841911
2022-1686333,2022-11-25,000001,Vente,1000000,16,,RUE PESTALOZZI,7301,75005,75105,Paris 5e Arrondissement,75,,,75105000AL0018,,,23,,8,,,,,,,,2,3,Dépendance,,0,,,,,,2.350826,48.841911
2022-1686333,2022-11-25,000001,Vente,1000000,16,,RUE PESTALOZZI,7301,75005,75105,Paris 5e Arrondissement,75,,,75105000AL0018,,,19,,4,,,,,,,,2,3,Dépendance,,0,,,,,,2.350826,48.841911
2022-1686333,2022-11-25,000001,Vente,1000000,16,,RUE PESTALOZZI,7301,75005,75105,Paris 5e Arrondissement,75,,,75105000AL0018,,,21,,6,,,,,,,,2,3,Dépendance,,0,,,,,,2.350826,48.841911
2022-1686333,2022-11-25,000001,Vente,1000000,16,,RUE PESTALOZZI,7301,75005,75105,Paris 5e Arrondissement,75,,,75105000AL0018,,,10,,25,,,,,,,,2,3,Dépendance,,0,,,,,,2.350826,48.841911
2022-1686333,2022-11-25,000001,Vente,1000000,16,,RUE PESTALOZZI,7301,75005,75105,Paris 5e Arrondissement,75,,,75105000AL0018,,,20,,5,,,,,,,,2,3,Dépendance,,0,,,,,,2.350826,48.841911
2022-1686333,2022-11-25,000001,Vente,1000000,16,,RUE PESTALOZZI,7301,75005,75105,Paris 5e Arrondissement,75,,,75105000AL0018,,,16,,31,,,,,,,,2,2,Appartement,48,2,,,,,,2.350826,48.841911
2022-1686333,2022-11-25,000001,Vente,1000000,16,,RUE PESTALOZZI,7301,75005,75105,Paris 5e Arrondissement,75,,,75105000AL0018,,,15,,30,,,,,,,,2,2,Appartement,38,3,,,,,,2.350826,48.841911
2022-1686333,2022-11-25,000001,Vente,1000000,16,,RUE PESTALOZZI,7301,75005,75105,Paris 5e Arrondissement,75,,,75105000AL0018,,,14,,29,,,,,,,,2,2,Appartement,38,2,,,,,,2.350826,48.841911
2022-1686333,2022-11-25,000001,Vente,1000000,16,,RUE PESTALOZZI,7301,75005,75105,Paris 5e Arrondissement,75,,,75105000AL0018,,,13,,28,,,,,,,,2,2,Appartement,48,3,,,,,,2.350826,48.841911
2022-1686333,2022-11-25,000001,Vente,1000000,16,,RUE PESTALOZZI,7301,75005,75105,Paris 5e Arrondissement,75,,,75105000AL0018,,,12,,27,,,,,,,,2,2,Appartement,54,2,,,,,,2.350826,48.841911
2022-1686333,2022-11-25,000001,Vente,1000000,16,,RUE PESTALOZZI,7301,75005,75105,Paris 5e Arrondissement,75,,,75105000AL0018,,,11,,26,,,,,,,,2,2,Appartement,39,3,,,,,,2.350826,48.841911
2022-1686333,2022-11-25,000001,Vente,1000000,16,,RUE PESTALOZZI,7301,75005,75105,Paris 5e Arrondissement,75,,,75105000AL0018,,,10,,25,,,,,,,,2,2,Appartement,39,3,,,,,,2.350826,48.841911
2022-1686333,2022-11-25,000001,Vente,1000000,16,,RUE PESTALOZZI,7301,75005,75105,Paris 5e Arrondissement,75,,,75105000AL0018,,,24,,9,,,,,,,,2,2,Appartement,39,2,,,,,,2.350826,48.841911
2022-1686333,2022-11-25,000001,Vente,1000000,16,,RUE PESTALOZZI,7301,75005,75105,Paris 5e Arrondissement,75,,,75105000AL0018,,,23,,8,,,,,,,,2,2,Appartement,42,4,,,,,,2.350826,48.841911
2022-1686333,2022-11-25,000001,Vente,1000000,16,,RUE PESTALOZZI,7301,75005,75105,Paris 5e Arrondissement,75,,,75105000AL0018,,,22,,7,,,,,,,,2,2,Appartement,41,2,,,,,,2.350826,48.841911
2022-1686333,2022-11-25,000001,Vente,1000000,16,,RUE PESTALOZZI,7301,75005,75105,Paris 5e Arrondissement,75,,,75105000AL0018,,,1,,17,,18,,,,,,3,4,Local industriel. commercial ou assimilé,25,0,,,,,,2.350826,48.841911
2022-1686333,2022-11-25,000001,Vente,1000000,16,,RUE PESTALOZZI,7301,75005,75105,Paris 5e Arrondissement,75,,,75105000AL0018,,,19,,4,,,,,,,,2,2,Appartement,15,1,,,,,,2.350826,48.841911
2022-1686333,2022-11-25,000001,Vente,1000000,16,,RUE PESTALOZZI,7301,75005,75105,Paris 5e Arrondissement,75,,,75105000AL0018,,,20,,5,,,,,,,,2,2,Appartement,48,3,,,,,,2.350826,48.841911
2022-1686333,2022-11-25,000001,Vente,1000000,16,,RUE PESTALOZZI,7301,75005,75105,Paris 5e Arrondissement,75,,,75105000AL0018,,,21,,6,,,,,,,,2,2,Appartement,48,3,,,,,,2.350826,48.841911
2022-1686376,2022-12-14,000001,Vente,265000,243,,RUE SAINT JACQUES,8648,75005,75105,Paris 5e Arrondissement,75,,,75105000BD0006,,,106,13.14,,,,,,,,,1,2,Appartement,25,1,,,,,,2.341775,48.842862
2022-1686396,2022-11-30,000001,Vente,263500,15,,RUE TOURNEFORT,9376,75005,75105,Paris 5e Arrondissement,75,,,75105000AZ0052,,,4,17.19,,,,,,,,,1,2,Appartement,20,1,,,,,,2.348375,48.843718
2022-1686399,2022-11-29,000001,Vente,483000,12,,RUE BROCA,1313,75005,75105,Paris 5e Arrondissement,75,,,75105000AW0118,,,12,54.24,47,,,,,,,,2,2,Appartement,50,3,,,,,,2.348187,48.838781
2022-1686399,2022-11-29,000001,Vente,483000,12,,RUE BROCA,1313,75005,75105,Paris 5e Arrondissement,75,,,75105000AW0118,,,12,54.24,47,,,,,,,,2,3,Dépendance,,0,,,,,,2.348187,48.838781
2022-1686421,2022-11-18,000001,Vente,260000,28,,RUE DAUBENTON,2580,75005,75105,Paris 5e Arrondissement,75,,,75105000AL0090,,,49,,52,,7,28.35,,,,,3,2,Appartement,28,2,,,,,,2.35305,48.841406
2022-1686440,2022-11-29,000001,Vente,216500,26,,RUE DES LYONNAIS,5868,75005,75105,Paris 5e Arrondissement,75,,,75105000AW0121,,,123,17.21,,,,,,,,,1,2,Appartement,18,1,,,,,,2.346381,48.838717
2022-1686448,2022-12-12,000001,Vente,49000,253,,RUE SAINT JACQUES,8648,75005,75105,Paris 5e Arrondissement,75,,,75105000BD0024,,,413,,,,,,,,,,1,3,Dépendance,,0,,,,,,2.341764,48.842168
2022-1686458,2022-12-07,000001,Vente,227000,14,B,RUE DE L ARBALETE,0405,75005,75105,Paris 5e Arrondissement,75,,,75105000AX0057,,,101,25.33,,,,,,,,,1,3,Dépendance,,0,,,,,,2.348358,48.840336
2022-1686458,2022-12-07,000001,Vente,227000,14,B,RUE DE L ARBALETE,0405,75005,75105,Paris 5e Arrondissement,75,,,75105000AX0057,,,101,25.33,,,,,,,,,1,3,Dépendance,,0,,,,,,2.348358,48.840336
2022-1686543,2022-12-06,000001,Vente,275000,40,,RUE DU FER A MOULIN,3573,75005,75105,Paris 5e Arrondissement,75,,,75105000AU0046,,,37,33.05,,,,,,,,,1,4,Local industriel. commercial ou assimilé,30,0,,,,,,2.352405,48.83893
2022-1686544,2022-12-08,000001,Vente,490150,25,,RUE JUSSIEU,5130,75005,75105,Paris 5e Arrondissement,75,,,75105000AH0012,,,47,42.2,,,,,,,,,1,2,Appartement,40,2,,,,,,2.353959,48.846467
2022-1686546,2022-12-15,000001,Vente,81025960,91,,BD SAINT MICHEL,8705,75005,75105,Paris 5e Arrondissement,75,,,75105000BH0013,,201,,,,,,,,,,,0,,,,,,,,,,2.340243,48.844824
2022-1686548,2022-12-16,000001,Vente,130000,1,,AV DES GOBELINS,4209,75005,75105,Paris 5e Arrondissement,75,,,75105000AU0048,,,20,,,,,,,,,,1,2,Appartement,11,1,,,,,,2.351016,48.838688
2022-1686574,2022-11-30,000001,Vente,414700,243,,RUE SAINT JACQUES,8648,75005,75105,Paris 5e Arrondissement,75,,,75105000BD0006,,,33,29.53,34,,35,,,,,,3,2,Appartement,32,2,,,,,,2.341775,48.842862
2022-1686579,2022-12-13,000001,Vente,412000,6,,RUE EDOUARD QUENU,3154,75005,75105,Paris 5e Arrondissement,75,,,75105000AX0076,,,14,,4,,,,,,,,2,3,Dépendance,,0,,,,,,2.349304,48.83921
2022-1686579,2022-12-13,000001,Vente,412000,6,,RUE EDOUARD QUENU,3154,75005,75105,Paris 5e Arrondissement,75,,,75105000AX0076,,,14,,4,,,,,,,,2,2,Appartement,38,2,,,,,,2.349304,48.83921
2022-1686609,2022-11-22,000001,Vente,5000,3,,RUE DE L ESTRAPADE,3377,75005,75105,Paris 5e Arrondissement,75,,,75105000AZ0022,,,221,,,,,,,,,,1,2,Appartement,61,2,,,,,,2.347743,48.844285
2022-1686614,2022-11-22,000002,Vente,5000,3,,RUE DE L ESTRAPADE,3377,75005,75105,Paris 5e Arrondissement,75,,,75105000AZ0022,,,217,,,,,,,,,,1,3,Dépendance,,0,,,,,,2.347743,48.844285
2022-1686614,2022-11-22,000002,Vente,5000,3,,RUE DE L ESTRAPADE,3377,75005,75105,Paris 5e Arrondissement,75,,,75105000AZ0022,,,217,,,,,,,,,,1,2,Appartement,85,5,,,,,,2.347743,48.844285
2022-1686627,2022-11-22,000001,Vente,98200,139,,BD SAINT MICHEL,8705,75005,75105,Paris 5e Arrondissement,75,,,75105000BF0014,,,10,8,,,,,,,,,1,2,Appartement,9,1,,,,,,2.338051,48.841444
2022-1686638,2022-12-01,000001,Vente,381500,85,,RUE MONGE,6432,75005,75105,Paris 5e Arrondissement,75,,,75105000AL0077,,,15,,,,,,,,,,1,2,Appartement,37,2,,,,,,2.352216,48.842031
2022-1686638,2022-12-01,000001,Vente,381500,85,,RUE MONGE,6432,75005,75105,Paris 5e Arrondissement,75,,,75105000AL0077,,,15,,,,,,,,,,1,3,Dépendance,,0,,,,,,2.352216,48.842031
2022-1686648,2022-12-15,000001,Vente,35000,26,,RUE DAUBENTON,2580,75005,75105,Paris 5e Arrondissement,75,,,75105000AL0091,,,97,,,,,,,,,,1,3,Dépendance,,0,,,,,,2.353248,48.841523
2022-1686660,2022-12-07,000001,Vente,560000,41,,RUE LACEPEDE,5220,75005,75105,Paris 5e Arrondissement,75,,,75105000AK0115,,,12,,60,43.27,,,,,,,2,2,Appartement,42,2,,,,,,2.350864,48.843857
2022-1686660,2022-12-07,000001,Vente,560000,41,,RUE LACEPEDE,5220,75005,75105,Paris 5e Arrondissement,75,,,75105000AK0115,,,12,,60,43.27,,,,,,,2,3,Dépendance,,0,,,,,,2.350864,48.843857
2022-1686693,2022-12-12,000001,Vente,680000,3,,RUE DOLOMIEU,2884,75005,75105,Paris 5e Arrondissement,75,,,75105000AK0047,,,4,,,,,,,,,,1,2,Appartement,55,3,,,,,,2.352351,48.842577
2022-1686693,2022-12-12,000001,Vente,680000,3,,RUE DOLOMIEU,2884,75005,75105,Paris 5e Arrondissement,75,,,75105000AK0047,,,4,,,,,,,,,,1,3,Dépendance,,0,,,,,,2.352351,48.842577
2022-1686721,2022-12-05,000001,Vente,500000,21,,RUE JEAN DE BEAUVAIS,4877,75005,75105,Paris 5e Arrondissement,75,,,75105000BM0039,,,8,36.07,,,,,,,,,1,2,Appartement,37,2,,,,,,2.346693,48.848923
2022-1686757,2022-12-15,000001,Vente,395000,25,,RUE CLAUDE BERNARD,2069,75005,75105,Paris 5e Arrondissement,75,,,75105000AW0044,,,14,28.86,,,,,,,,,1,3,Dépendance,,0,,,,,,2.348063,48.839233
2022-1686757,2022-12-15,000001,Vente,395000,25,,RUE CLAUDE BERNARD,2069,75005,75105,Paris 5e Arrondissement,75,,,75105000AW0044,,,14,28.86,,,,,,,,,1,2,Appartement,32,2,,,,,,2.348063,48.839233
2022-1686798,2022-12-06,000001,Vente,550000,113,,BD SAINT MICHEL,8705,75005,75105,Paris 5e Arrondissement,75,,,75105000BG0074,,,101,37.6,125,,,,,,,,2,4,Local industriel. commercial ou assimilé,50,0,,,,,,2.339024,48.843287
2022-1686823,2022-12-09,000001,Vente,180000,7,,RUE XAVIER PRIVAS,9975,75005,75105,Paris 5e Arrondissement,75,,,75105000BP0053,,,12,,,,,,,,,,1,2,Appartement,11,1,,,,,,2.345585,48.852774
2022-1686826,2022-11-30,000001,Vente,70000,3,,PL PAUL PAINLEVE,7174,75005,75105,Paris 5e Arrondissement,75,,,75105000BO0088,,,13,,,,,,,,,,1,3,Dépendance,,0,,,,,,2.344735,48.849978
2022-1686839,2022-12-08,000001,Vente,410000,7,,RUE SOUFFLOT,9041,75005,75105,Paris 5e Arrondissement,75,,,75105000BJ0050,,,5,34.1,,,,,,,,,1,2,Appartement,32,2,,,,,,2.343496,48.846566
2022-1686861,2022-12-16,000001,Vente,950000,19,,RUE DES FOSSES ST JACQUES,3749,75005,75105,Paris 5e Arrondissement,75,,,75105000BK0035,,,20,68.64,21,,62,,64,,,,4,2,Appartement,69,3,,,,,,2.345046,48.84552
2022-1686861,2022-12-16,000001,Vente,950000,19,,RUE DES FOSSES ST JACQUES,3749,75005,75105,Paris 5e Arrondissement,75,,,75105000BK0035,,,20,68.64,21,,62,,64,,,,4,3,Dépendance,,0,,,,,,2.345046,48.84552
2022-1686864,2022-12-19,000001,Vente,550000,11,,RUE MONGE,6432,75005,75105,Paris 5e Arrondissement,75,,,75105000AC0072,,,23,38.02,,,,,,,,,1,2,Appartement,31,2,,,,,,2.350469,48.848389
2022-1686888,2022-12-15,000001,Vente,390000,31,,RUE TOURNEFORT,9376,75005,75105,Paris 5e Arrondissement,75,,,75105000AY0033,,,143,,50,26.6,,,,,,,2,2,Appartement,28,2,,,,,,2.348414,48.842672
2022-1686888,2022-12-15,000001,Vente,390000,31,,RUE TOURNEFORT,9376,75005,75105,Paris 5e Arrondissement,75,,,75105000AY0033,,,143,,50,26.6,,,,,,,2,3,Dépendance,,0,,,,,,2.348414,48.842672
2022-1686894,2022-12-16,000001,Vente,139000,13,,RUE ROLLIN,8329,75005,75105,Paris 5e Arrondissement,75,,,75105000AJ0135,,,151,9.02,,,,,,,,,1,2,Appartement,18,1,,,,,,2.351009,48.84447
2022-1686903,2022-11-29,000001,Vente,1250000,90,,RUE CLAUDE BERNARD,2069,75005,75105,Paris 5e Arrondissement,75,,,75105000BD0050,,,31,,8,,,,,,,,2,3,Dépendance,,0,,,,,,2.343937,48.841332
2022-1686903,2022-11-29,000001,Vente,1250000,90,,RUE CLAUDE BERNARD,2069,75005,75105,Paris 5e Arrondissement,75,,,75105000BD0050,,,31,,8,,,,,,,,2,2,Appartement,97,4,,,,,,2.343937,48.841332
2022-1686907,2022-12-20,000001,Vente,280000,39,,RUE BUFFON,1371,75005,75105,Paris 5e Arrondissement,75,,,75105000AQ0002,,,108,22.26,,,,,,,,,1,2,Appartement,22,1,,,,,,2.359835,48.841775
2022-1686926,2022-12-09,000001,Vente,682692,24,,RUE DU FER A MOULIN,3573,75005,75105,Paris 5e Arrondissement,75,,,75105000AU0040,,,300,63.59,306,63.59,,,,,,,2,2,Appartement,72,2,,,,,,2.353506,48.839199
2022-1686926,2022-12-09,000001,Vente,682692,24,,RUE DU FER A MOULIN,3573,75005,75105,Paris 5e Arrondissement,75,,,75105000AU0040,,,300,63.59,306,63.59,,,,,,,2,3,Dépendance,,0,,,,,,2.353506,48.839199
2022-1686933,2022-09-05,000001,Vente,1312653.9,68,,BD SAINT GERMAIN,8619,75005,75105,Paris 5e Arrondissement,75,,,75105000BQ0097,,,29,,8,,,,,,,,2,2,Appartement,80,5,,,,,,2.347629,48.850534
2022-1686933,2022-09-05,000001,Vente,1312653.9,68,,BD SAINT GERMAIN,8619,75005,75105,Paris 5e Arrondissement,75,,,75105000BQ0097,,,29,,8,,,,,,,,2,3,Dépendance,,0,,,,,,2.347629,48.850534
2022-1686941,2022-12-16,000001,Vente,305000,19,,RUE DES FEUILLANTINES,3630,75005,75105,Paris 5e Arrondissement,75,,,75105000BD0072,,,47,22.18,,,,,,,,,1,2,Appartement,20,1,,,,,,2.341572,48.841777
2022-1686955,2022-12-16,000001,Vente,35000,282,,RUE SAINT JACQUES,8648,75005,75105,Paris 5e Arrondissement,75,,,75105000BG0050,,,37,,,,,,,,,,1,3,Dépendance,,0,,,,,,2.340889,48.841655
2022-1686987,2022-12-19,000001,Vente,380000,35,,RUE CLAUDE BERNARD,2069,75005,75105,Paris 5e Arrondissement,75,,,75105000AW0039,,,24,32.69,40,,,,,,,,2,3,Dépendance,,0,,,,,,2.347251,48.839558
2022-1686987,2022-12-19,000001,Vente,380000,35,,RUE CLAUDE BERNARD,2069,75005,75105,Paris 5e Arrondissement,75,,,75105000AW0039,,,24,32.69,40,,,,,,,,2,2,Appartement,30,2,,,,,,2.347251,48.839558
2022-1686995,2022-12-20,000001,Vente,470750,21,,RUE ROLLIN,8329,75005,75105,Paris 5e Arrondissement,75,,,75105000AJ0143,,,10,,,,,,,,,,1,3,Dépendance,,0,,,,,,2.349996,48.844627
2022-1686995,2022-12-20,000001,Vente,470750,21,,RUE ROLLIN,8329,75005,75105,Paris 5e Arrondissement,75,,,75105000AJ0143,,,9,35.48,,,,,,,,,1,3,Dépendance,,0,,,,,,2.349996,48.844627
2022-1687043,2022-12-19,000001,Vente,30000,69,,RUE CLAUDE BERNARD,2069,75005,75105,Paris 5e Arrondissement,75,,,75105000BD0051,,,142,,,,,,,,,,1,3,Dépendance,,0,,,,,,2.343855,48.840808
2022-1687052,2022-12-07,000001,Vente,450245,31,,RUE JUSSIEU,5130,75005,75105,Paris 5e Arrondissement,75,,,75105000AH0010,,,18,41.7,65,,,,,,,,2,2,Appartement,32,2,,,,,,2.35353,48.846748
2022-1687052,2022-12-07,000001,Vente,450245,31,,RUE JUSSIEU,5130,75005,75105,Paris 5e Arrondissement,75,,,75105000AH0010,,,18,41.7,65,,,,,,,,2,3,Dépendance,,0,,,,,,2.35353,48.846748
2022-1687070,2022-12-22,000001,Vente,1575000,46,,RUE DE LA CLEF,2094,75005,75105,Paris 5e Arrondissement,75,,,75105000AK0061,,,5,,,,,,,,,,1,3,Dépendance,,0,,,,,,2.353006,48.842674
2022-1687070,2022-12-22,000001,Vente,1575000,46,,RUE DE LA CLEF,2094,75005,75105,Paris 5e Arrondissement,75,,,75105000AK0061,,,5,,,,,,,,,,1,2,Appartement,119,5,,,,,,2.353006,48.842674
2022-1687091,2022-12-22,000001,Vente,345750,136,,RUE MOUFFETARD,6581,75005,75105,Paris 5e Arrondissement,75,,,75105000AX0070,,,256,,,,,,,,,,1,2,Appartement,41,2,,,,,,2.34948,48.839635
2022-1687091,2022-12-22,000001,Vente,345750,136,,RUE MOUFFETARD,6581,75005,75105,Paris 5e Arrondissement,75,,,75105000AX0070,,,255,,,,,,,,,,1,2,Appartement,50,3,,,,,,2.34948,48.839635
2022-1687123,2022-12-14,000001,Vente,23000,34,,BD DE L HOPITAL,4649,75005,75105,Paris 5e Arrondissement,75,,,75105000AQ0041,,,208,,,,,,,,,,1,3,Dépendance,,0,,,,,,2.361722,48.840699
2022-1687150,2022-12-19,000001,Vente,490000,4,,RUE D ARRAS,0467,75005,75105,Paris 5e Arrondissement,75,,,75105000AI0024,,,9,39.72,,,,,,,,,1,3,Dépendance,,0,,,,,,2.351541,48.847553
2022-1687150,2022-12-19,000001,Vente,490000,4,,RUE D ARRAS,0467,75005,75105,Paris 5e Arrondissement,75,,,75105000AI0024,,,9,39.72,,,,,,,,,1,2,Appartement,47,3,,,,,,2.351541,48.847553
2022-1687167,2022-12-20,000001,Vente,2250000,2,,RUE PIERRE ET MARIE CURIE,7424,75005,75105,Paris 5e Arrondissement,75,,,75105000BI0079,,,14,,,,,,,,,,1,3,Dépendance,,0,,,,,,2.345034,48.84456
2022-1687167,2022-12-20,000001,Vente,2250000,2,,RUE PIERRE ET MARIE CURIE,7424,75005,75105,Paris 5e Arrondissement,75,,,75105000BI0079,,,14,,,,,,,,,,1,2,Appartement,154,6,,,,,,2.345034,48.84456
2022-1687167,2022-12-20,000001,Vente,2250000,2,,RUE PIERRE ET MARIE CURIE,7424,75005,75105,Paris 5e Arrondissement,75,,,75105000BI0079,,,14,,,,,,,,,,1,3,Dépendance,,0,,,,,,2.345034,48.84456
2022-1687200,2022-12-02,000001,Vente,325000,23,,RUE DE LA COLLEGIALE,2187,75005,75105,Paris 5e Arrondissement,75,,,75105000AV0009,,,23,30.17,57,,,,,,,,2,3,Dépendance,,0,,,,,,2.35154,48.838296
2022-1687200,2022-12-02,000001,Vente,325000,23,,RUE DE LA COLLEGIALE,2187,75005,75105,Paris 5e Arrondissement,75,,,75105000AV0009,,,23,30.17,57,,,,,,,,2,2,Appartement,29,2,,,,,,2.35154,48.838296
2022-1687265,2022-12-20,000001,Vente,1150000,7,,AV DES GOBELINS,4209,75005,75105,Paris 5e Arrondissement,75,,,75105000AV0010,,,10,,,,,,,,,,1,2,Appartement,102,5,,,,,,2.351345,48.838254
2022-1687265,2022-12-20,000001,Vente,1150000,7,,AV DES GOBELINS,4209,75005,75105,Paris 5e Arrondissement,75,,,75105000AV0010,,,10,,,,,,,,,,1,3,Dépendance,,0,,,,,,2.351345,48.838254
2022-1687286,2022-12-21,000001,Vente,1200000,36,,RUE GAY-LUSSAC,3998,75005,75105,Paris 5e Arrondissement,75,,,75105000BH0031,,,11,,31,,,,,,,,2,2,Appartement,127,5,,,,,,2.341695,48.844333
2022-1687286,2022-12-21,000001,Vente,1200000,36,,RUE GAY-LUSSAC,3998,75005,75105,Paris 5e Arrondissement,75,,,75105000BH0031,,,21,,,,,,,,,,1,3,Dépendance,,0,,,,,,2.341695,48.844333
2022-1687286,2022-12-21,000001,Vente,1200000,36,,RUE GAY-LUSSAC,3998,75005,75105,Paris 5e Arrondissement,75,,,75105000BH0031,,,11,,31,,,,,,,,2,3,Dépendance,,0,,,,,,2.341695,48.844333
2022-1687288,2022-12-21,000001,Vente,30000,5,,RUE DE LA MONTGN STE GENEVIEVE,6448,75005,75105,Paris 5e Arrondissement,75,,,75105000AC0094,,,28,,,,,,,,,,1,2,Appartement,60,2,,,,,,2.34906,48.849231
2022-1687348,2022-12-14,000001,Vente,220000,34,,RUE DU FER A MOULIN,3573,75005,75105,Paris 5e Arrondissement,75,,,75105000AU0043,,,309,,,,,,,,,,1,2,Appartement,18,1,,,,,,2.352864,48.839309
2022-1687350,2022-12-21,000001,Vente,651867,66,,RUE DU CARDINAL LEMOINE,1545,75005,75105,Paris 5e Arrondissement,75,,,75105000AJ0016,,,25,,5,,,,,,,,2,3,Dépendance,,0,,,,,,2.349815,48.845491
2022-1687350,2022-12-21,000001,Vente,651867,66,,RUE DU CARDINAL LEMOINE,1545,75005,75105,Paris 5e Arrondissement,75,,,75105000AJ0016,,,25,,5,,,,,,,,2,2,Appartement,55,3,,,,,,2.349815,48.845491
2022-1687391,2022-12-19,000001,Vente,1020000,4,A,RUE D ULM,9517,75005,75105,Paris 5e Arrondissement,75,,,75105000BK0041,,,2,,,,,,,,,,1,3,Dépendance,,0,,,,,,2.345284,48.845424
2022-1687391,2022-12-19,000001,Vente,1020000,4,A,RUE D ULM,9517,75005,75105,Paris 5e Arrondissement,75,,,75105000BK0041,,,16,,,,,,,,,,1,2,Appartement,67,3,,,,,,2.345284,48.845424
2022-1687398,2022-12-22,000001,Vente,350000,13,,RUE POLIVEAU,7576,75005,75105,Paris 5e Arrondissement,75,,,75105000AR0028,,,40,29.41,,,,,,,,,1,3,Dépendance,,0,,,,,,2.3603,48.840064
2022-1687398,2022-12-22,000001,Vente,350000,13,,RUE POLIVEAU,7576,75005,75105,Paris 5e Arrondissement,75,,,75105000AR0028,,,40,29.41,,,,,,,,,1,2,Appartement,30,2,,,,,,2.3603,48.840064
2022-1687403,2022-11-30,000001,Vente,300000,2,,RUE DES LYONNAIS,5868,75005,75105,Paris 5e Arrondissement,75,,,75105000AW0030,,,122,25.67,,,,,,,,,1,3,Dépendance,,0,,,,,,2.347476,48.83807
2022-1687403,2022-11-30,000001,Vente,300000,2,,RUE DES LYONNAIS,5868,75005,75105,Paris 5e Arrondissement,75,,,75105000AW0030,,,122,25.67,,,,,,,,,1,2,Appartement,28,1,,,,,,2.347476,48.83807
2022-1687405,2022-12-23,000001,Vente,125000,49,,BD SAINT GERMAIN,8619,75005,75105,Paris 5e Arrondissement,75,,,75105000BO0028,,,20,7.21,,,,,,,,,1,3,Dépendance,,0,,,,,,2.347738,48.85002
2022-1687406,2022-12-19,000001,Vente,370000,107,,RUE MOUFFETARD,6581,75005,75105,Paris 5e Arrondissement,75,,,75105000AL0051,,,85,30.85,,,,,,,,,1,2,Appartement,26,2,,,,,,2.350105,48.840734
2022-1687417,2022-12-09,000001,Vente,365750,3,,RUE DE QUATREFAGES,7911,75005,75105,Paris 5e Arrondissement,75,,,75105000AK0094,,,19,31.51,,,,,,,,,1,2,Appartement,31,2,,,,,,2.354127,48.842897
2022-1687423,2022-12-21,000001,Vente,510000,3,,RUE DE L ECOLE POLYTECHNIQUE,3095,75005,75105,Paris 5e Arrondissement,75,,,75105000BL0047,,,23,,8,38.35,,,,,,,2,2,Appartement,40,2,,,,,,2.347919,48.847445
2022-1687441,2022-12-21,000001,Vente,42000,14,B,BD DE L HOPITAL,4649,75005,75105,Paris 5e Arrondissement,75,,,75105000AQ0027,,,950,,,,,,,,,,1,3,Dépendance,,0,,,,,,2.362951,48.84247
2022-1687444,2022-12-20,000001,Vente,1180000,29,,RUE JUSSIEU,5130,75005,75105,Paris 5e Arrondissement,75,,,75105000AH0045,,,49,,66,,,,,,,,2,3,Dépendance,,0,,,,,,2.353588,48.846605
2022-1687444,2022-12-20,000001,Vente,1180000,29,,RUE JUSSIEU,5130,75005,75105,Paris 5e Arrondissement,75,,,75105000AH0045,,,49,,66,,,,,,,,2,2,Appartement,80,3,,,,,,2.353588,48.846605
2022-1687444,2022-12-20,000001,Vente,1180000,29,,RUE JUSSIEU,5130,75005,75105,Paris 5e Arrondissement,75,,,75105000AH0045,,,18,,,,,,,,,,1,3,Dépendance,,0,,,,,,2.353588,48.846605
2022-1687449,2022-12-15,000001,Vente,330000,7,,RUE DE VALENCE,9546,75005,75105,Paris 5e Arrondissement,75,,,75105000AV0060,,,36,21.2,,,,,,,,,1,2,Appartement,21,1,,,,,,2.349992,48.837804
2022-1687469,2022-12-20,000001,Vente,695000,33,,RUE DE LA CLEF,2094,75005,75105,Paris 5e Arrondissement,75,,,75105000AL0079,,,200,,201,,31,,,,,,3,2,Appartement,58,2,,,,,,2.352537,48.841958
2022-1687474,2022-12-29,000001,Vente,315000,5,,RUE DAUBENTON,2580,75005,75105,Paris 5e Arrondissement,75,,,75105000AT0024,,,38,,,,,,,,,,1,2,Appartement,44,3,,,,,,2.355359,48.841338
2022-1687490,2022-12-14,000001,Vente,378000,7,,RUE LARREY,5362,75005,75105,Paris 5e Arrondissement,75,,,75105000AL0125,,,13,35.13,,,,,,,,,1,2,Appartement,36,2,,,,,,2.353305,48.841809
2022-1687490,2022-12-14,000001,Vente,378000,7,,RUE LARREY,5362,75005,75105,Paris 5e Arrondissement,75,,,75105000AL0125,,,13,35.13,,,,,,,,,1,3,Dépendance,,0,,,,,,2.353305,48.841809
2022-1687497,2022-12-16,000001,Vente,40000,16,,RUE PIERRE NICOLE,7467,75005,75105,Paris 5e Arrondissement,75,,,75105000BG0033,,,103,,,,,,,,,,1,3,Dépendance,,0,,,,,,2.33974,48.841464
2022-1687498,2022-12-29,000001,Vente,1178000,90,,RUE CLAUDE BERNARD,2069,75005,75105,Paris 5e Arrondissement,75,,,75105000BD0050,,,34,,7,,,,,,,,2,2,Appartement,86,4,,,,,,2.343937,48.841332
2022-1687498,2022-12-29,000001,Vente,1178000,90,,RUE CLAUDE BERNARD,2069,75005,75105,Paris 5e Arrondissement,75,,,75105000BD0050,,,34,,7,,,,,,,,2,3,Dépendance,,0,,,,,,2.343937,48.841332
2022-1687524,2022-12-23,000001,Vente,500000,103,,RUE MOUFFETARD,6581,75005,75105,Paris 5e Arrondissement,75,,,75105000AL0049,,,1,,,,,,,,,,1,4,Local industriel. commercial ou assimilé,60,0,,,,,,2.349908,48.840951
2022-1687534,2022-11-30,000001,Vente,2000000,3,,RUE DU PETIT PONT,7344,75005,75105,Paris 5e Arrondissement,75,,,75105000BQ0038,,,18,,3,,48,,,,,,3,4,Local industriel. commercial ou assimilé,140,0,,,,,,2.346871,48.85257
2022-1687558,2022-12-22,000001,Vente,242000,13,,AV DES GOBELINS,4209,75005,75105,Paris 5e Arrondissement,75,,,75105000AV0018,,,48,27.51,,,,,,,,,1,2,Appartement,30,2,,,,,,2.351868,48.837755
2022-1687588,2022-12-20,000001,Vente,860000,34,,RUE MONGE,6432,75005,75105,Paris 5e Arrondissement,75,,,75105000AJ0026,,,129,,,,,,,,,,1,4,Local industriel. commercial ou assimilé,39,0,,,,,,2.351289,48.846029
2022-1687605,2022-12-27,000001,Vente,200000,24,,RUE DE L ARBALETE,0405,75005,75105,Paris 5e Arrondissement,75,,,75105000AX0017,,,6,21.29,,,,,,,,,1,2,Appartement,27,1,,,,,,2.347762,48.840171
2022-1687614,2022-12-23,000001,Vente,190000,8,,RUE DES ANGLAIS,0346,75005,75105,Paris 5e Arrondissement,75,,,75105000BQ0123,,,34,19.23,,,,,,,,,1,2,Appartement,18,1,,,,,,2.347556,48.850847
2022-1687664,2022-12-22,000001,Vente,690000,9,,RUE PESTALOZZI,7301,75005,75105,Paris 5e Arrondissement,75,,,75105000AL0025,,,16,37.02,38,,,,,,,,2,3,Dépendance,,0,,,,,,2.351206,48.841906
2022-1687664,2022-12-22,000001,Vente,690000,9,,RUE PESTALOZZI,7301,75005,75105,Paris 5e Arrondissement,75,,,75105000AL0025,,,17,32.75,36,,,,,,,,2,3,Dépendance,,0,,,,,,2.351206,48.841906
2022-1687664,2022-12-22,000001,Vente,690000,9,,RUE PESTALOZZI,7301,75005,75105,Paris 5e Arrondissement,75,,,75105000AL0025,,,16,37.02,38,,,,,,,,2,2,Appartement,34,2,,,,,,2.351206,48.841906
2022-1687664,2022-12-22,000001,Vente,690000,9,,RUE PESTALOZZI,7301,75005,75105,Paris 5e Arrondissement,75,,,75105000AL0025,,,17,32.75,36,,,,,,,,2,2,Appartement,31,2,,,,,,2.351206,48.841906
2022-1687665,2022-12-29,000001,Vente,420000,5,,RUE DAUBENTON,2580,75005,75105,Paris 5e Arrondissement,75,,,75105000AT0024,,,38,44.85,,,,,,,,,1,2,Appartement,44,3,,,,,,2.355359,48.841338
2022-1687677,2022-12-28,000001,Vente,1365000,8,,RUE DE LA HUCHETTE,4678,75005,75105,Paris 5e Arrondissement,75,,,75105000BP0018,,,1,131.8,12,,2,136,3,136,,,4,4,Local industriel. commercial ou assimilé,101,0,,,,,,2.346258,48.852938
2022-1687686,2022-12-22,000001,Vente,530000,2,,SQ VERMENOUZE,9687,75005,75105,Paris 5e Arrondissement,75,,,75105000AY0103,,,41,,,,,,,,,,1,4,Local industriel. commercial ou assimilé,62,0,,,,,,2.349308,48.840942
2022-1687686,2022-12-22,000001,Vente,530000,2,,SQ VERMENOUZE,9687,75005,75105,Paris 5e Arrondissement,75,,,75105000AY0103,,,4,52.53,,,,,,,,,1,2,Appartement,50,2,,,,,,2.349308,48.840942
2022-1687744,2022-12-14,000001,Vente,878100,10,,RUE TOULLIER,9355,75005,75105,Paris 5e Arrondissement,75,,,75105000BJ0024,,,10,,4,63.73,,,,,,,2,3,Dépendance,,0,,,,,,2.34278,48.847171
2022-1687744,2022-12-14,000001,Vente,878100,10,,RUE TOULLIER,9355,75005,75105,Paris 5e Arrondissement,75,,,75105000BJ0024,,,10,,4,63.73,,,,,,,2,2,Appartement,64,3,,,,,,2.34278,48.847171
2022-1687778,2022-12-09,000001,Vente,380000,7,,RUE LARREY,5362,75005,75105,Paris 5e Arrondissement,75,,,75105000AL0125,,,10,35.96,,,,,,,,,1,3,Dépendance,,0,,,,,,2.353305,48.841809
2022-1687778,2022-12-09,000001,Vente,380000,7,,RUE LARREY,5362,75005,75105,Paris 5e Arrondissement,75,,,75105000AL0125,,,10,35.96,,,,,,,,,1,2,Appartement,51,3,,,,,,2.353305,48.841809
2022-1687785,2022-12-29,000001,Vente,1050000,46,,RUE DE LA MONTGN STE GENEVIEVE,6448,75005,75105,Paris 5e Arrondissement,75,,,75105000BL0025,,,10,82.37,,,,,,,,,1,2,Appartement,90,2,,,,,,2.348239,48.847647
2022-1687797,2022-12-15,000001,Vente,369000,5,,RUE SCIPION,8884,75005,75105,Paris 5e Arrondissement,75,,,75105000AS0015,,,15,35.94,45,,,,,,,,2,3,Dépendance,,0,,,,,,2.353819,48.837976
2022-1687797,2022-12-15,000001,Vente,369000,5,,RUE SCIPION,8884,75005,75105,Paris 5e Arrondissement,75,,,75105000AS0015,,,15,35.94,45,,,,,,,,2,2,Appartement,41,2,,,,,,2.353819,48.837976
2022-1687810,2022-12-16,000001,Vente,480000,14,,RUE DES FOSSES ST JACQUES,3749,75005,75105,Paris 5e Arrondissement,75,,,75105000BI0055,,,103,,,,,,,,,,1,2,Appartement,52,2,,,,,,2.343959,48.845421
2022-1687819,2022-12-23,000001,Vente,465000,44,,RUE PIERRE NICOLE,7467,75005,75105,Paris 5e Arrondissement,75,,,75105000BF0034,,,4,40.99,,,,,,,,,1,3,Dépendance,,0,,,,,,2.338478,48.839689
2022-1687819,2022-12-23,000001,Vente,465000,44,,RUE PIERRE NICOLE,7467,75005,75105,Paris 5e Arrondissement,75,,,75105000BF0034,,,4,40.99,,,,,,,,,1,2,Appartement,42,3,,,,,,2.338478,48.839689
2022-1687834,2022-12-14,000001,Vente,151000,22,,BD DE L HOPITAL,4649,75005,75105,Paris 5e Arrondissement,75,,,75105000AQ0060,,,13,13.2,,,,,,,,,1,2,Appartement,13,1,,,,,,2.362449,48.841631
2022-1687841,2022-12-22,000001,Vente,321000,295,,RUE SAINT JACQUES,8648,75005,75105,Paris 5e Arrondissement,75,,,75105000BE0041,,,430,,,,,,,,,,1,3,Dépendance,,0,,,,,,2.340678,48.839452
2022-1687841,2022-12-22,000001,Vente,321000,295,,RUE SAINT JACQUES,8648,75005,75105,Paris 5e Arrondissement,75,,,75105000BE0041,,,140,,,,,,,,,,1,2,Appartement,26,1,,,,,,2.340678,48.839452
2022-1687848,2022-12-20,000001,Vente,270000,50,,RUE DESCARTES,2724,75005,75105,Paris 5e Arrondissement,75,,,75105000BK0007,,,33,21.63,,,,,,,,,1,2,Appartement,26,1,,,,,,2.348913,48.845179
2022-1687848,2022-12-20,000001,Vente,270000,50,,RUE DESCARTES,2724,75005,75105,Paris 5e Arrondissement,75,,,75105000BK0007,,,33,21.63,,,,,,,,,1,3,Dépendance,,0,,,,,,2.348913,48.845179
2022-1687858,2022-12-19,000001,Vente,300000,69,,RUE BUFFON,1371,75005,75105,Paris 5e Arrondissement,75,,,75105000AM0007,,,6,,,,,,,,,,1,2,Appartement,25,2,,,,,,2.356842,48.841093
2022-1687858,2022-12-19,000001,Vente,300000,69,,RUE BUFFON,1371,75005,75105,Paris 5e Arrondissement,75,,,75105000AM0007,,,6,,,,,,,,,,1,3,Dépendance,,0,,,,,,2.356842,48.841093
2022-1687858,2022-12-19,000001,Vente,300000,69,,RUE BUFFON,1371,75005,75105,Paris 5e Arrondissement,75,,,75105000AM0007,,,6,,,,,,,,,,1,3,Dépendance,,0,,,,,,2.356842,48.841093
2022-1687858,2022-12-19,000001,Vente,300000,69,,RUE BUFFON,1371,75005,75105,Paris 5e Arrondissement,75,,,75105000AM0007,,,6,,,,,,,,,,1,3,Dépendance,,0,,,,,,2.356842,48.841093
2022-1687858,2022-12-19,000001,Vente,300000,69,,RUE BUFFON,1371,75005,75105,Paris 5e Arrondissement,75,,,75105000AM0007,,,6,,,,,,,,,,1,3,Dépendance,,0,,,,,,2.356842,48.841093
2022-1687858,2022-12-19,000001,Vente,300000,69,,RUE BUFFON,1371,75005,75105,Paris 5e Arrondissement,75,,,75105000AM0007,,,6,,,,,,,,,,1,3,Dépendance,,0,,,,,,2.356842,48.841093
2022-1687858,2022-12-19,000001,Vente,300000,69,,RUE BUFFON,1371,75005,75105,Paris 5e Arrondissement,75,,,75105000AM0007,,,6,,,,,,,,,,1,3,Dépendance,,0,,,,,,2.356842,48.841093
2022-1687880,2022-11-29,000001,Vente,182000,51,,RUE GEOFFROY ST HILAIRE,4108,75005,75105,Paris 5e Arrondissement,75,,,75105000AK0109,,,21,17.01,22,17.01,,,,,,,2,2,Appartement,14,2,,,,,,2.35494,48.842842
2022-1687888,2022-12-12,000001,Vente,142500,8,,AV DES GOBELINS,4209,75005,75105,Paris 5e Arrondissement,75,,,75105000AV0062,,,113,,,,,,,,,,1,2,Appartement,9,1,,,,,,2.350497,48.837855
2022-1687890,2022-12-22,000001,Vente,520040,68,,RUE DU CARDINAL LEMOINE,1545,75005,75105,Paris 5e Arrondissement,75,,,75105000AJ0015,,,32,,,,,,,,,,1,2,Appartement,38,2,,,,,,2.349747,48.845389
2022-1687890,2022-12-22,000001,Vente,520040,68,,RUE DU CARDINAL LEMOINE,1545,75005,75105,Paris 5e Arrondissement,75,,,75105000AJ0015,,,32,,,,,,,,,,1,3,Dépendance,,0,,,,,,2.349747,48.845389
2022-1687901,2022-12-27,000001,Vente,42000,2,,RUE LAROMIGUIERE,5360,75005,75105,Paris 5e Arrondissement,75,,,75105000AZ0097,,,240,,,,,,,,,,1,3,Dépendance,,0,,,,,,2.347002,48.844375
2022-1687952,2022-12-28,000001,Vente,40741,29,,RUE POLIVEAU,7576,75005,75105,Paris 5e Arrondissement,75,,,75105000AR0141,,,163,,,,,,,,,,1,3,Dépendance,,0,,,,,,2.358771,48.839808
2022-1687958,2022-12-21,000001,Vente,182500,45,,RUE LINNE,5696,75005,75105,Paris 5e Arrondissement,75,,,75105000AH0016,,,17,12.15,,,,,,,,,1,2,Appartement,13,1,,,,,,2.35411,48.846262
2022-1687963,2022-12-20,000001,Vente,1180000,49,,RUE GEOFFROY ST HILAIRE,4108,75005,75105,Paris 5e Arrondissement,75,,,75105000AK0112,,,8,102.74,,,,,,,,,1,2,Appartement,96,3,,,,,,2.355016,48.842718
2022-1687963,2022-12-20,000001,Vente,1180000,49,,RUE GEOFFROY ST HILAIRE,4108,75005,75105,Paris 5e Arrondissement,75,,,75105000AK0112,,,8,102.74,,,,,,,,,1,3,Dépendance,,0,,,,,,2.355016,48.842718
2022-1687963,2022-12-20,000001,Vente,1180000,49,,RUE GEOFFROY ST HILAIRE,4108,75005,75105,Paris 5e Arrondissement,75,,,75105000AK0112,,,8,102.74,,,,,,,,,1,3,Dépendance,,0,,,,,,2.355016,48.842718
2022-1687995,2022-12-22,000001,Vente,470000,72,,RUE MONGE,6432,75005,75105,Paris 5e Arrondissement,75,,,75105000AK0037,,,47,33.36,48,,,,,,,,2,3,Dépendance,,0,,,,,,2.35194,48.843369
2022-1687995,2022-12-22,000001,Vente,470000,72,,RUE MONGE,6432,75005,75105,Paris 5e Arrondissement,75,,,75105000AK0037,,,47,33.36,48,,,,,,,,2,2,Appartement,37,1,,,,,,2.35194,48.843369
2022-1688035,2022-12-29,000001,Vente,212000,5,,RUE JEAN DE BEAUVAIS,4877,75005,75105,Paris 5e Arrondissement,75,,,75105000BO0025,,,107,11.25,132,,,,,,,,2,3,Dépendance,,0,,,,,,2.347493,48.849899
2022-1688035,2022-12-29,000001,Vente,212000,5,,RUE JEAN DE BEAUVAIS,4877,75005,75105,Paris 5e Arrondissement,75,,,75105000BO0025,,,107,11.25,132,,,,,,,,2,2,Appartement,13,1,,,,,,2.347493,48.849899
2022-1688052,2022-12-16,000001,Vente,328500,83,,BD SAINT MICHEL,8705,75005,75105,Paris 5e Arrondissement,75,,,75105000BH0009,,,47,,48,,57,,,,,,3,2,Appartement,22,2,,,,,,2.340348,48.845423
2022-1688065,2022-12-30,000001,Vente,280000,62,,RUE GAY-LUSSAC,3998,75005,75105,Paris 5e Arrondissement,75,,,75105000BD0030,,,101,,115,,,,,,,,2,4,Local industriel. commercial ou assimilé,25,0,,,,,,2.342833,48.842232
2022-1688097,2022-12-20,000001,Vente,1200000,96,,BD DE PORT-ROYAL,7740,75005,75105,Paris 5e Arrondissement,75,,,75105000BF0028,,,3,192.56,,,,,,,,,1,2,Appartement,35,2,,,,,,2.337874,48.839602
2022-1688097,2022-12-20,000001,Vente,1200000,96,,BD DE PORT-ROYAL,7740,75005,75105,Paris 5e Arrondissement,75,,,75105000BF0028,,,2,192.56,21,,22,,,,,,3,4,Local industriel. commercial ou assimilé,117,0,,,,,,2.337874,48.839602
2022-1688097,2022-12-20,000001,Vente,1200000,96,,BD DE PORT-ROYAL,7740,75005,75105,Paris 5e Arrondissement,75,,,75105000BF0028,,,3,192.56,,,,,,,,,1,3,Dépendance,,0,,,,,,2.337874,48.839602
2022-1688104,2022-12-27,000001,Vente,1677000,8,,BD DE L HOPITAL,4649,75005,75105,Paris 5e Arrondissement,75,,,75105000AQ0023,,,10,,156,,167,,172,,179,,9,3,Dépendance,,0,,,,,,2.36314,48.842696
2022-1688104,2022-12-27,000001,Vente,1677000,8,,BD DE L HOPITAL,4649,75005,75105,Paris 5e Arrondissement,75,,,75105000AQ0023,,,10,,156,,167,,172,,179,,9,3,Dépendance,,0,,,,,,2.36314,48.842696
2022-1688104,2022-12-27,000001,Vente,1677000,8,,BD DE L HOPITAL,4649,75005,75105,Paris 5e Arrondissement,75,,,75105000AQ0023,,,10,,156,,167,,172,,179,,9,2,Appartement,153,7,,,,,,2.36314,48.842696
2022-1688104,2022-12-27,000001,Vente,1677000,8,,BD DE L HOPITAL,4649,75005,75105,Paris 5e Arrondissement,75,,,75105000AQ0023,,,10,,156,,167,,172,,179,,9,3,Dépendance,,0,,,,,,2.36314,48.842696
2022-1688104,2022-12-27,000001,Vente,1677000,8,,BD DE L HOPITAL,4649,75005,75105,Paris 5e Arrondissement,75,,,75105000AQ0023,,,10,,156,,167,,172,,179,,9,3,Dépendance,,0,,,,,,2.36314,48.842696
2022-1688104,2022-12-27,000001,Vente,1677000,14,B,BD DE L HOPITAL,4649,75005,75105,Paris 5e Arrondissement,75,,,75105000AQ0027,,,888,,,,,,,,,,1,3,Dépendance,,0,,,,,,2.362951,48.84247
2022-1688171,2022-12-29,000001,Vente,345000,9,,RUE DE VALENCE,9546,75005,75105,Paris 5e Arrondissement,75,,,75105000AV0059,,,14,,15,,,,,,,,2,2,Appartement,28,2,,,,,,2.349829,48.83767
2022-1688255,2022-12-28,000001,Vente,550000,4,,RUE DE VALENCE,9546,75005,75105,Paris 5e Arrondissement,75,,,75105000AV0079,,,68,,,,,,,,,,1,2,Appartement,35,1,,,,,,2.35021,48.838334
2022-1688256,2022-12-22,000001,Vente,130000,38,,RUE GAY-LUSSAC,3998,75005,75105,Paris 5e Arrondissement,75,,,75105000BC0001,,,211,9.41,,,,,,,,,1,3,Dépendance,,0,,,,,,2.342005,48.843808
2022-1688264,2022-12-02,000001,Vente,421000,111,,RUE MOUFFETARD,6581,75005,75105,Paris 5e Arrondissement,75,,,75105000AL0052,,,29,,,,,,,,,,1,2,Appartement,32,2,,,,,,2.350013,48.840654
2022-1688273,2022-12-01,000001,Vente,1952000,171,,RUE SAINT JACQUES,8648,75005,75105,Paris 5e Arrondissement,75,,,75105000BI0052,,,124,91.13,125,,143,,,,,,3,2,Appartement,87,2,,,,,,2.343333,48.845578
2022-1688273,2022-12-01,000001,Vente,1952000,171,,RUE SAINT JACQUES,8648,75005,75105,Paris 5e Arrondissement,75,,,75105000BI0052,,,116,18,130,,,,,,,,2,4,Local industriel. commercial ou assimilé,18,0,,,,,,2.343333,48.845578
2022-1688273,2022-12-01,000001,Vente,1952000,171,,RUE SAINT JACQUES,8648,75005,75105,Paris 5e Arrondissement,75,,,75105000BI0052,,,124,91.13,125,,143,,,,,,3,3,Dépendance,,0,,,,,,2.343333,48.845578
2022-1688316,2022-12-30,000001,Vente,918000,57,,RUE SAINT JACQUES,8648,75005,75105,Paris 5e Arrondissement,75,,,75105000BO0010,,,41,,,,,,,,,,1,2,Appartement,32,2,,,,,,2.345532,48.850333
2022-1688316,2022-12-30,000001,Vente,918000,57,,RUE SAINT JACQUES,8648,75005,75105,Paris 5e Arrondissement,75,,,75105000BO0010,,,53,80,,,,,,,,,1,2,Appartement,113,5,,,,,,2.345532,48.850333
2022-1688316,2022-12-30,000001,Vente,918000,57,,RUE SAINT JACQUES,8648,75005,75105,Paris 5e Arrondissement,75,,,75105000BO0010,,,41,,,,,,,,,,1,3,Dépendance,,0,,,,,,2.345532,48.850333
2022-1688316,2022-12-30,000001,Vente,918000,57,,RUE SAINT JACQUES,8648,75005,75105,Paris 5e Arrondissement,75,,,75105000BO0010,,,53,80,,,,,,,,,1,3,Dépendance,,0,,,,,,2.345532,48.850333
2022-1688371,2022-12-30,000001,Vente,1220000,30,,RUE SAINT SEVERIN,8760,75005,75105,Paris 5e Arrondissement,75,,,75105000BP0078,,,103,,116,,119,,120,,,,4,2,Appartement,97,3,,,,,,2.345001,48.852644
2022-1688400,2022-10-06,000001,Adjudication,58300,15,,RUE ROYER-COLLARD,8421,75005,75105,Paris 5e Arrondissement,75,,,75105000BH0002,,,30,,,,,,,,,,1,3,Dépendance,,0,,,,,,2.340861,48.845971
